,0,1,2,3,4,5,6,7,8,9,10,11,12,13,14,15,16,17,18,19,20,21,22,23,24,25,26,27,28,29,30,31,32,33,34,35,36,37,38,39,40,41,42,43,44,45,46,47,48,49,50,51,52,53,54,55,56,57,58,59,60,61,62,63,64,65,66,67,68,69,70,71,72,73,74,75,76,77,78,79,80,81,82,83,84,85,86,87,88,89,90,91,92,93,94,95,96,97,98,99,100,101,102,103,104,105,106,107,108,109,110,111,112,113,114,115,116,117,118,119,120
0,32.0,4.0,7.0,0.0,36.0,0.0,48.0,28.0,6.0,105.0,4.0,9.0,5.0,37.0,64.0,0.0,14.0,139.0,66.0,56.0,57.0,14.0,16.0,0.0,0.0,0.0,35.0,11.0,1.0,32.0,0.0,0.0,,,,,,,,,,,,,,,,,,,,,,,,,,,,,,,,,,,,,,,,,,,,,,,,,,,,,,,,,,,,,,,,,,,,,,,,,,,,,,,,,,,,,,,,,
1,2.0,6.0,9.0,24.0,27.0,15.0,61.0,3.0,18.0,106.0,28.0,15.0,26.0,0.0,0.0,0.0,36.0,0.0,0.0,7.0,0.0,299.0,0.0,0.0,0.0,0.0,0.0,186.0,0.0,0.0,0.0,0.0,0.0,0.0,,,,,,,,,,,,,,,,,,,,,,,,,,,,,,,,,,,,,,,,,,,,,,,,,,,,,,,,,,,,,,,,,,,,,,,,,,,,,,,,,,,,,,,
2,42.0,12.0,0.0,8.0,9.0,15.0,7.0,54.0,0.0,25.0,50.0,60.0,0.0,26.0,9.0,0.0,0.0,17.0,25.0,27.0,57.0,28.0,26.0,13.0,3.0,5.0,0.0,0.0,0.0,0.0,0.0,0.0,0.0,40.0,14.0,0.0,0.0,0.0,,,,,,,,,,,,,,,,,,,,,,,,,,,,,,,,,,,,,,,,,,,,,,,,,,,,,,,,,,,,,,,,,,,,,,,,,,,,,,,,,,,
3,17.0,18.0,20.0,28.0,8.0,59.0,76.0,2.0,93.0,0.0,68.0,10.0,102.0,0.0,148.0,2.0,0.0,117.0,24.0,2.0,0.0,12.0,0.0,12.0,42.0,10.0,18.0,149.0,4.0,117.0,105.0,4.0,92.0,,,,,,,,,,,,,,,,,,,,,,,,,,,,,,,,,,,,,,,,,,,,,,,,,,,,,,,,,,,,,,,,,,,,,,,,,,,,,,,,,,,,,,,,
4,13.0,35.0,26.0,19.0,25.0,14.0,4.0,4.0,6.0,11.0,74.0,0.0,11.0,35.0,26.0,26.0,91.0,13.0,22.0,9.0,34.0,27.0,27.0,0.0,85.0,0.0,0.0,47.0,0.0,0.0,0.0,14.0,0.0,42.0,14.0,6.0,0.0,0.0,,,,,,,,,,,,,,,,,,,,,,,,,,,,,,,,,,,,,,,,,,,,,,,,,,,,,,,,,,,,,,,,,,,,,,,,,,,,,,,,,,,
5,25.0,32.0,1.0,18.0,14.0,11.0,31.0,9.0,4.0,59.0,17.0,5.0,1.0,17.0,5.0,0.0,4.0,20.0,3.0,6.0,10.0,6.0,0.0,22.0,24.0,34.0,22.0,70.0,0.0,9.0,0.0,69.0,153.0,12.0,1.0,9.0,0.0,8.0,0.0,24.0,51.0,15.0,37.0,46.0,64.0,0.0,21.0,0.0,24.0,118.0,0.0,0.0,0.0,13.0,0.0,0.0,0.0,1.0,2.0,,,,,,,,,,,,,,,,,,,,,,,,,,,,,,,,,,,,,,,,,,,,,,,,,,,,,,,,,,,,,,
6,20.0,0.0,3.0,9.0,9.0,0.0,12.0,0.0,3.0,0.0,120.0,8.0,78.0,16.0,20.0,0.0,139.0,38.0,31.0,35.0,6.0,42.0,56.0,129.0,65.0,88.0,69.0,137.0,0.0,27.0,7.0,75.0,,,,,,,,,,,,,,,,,,,,,,,,,,,,,,,,,,,,,,,,,,,,,,,,,,,,,,,,,,,,,,,,,,,,,,,,,,,,,,,,,,,,,,,,,
7,9.0,22.0,5.0,0.0,19.0,46.0,0.0,3.0,18.0,93.0,12.0,10.0,118.0,27.0,50.0,8.0,0.0,26.0,6.0,252.0,86.0,0.0,128.0,0.0,1.0,23.0,220.0,164.0,236.0,24.0,27.0,81.0,13.0,258.0,,,,,,,,,,,,,,,,,,,,,,,,,,,,,,,,,,,,,,,,,,,,,,,,,,,,,,,,,,,,,,,,,,,,,,,,,,,,,,,,,,,,,,,
8,14.0,11.0,0.0,19.0,0.0,0.0,1.0,19.0,14.0,34.0,39.0,63.0,12.0,0.0,48.0,79.0,105.0,20.0,0.0,0.0,152.0,197.0,12.0,111.0,34.0,22.0,4.0,98.0,205.0,21.0,0.0,47.0,1400.0,731.0,,,,,,,,,,,,,,,,,,,,,,,,,,,,,,,,,,,,,,,,,,,,,,,,,,,,,,,,,,,,,,,,,,,,,,,,,,,,,,,,,,,,,,,
9,0.0,12.0,5.0,27.0,0.0,12.0,41.0,0.0,40.0,48.0,0.0,7.0,9.0,0.0,108.0,7.0,0.0,0.0,0.0,33.0,26.0,0.0,0.0,0.0,0.0,0.0,,,,,,,,,,,,,,,,,,,,,,,,,,,,,,,,,,,,,,,,,,,,,,,,,,,,,,,,,,,,,,,,,,,,,,,,,,,,,,,,,,,,,,,,,,,,,,,
10,39.0,19.0,14.0,1.0,35.0,30.0,33.0,17.0,0.0,20.0,8.0,9.0,6.0,1.0,1.0,10.0,80.0,11.0,32.0,146.0,0.0,8.0,22.0,0.0,15.0,27.0,1146.0,0.0,213.0,0.0,0.0,0.0,0.0,0.0,42.0,138.0,98.0,4.0,0.0,0.0,,,,,,,,,,,,,,,,,,,,,,,,,,,,,,,,,,,,,,,,,,,,,,,,,,,,,,,,,,,,,,,,,,,,,,,,,,,,,,,,,
11,0.0,20.0,42.0,23.0,20.0,18.0,24.0,46.0,0.0,28.0,81.0,36.0,7.0,60.0,6.0,40.0,31.0,26.0,5.0,25.0,0.0,87.0,37.0,76.0,17.0,35.0,0.0,71.0,45.0,10.0,0.0,0.0,0.0,,,,,,,,,,,,,,,,,,,,,,,,,,,,,,,,,,,,,,,,,,,,,,,,,,,,,,,,,,,,,,,,,,,,,,,,,,,,,,,,,,,,,,,,
12,11.0,18.0,8.0,24.0,14.0,34.0,0.0,9.0,19.0,7.0,44.0,0.0,0.0,32.0,22.0,0.0,0.0,7.0,289.0,207.0,37.0,13.0,93.0,0.0,28.0,11.0,0.0,18.0,,,,,,,,,,,,,,,,,,,,,,,,,,,,,,,,,,,,,,,,,,,,,,,,,,,,,,,,,,,,,,,,,,,,,,,,,,,,,,,,,,,,,,,,,,,,,
13,9.0,17.0,11.0,13.0,22.0,5.0,10.0,7.0,18.0,19.0,10.0,6.0,16.0,4.0,0.0,0.0,39.0,27.0,73.0,0.0,24.0,20.0,5.0,25.0,22.0,26.0,21.0,16.0,19.0,13.0,40.0,31.0,0.0,57.0,22.0,47.0,13.0,15.0,71.0,9.0,0.0,114.0,10.0,8.0,12.0,4.0,35.0,1.0,21.0,0.0,0.0,21.0,0.0,34.0,0.0,0.0,0.0,0.0,49.0,81.0,0.0,171.0,172.0,6.0,0.0,250.0,0.0,11.0,8.0,0.0,0.0,0.0,0.0,0.0,4.0,0.0,0.0,0.0,0.0,21.0,10.0,97.0,6.0,29.0,0.0,7.0,0.0,17.0,0.0,0.0,0.0,0.0,0.0,0.0,0.0,0.0,0.0,,,,,,,,,,,,,,,,,,,,,,,,
14,26.0,9.0,5.0,19.0,10.0,16.0,13.0,15.0,14.0,94.0,90.0,2.0,12.0,88.0,15.0,0.0,0.0,0.0,13.0,33.0,48.0,63.0,131.0,0.0,10.0,10.0,21.0,11.0,0.0,0.0,0.0,33.0,0.0,0.0,33.0,0.0,11.0,0.0,0.0,0.0,,,,,,,,,,,,,,,,,,,,,,,,,,,,,,,,,,,,,,,,,,,,,,,,,,,,,,,,,,,,,,,,,,,,,,,,,,,,,,,,,
15,17.0,30.0,10.0,1.0,14.0,25.0,0.0,19.0,13.0,28.0,0.0,13.0,20.0,87.0,0.0,11.0,6.0,0.0,10.0,4.0,8.0,9.0,3.0,0.0,7.0,16.0,19.0,10.0,0.0,0.0,0.0,0.0,0.0,0.0,0.0,0.0,0.0,0.0,0.0,0.0,0.0,0.0,0.0,0.0,11.0,9.0,3.0,0.0,0.0,,,,,,,,,,,,,,,,,,,,,,,,,,,,,,,,,,,,,,,,,,,,,,,,,,,,,,,,,,,,,,,,,,,,,,,,
16,0.0,0.0,17.0,14.0,23.0,0.0,66.0,19.0,19.0,91.0,25.0,14.0,6.0,0.0,1.0,4.0,0.0,13.0,0.0,0.0,20.0,13.0,9.0,9.0,0.0,28.0,18.0,5.0,12.0,7.0,81.0,0.0,0.0,0.0,0.0,0.0,0.0,12.0,0.0,0.0,0.0,0.0,0.0,3.0,2.0,0.0,8.0,20.0,1.0,0.0,0.0,76.0,75.0,0.0,0.0,2.0,12.0,0.0,0.0,0.0,0.0,0.0,0.0,0.0,,,,,,,,,,,,,,,,,,,,,,,,,,,,,,,,,,,,,,,,,,,,,,,,,,,,,,,,,
17,7.0,8.0,10.0,23.0,13.0,0.0,12.0,10.0,10.0,30.0,19.0,12.0,16.0,0.0,6.0,46.0,18.0,10.0,12.0,42.0,38.0,44.0,0.0,50.0,4.0,25.0,11.0,8.0,24.0,101.0,0.0,0.0,14.0,71.0,1.0,77.0,0.0,16.0,16.0,0.0,0.0,11.0,9.0,125.0,62.0,38.0,0.0,0.0,0.0,4.0,0.0,13.0,6.0,19.0,13.0,7.0,6.0,7.0,2.0,13.0,0.0,0.0,0.0,,,,,,,,,,,,,,,,,,,,,,,,,,,,,,,,,,,,,,,,,,,,,,,,,,,,,,,,,,
18,22.0,27.0,27.0,16.0,2.0,23.0,23.0,0.0,68.0,86.0,2.0,11.0,4.0,32.0,22.0,0.0,0.0,0.0,0.0,0.0,104.0,239.0,0.0,62.0,53.0,41.0,134.0,203.0,67.0,0.0,62.0,5.0,544.0,38.0,0.0,17.0,232.0,101.0,93.0,,,,,,,,,,,,,,,,,,,,,,,,,,,,,,,,,,,,,,,,,,,,,,,,,,,,,,,,,,,,,,,,,,,,,,,,,,,,,,,,,,
19,40.0,49.0,50.0,24.0,5.0,20.0,18.0,1.0,6.0,12.0,35.0,7.0,3.0,5.0,40.0,15.0,56.0,12.0,64.0,40.0,0.0,29.0,41.0,12.0,8.0,45.0,45.0,25.0,2.0,0.0,64.0,12.0,0.0,0.0,194.0,202.0,0.0,109.0,47.0,0.0,16.0,16.0,0.0,5.0,116.0,0.0,0.0,211.0,0.0,204.0,0.0,,,,,,,,,,,,,,,,,,,,,,,,,,,,,,,,,,,,,,,,,,,,,,,,,,,,,,,,,,,,,,,,,,,,,,
20,25.0,32.0,1.0,16.0,11.0,9.0,1.0,3.0,2.0,14.0,42.0,14.0,8.0,0.0,0.0,0.0,20.0,17.0,0.0,32.0,4.0,0.0,47.0,0.0,106.0,65.0,9.0,86.0,11.0,16.0,0.0,25.0,55.0,0.0,11.0,0.0,0.0,0.0,0.0,28.0,54.0,0.0,27.0,0.0,14.0,20.0,58.0,0.0,0.0,0.0,0.0,,,,,,,,,,,,,,,,,,,,,,,,,,,,,,,,,,,,,,,,,,,,,,,,,,,,,,,,,,,,,,,,,,,,,,
21,15.0,3.0,0.0,6.0,34.0,5.0,10.0,2.0,9.0,11.0,51.0,0.0,7.0,18.0,11.0,49.0,18.0,1.0,43.0,42.0,0.0,242.0,0.0,32.0,20.0,0.0,0.0,0.0,0.0,244.0,39.0,46.0,0.0,0.0,0.0,19.0,0.0,143.0,0.0,129.0,23.0,0.0,2.0,57.0,169.0,0.0,,,,,,,,,,,,,,,,,,,,,,,,,,,,,,,,,,,,,,,,,,,,,,,,,,,,,,,,,,,,,,,,,,,,,,,,,,,
22,17.0,8.0,22.0,4.0,1.0,23.0,56.0,10.0,14.0,6.0,5.0,9.0,14.0,5.0,11.0,29.0,0.0,39.0,0.0,19.0,28.0,0.0,17.0,13.0,0.0,0.0,0.0,2.0,0.0,0.0,0.0,47.0,11.0,3.0,8.0,13.0,50.0,0.0,0.0,0.0,0.0,0.0,11.0,0.0,1.0,4.0,,,,,,,,,,,,,,,,,,,,,,,,,,,,,,,,,,,,,,,,,,,,,,,,,,,,,,,,,,,,,,,,,,,,,,,,,,,
23,15.0,11.0,16.0,50.0,17.0,0.0,20.0,28.0,39.0,32.0,41.0,0.0,54.0,64.0,0.0,64.0,85.0,25.0,38.0,16.0,45.0,34.0,0.0,5.0,0.0,11.0,6.0,63.0,13.0,83.0,123.0,10.0,10.0,4.0,55.0,20.0,0.0,37.0,35.0,0.0,121.0,91.0,0.0,0.0,0.0,,,,,,,,,,,,,,,,,,,,,,,,,,,,,,,,,,,,,,,,,,,,,,,,,,,,,,,,,,,,,,,,,,,,,,,,,,,,
24,0.0,18.0,16.0,27.0,0.0,21.0,59.0,17.0,50.0,37.0,27.0,5.0,14.0,0.0,50.0,32.0,0.0,62.0,33.0,8.0,55.0,5.0,0.0,0.0,0.0,0.0,136.0,151.0,12.0,18.0,0.0,0.0,25.0,47.0,7.0,27.0,1.0,138.0,11.0,0.0,64.0,0.0,22.0,0.0,75.0,85.0,17.0,278.0,0.0,59.0,0.0,53.0,0.0,6.0,0.0,0.0,0.0,35.0,13.0,,,,,,,,,,,,,,,,,,,,,,,,,,,,,,,,,,,,,,,,,,,,,,,,,,,,,,,,,,,,,,
25,2.0,24.0,21.0,0.0,3.0,6.0,43.0,6.0,54.0,0.0,0.0,9.0,23.0,4.0,4.0,6.0,102.0,8.0,154.0,57.0,25.0,38.0,0.0,0.0,0.0,17.0,78.0,0.0,0.0,0.0,38.0,13.0,19.0,0.0,0.0,8.0,0.0,0.0,0.0,0.0,0.0,0.0,7.0,0.0,0.0,0.0,0.0,0.0,0.0,6.0,7.0,7.0,5.0,2.0,0.0,0.0,11.0,2.0,0.0,0.0,5.0,0.0,12.0,4.0,2.0,6.0,0.0,8.0,4.0,6.0,0.0,9.0,1.0,9.0,5.0,6.0,0.0,6.0,16.0,4.0,8.0,0.0,0.0,0.0,0.0,5.0,12.0,0.0,8.0,,,,,,,,,,,,,,,,,,,,,,,,,,,,,,,,
26,14.0,48.0,6.0,23.0,24.0,2.0,1.0,26.0,1.0,17.0,39.0,9.0,0.0,47.0,22.0,0.0,8.0,79.0,33.0,0.0,7.0,0.0,0.0,0.0,0.0,20.0,0.0,0.0,0.0,354.0,0.0,0.0,24.0,0.0,8.0,0.0,41.0,65.0,0.0,0.0,52.0,35.0,29.0,0.0,18.0,12.0,85.0,0.0,0.0,314.0,89.0,0.0,54.0,188.0,0.0,175.0,0.0,0.0,0.0,48.0,0.0,0.0,0.0,0.0,0.0,33.0,0.0,0.0,,,,,,,,,,,,,,,,,,,,,,,,,,,,,,,,,,,,,,,,,,,,,,,,,,,,,
27,15.0,9.0,9.0,8.0,9.0,8.0,8.0,8.0,0.0,12.0,9.0,0.0,13.0,16.0,19.0,22.0,23.0,13.0,1.0,11.0,12.0,18.0,11.0,19.0,29.0,29.0,8.0,19.0,42.0,0.0,7.0,0.0,0.0,0.0,36.0,5.0,0.0,0.0,0.0,6.0,3.0,112.0,64.0,0.0,96.0,268.0,,,,,,,,,,,,,,,,,,,,,,,,,,,,,,,,,,,,,,,,,,,,,,,,,,,,,,,,,,,,,,,,,,,,,,,,,,,
28,25.0,0.0,17.0,0.0,0.0,21.0,70.0,0.0,14.0,45.0,55.0,67.0,12.0,19.0,326.0,37.0,45.0,112.0,0.0,0.0,0.0,0.0,12.0,0.0,62.0,0.0,,,,,,,,,,,,,,,,,,,,,,,,,,,,,,,,,,,,,,,,,,,,,,,,,,,,,,,,,,,,,,,,,,,,,,,,,,,,,,,,,,,,,,,,,,,,,,,
29,24.0,25.0,0.0,4.0,14.0,7.0,25.0,21.0,40.0,22.0,28.0,12.0,17.0,120.0,25.0,9.0,0.0,24.0,0.0,48.0,10.0,0.0,0.0,1.0,0.0,4.0,0.0,97.0,64.0,251.0,114.0,53.0,212.0,0.0,258.0,0.0,0.0,20.0,44.0,200.0,0.0,9.0,0.0,0.0,0.0,0.0,162.0,0.0,0.0,0.0,0.0,0.0,0.0,0.0,0.0,0.0,,,,,,,,,,,,,,,,,,,,,,,,,,,,,,,,,,,,,,,,,,,,,,,,,,,,,,,,,,,,,,,,,
30,31.0,46.0,16.0,4.0,9.0,0.0,45.0,13.0,10.0,16.0,52.0,21.0,43.0,0.0,4.0,0.0,42.0,9.0,44.0,116.0,9.0,18.0,18.0,43.0,0.0,17.0,3.0,28.0,3.0,,,,,,,,,,,,,,,,,,,,,,,,,,,,,,,,,,,,,,,,,,,,,,,,,,,,,,,,,,,,,,,,,,,,,,,,,,,,,,,,,,,,,,,,,,,,
31,7.0,0.0,2.0,33.0,12.0,34.0,0.0,49.0,11.0,11.0,12.0,12.0,21.0,0.0,24.0,16.0,5.0,28.0,79.0,14.0,13.0,54.0,1.0,60.0,31.0,0.0,21.0,0.0,3.0,33.0,42.0,24.0,81.0,0.0,8.0,11.0,12.0,201.0,3.0,22.0,0.0,0.0,29.0,0.0,3.0,5.0,2.0,40.0,7.0,0.0,22.0,0.0,,,,,,,,,,,,,,,,,,,,,,,,,,,,,,,,,,,,,,,,,,,,,,,,,,,,,,,,,,,,,,,,,,,,,
32,13.0,24.0,15.0,18.0,57.0,36.0,16.0,0.0,8.0,5.0,39.0,7.0,12.0,54.0,52.0,0.0,0.0,27.0,43.0,17.0,5.0,11.0,66.0,29.0,22.0,39.0,0.0,17.0,0.0,221.0,117.0,19.0,0.0,80.0,30.0,14.0,11.0,14.0,103.0,99.0,43.0,28.0,81.0,41.0,43.0,4.0,1.0,0.0,51.0,30.0,23.0,0.0,0.0,0.0,0.0,0.0,0.0,0.0,0.0,0.0,0.0,0.0,0.0,0.0,0.0,0.0,,,,,,,,,,,,,,,,,,,,,,,,,,,,,,,,,,,,,,,,,,,,,,,,,,,,,,,
33,0.0,0.0,26.0,28.0,19.0,11.0,8.0,8.0,3.0,2.0,4.0,14.0,0.0,0.0,2.0,7.0,3.0,4.0,2.0,0.0,3.0,3.0,0.0,0.0,1.0,0.0,0.0,0.0,0.0,0.0,,,,,,,,,,,,,,,,,,,,,,,,,,,,,,,,,,,,,,,,,,,,,,,,,,,,,,,,,,,,,,,,,,,,,,,,,,,,,,,,,,,,,,,,,,,
34,13.0,0.0,36.0,39.0,10.0,0.0,0.0,0.0,0.0,27.0,25.0,53.0,34.0,41.0,14.0,2.0,8.0,1.0,12.0,0.0,127.0,0.0,43.0,0.0,0.0,7.0,12.0,2.0,0.0,0.0,5.0,0.0,0.0,99.0,49.0,0.0,5.0,0.0,0.0,0.0,0.0,0.0,0.0,0.0,0.0,,,,,,,,,,,,,,,,,,,,,,,,,,,,,,,,,,,,,,,,,,,,,,,,,,,,,,,,,,,,,,,,,,,,,,,,,,,,
35,12.0,14.0,54.0,14.0,54.0,12.0,43.0,15.0,28.0,72.0,43.0,75.0,18.0,45.0,72.0,11.0,0.0,0.0,33.0,20.0,0.0,27.0,149.0,0.0,0.0,0.0,137.0,0.0,,,,,,,,,,,,,,,,,,,,,,,,,,,,,,,,,,,,,,,,,,,,,,,,,,,,,,,,,,,,,,,,,,,,,,,,,,,,,,,,,,,,,,,,,,,,,
36,2.0,31.0,39.0,0.0,14.0,29.0,0.0,1.0,21.0,72.0,21.0,0.0,62.0,16.0,80.0,28.0,3.0,50.0,24.0,14.0,2.0,0.0,112.0,32.0,9.0,11.0,0.0,5.0,39.0,17.0,16.0,38.0,1.0,27.0,258.0,0.0,0.0,0.0,0.0,,,,,,,,,,,,,,,,,,,,,,,,,,,,,,,,,,,,,,,,,,,,,,,,,,,,,,,,,,,,,,,,,,,,,,,,,,,,,,,,,,
37,49.0,38.0,46.0,14.0,31.0,17.0,19.0,15.0,3.0,2.0,0.0,0.0,0.0,0.0,1.0,0.0,79.0,61.0,16.0,0.0,4.0,0.0,38.0,0.0,22.0,0.0,0.0,62.0,6.0,0.0,0.0,1.0,25.0,0.0,,,,,,,,,,,,,,,,,,,,,,,,,,,,,,,,,,,,,,,,,,,,,,,,,,,,,,,,,,,,,,,,,,,,,,,,,,,,,,,,,,,,,,,
38,16.0,19.0,55.0,19.0,2.0,1.0,0.0,27.0,79.0,36.0,0.0,0.0,0.0,14.0,58.0,35.0,0.0,49.0,0.0,28.0,62.0,0.0,1.0,30.0,2.0,13.0,0.0,40.0,3.0,7.0,7.0,71.0,30.0,199.0,0.0,0.0,19.0,0.0,35.0,19.0,4.0,81.0,20.0,19.0,0.0,0.0,124.0,0.0,0.0,0.0,74.0,0.0,61.0,0.0,0.0,0.0,,,,,,,,,,,,,,,,,,,,,,,,,,,,,,,,,,,,,,,,,,,,,,,,,,,,,,,,,,,,,,,,,
39,24.0,21.0,25.0,17.0,14.0,7.0,19.0,14.0,24.0,15.0,29.0,54.0,12.0,32.0,36.0,10.0,47.0,3.0,13.0,52.0,29.0,71.0,0.0,0.0,74.0,158.0,50.0,10.0,29.0,29.0,3.0,100.0,14.0,55.0,0.0,0.0,190.0,0.0,1.0,28.0,229.0,215.0,48.0,0.0,14.0,12.0,15.0,0.0,0.0,4.0,9.0,0.0,11.0,2.0,0.0,9.0,0.0,0.0,0.0,0.0,0.0,0.0,0.0,0.0,0.0,0.0,0.0,0.0,0.0,0.0,0.0,0.0,0.0,0.0,0.0,0.0,0.0,0.0,0.0,0.0,0.0,0.0,0.0,3.0,0.0,0.0,0.0,0.0,0.0,0.0,0.0,0.0,0.0,0.0,0.0,0.0,0.0,0.0,0.0,0.0,0.0,0.0,0.0,,,,,,,,,,,,,,,,,,
40,6.0,3.0,3.0,41.0,5.0,14.0,11.0,7.0,4.0,0.0,18.0,37.0,29.0,4.0,53.0,23.0,108.0,105.0,0.0,0.0,11.0,22.0,0.0,1.0,0.0,2.0,31.0,105.0,46.0,50.0,0.0,60.0,109.0,27.0,263.0,7.0,34.0,0.0,58.0,82.0,0.0,30.0,95.0,22.0,42.0,10.0,0.0,2.0,0.0,0.0,1.0,3.0,11.0,0.0,0.0,53.0,0.0,0.0,9.0,,,,,,,,,,,,,,,,,,,,,,,,,,,,,,,,,,,,,,,,,,,,,,,,,,,,,,,,,,,,,,
41,4.0,8.0,0.0,5.0,49.0,4.0,17.0,0.0,1.0,15.0,104.0,31.0,0.0,23.0,0.0,34.0,16.0,12.0,0.0,0.0,1.0,44.0,0.0,177.0,11.0,0.0,0.0,0.0,0.0,13.0,0.0,77.0,68.0,36.0,230.0,1.0,0.0,21.0,45.0,0.0,0.0,50.0,6.0,69.0,6.0,0.0,97.0,0.0,51.0,0.0,0.0,0.0,0.0,,,,,,,,,,,,,,,,,,,,,,,,,,,,,,,,,,,,,,,,,,,,,,,,,,,,,,,,,,,,,,,,,,,,
42,2.0,20.0,24.0,0.0,43.0,0.0,17.0,5.0,12.0,12.0,0.0,8.0,1.0,20.0,0.0,0.0,0.0,6.0,21.0,1.0,1.0,9.0,5.0,8.0,4.0,55.0,38.0,17.0,1.0,0.0,3.0,0.0,0.0,0.0,0.0,0.0,6.0,4.0,0.0,0.0,,,,,,,,,,,,,,,,,,,,,,,,,,,,,,,,,,,,,,,,,,,,,,,,,,,,,,,,,,,,,,,,,,,,,,,,,,,,,,,,,
43,5.0,12.0,12.0,18.0,19.0,65.0,15.0,16.0,3.0,18.0,9.0,21.0,12.0,76.0,11.0,3.0,0.0,0.0,42.0,0.0,0.0,81.0,59.0,25.0,0.0,0.0,7.0,92.0,37.0,59.0,21.0,26.0,0.0,68.0,118.0,0.0,0.0,,,,,,,,,,,,,,,,,,,,,,,,,,,,,,,,,,,,,,,,,,,,,,,,,,,,,,,,,,,,,,,,,,,,,,,,,,,,,,,,,,,,
44,18.0,2.0,0.0,13.0,0.0,26.0,10.0,0.0,15.0,45.0,3.0,0.0,16.0,10.0,50.0,0.0,27.0,4.0,0.0,22.0,13.0,0.0,6.0,8.0,0.0,7.0,7.0,14.0,33.0,40.0,0.0,77.0,71.0,0.0,7.0,4.0,1.0,19.0,0.0,0.0,0.0,0.0,25.0,0.0,0.0,0.0,0.0,0.0,0.0,0.0,9.0,721.0,1.0,0.0,0.0,0.0,0.0,,,,,,,,,,,,,,,,,,,,,,,,,,,,,,,,,,,,,,,,,,,,,,,,,,,,,,,,,,,,,,,,
45,13.0,5.0,19.0,8.0,0.0,17.0,16.0,85.0,30.0,69.0,28.0,52.0,46.0,32.0,38.0,12.0,5.0,29.0,6.0,206.0,10.0,48.0,13.0,29.0,0.0,0.0,0.0,0.0,10.0,,,,,,,,,,,,,,,,,,,,,,,,,,,,,,,,,,,,,,,,,,,,,,,,,,,,,,,,,,,,,,,,,,,,,,,,,,,,,,,,,,,,,,,,,,,,
46,0.0,13.0,8.0,10.0,16.0,5.0,1.0,0.0,23.0,0.0,24.0,25.0,29.0,0.0,42.0,0.0,0.0,0.0,60.0,16.0,0.0,38.0,0.0,0.0,0.0,0.0,0.0,0.0,45.0,0.0,179.0,12.0,41.0,2.0,0.0,16.0,6.0,3.0,26.0,28.0,0.0,479.0,125.0,59.0,310.0,33.0,0.0,0.0,0.0,,,,,,,,,,,,,,,,,,,,,,,,,,,,,,,,,,,,,,,,,,,,,,,,,,,,,,,,,,,,,,,,,,,,,,,,
47,13.0,4.0,33.0,0.0,8.0,20.0,1.0,3.0,14.0,0.0,5.0,2.0,13.0,36.0,32.0,63.0,6.0,18.0,178.0,79.0,77.0,0.0,0.0,10.0,1.0,21.0,0.0,0.0,17.0,36.0,153.0,135.0,5.0,0.0,3.0,0.0,105.0,0.0,296.0,39.0,24.0,83.0,0.0,0.0,51.0,0.0,0.0,0.0,0.0,31.0,0.0,0.0,0.0,0.0,0.0,,,,,,,,,,,,,,,,,,,,,,,,,,,,,,,,,,,,,,,,,,,,,,,,,,,,,,,,,,,,,,,,,,
48,20.0,0.0,53.0,19.0,19.0,11.0,29.0,16.0,46.0,0.0,21.0,35.0,8.0,6.0,92.0,31.0,0.0,15.0,55.0,31.0,0.0,0.0,34.0,59.0,33.0,0.0,37.0,32.0,0.0,0.0,0.0,14.0,0.0,0.0,34.0,0.0,3.0,0.0,,,,,,,,,,,,,,,,,,,,,,,,,,,,,,,,,,,,,,,,,,,,,,,,,,,,,,,,,,,,,,,,,,,,,,,,,,,,,,,,,,,
49,28.0,21.0,3.0,22.0,14.0,9.0,10.0,2.0,0.0,57.0,6.0,18.0,15.0,29.0,47.0,0.0,59.0,7.0,133.0,24.0,84.0,9.0,34.0,145.0,133.0,195.0,29.0,19.0,31.0,0.0,40.0,3.0,88.0,12.0,0.0,5.0,37.0,0.0,11.0,95.0,0.0,85.0,0.0,0.0,16.0,0.0,0.0,56.0,0.0,0.0,0.0,0.0,0.0,0.0,0.0,0.0,,,,,,,,,,,,,,,,,,,,,,,,,,,,,,,,,,,,,,,,,,,,,,,,,,,,,,,,,,,,,,,,,
50,3.0,48.0,10.0,9.0,10.0,0.0,17.0,0.0,10.0,0.0,10.0,8.0,61.0,8.0,7.0,8.0,32.0,97.0,29.0,0.0,0.0,68.0,20.0,0.0,94.0,2.0,7.0,33.0,10.0,17.0,8.0,2.0,0.0,11.0,39.0,0.0,0.0,0.0,0.0,0.0,0.0,0.0,0.0,0.0,0.0,0.0,0.0,0.0,0.0,0.0,,,,,,,,,,,,,,,,,,,,,,,,,,,,,,,,,,,,,,,,,,,,,,,,,,,,,,,,,,,,,,,,,,,,,,,
51,14.0,8.0,1.0,9.0,25.0,48.0,0.0,0.0,3.0,8.0,0.0,38.0,6.0,2.0,0.0,30.0,14.0,97.0,13.0,9.0,41.0,20.0,27.0,7.0,11.0,6.0,10.0,58.0,29.0,91.0,0.0,0.0,6.0,5.0,5.0,21.0,2.0,52.0,0.0,49.0,17.0,6.0,0.0,0.0,35.0,6.0,40.0,11.0,5.0,27.0,17.0,10.0,14.0,7.0,19.0,1.0,0.0,4.0,3.0,4.0,7.0,0.0,,,,,,,,,,,,,,,,,,,,,,,,,,,,,,,,,,,,,,,,,,,,,,,,,,,,,,,,,,,
52,38.0,24.0,8.0,26.0,0.0,7.0,8.0,18.0,12.0,11.0,0.0,0.0,37.0,5.0,19.0,14.0,11.0,6.0,5.0,16.0,0.0,0.0,20.0,28.0,5.0,8.0,3.0,22.0,0.0,2.0,15.0,11.0,0.0,4.0,0.0,0.0,0.0,8.0,0.0,1.0,0.0,0.0,0.0,0.0,0.0,3.0,0.0,0.0,0.0,0.0,,,,,,,,,,,,,,,,,,,,,,,,,,,,,,,,,,,,,,,,,,,,,,,,,,,,,,,,,,,,,,,,,,,,,,,
53,18.0,3.0,0.0,4.0,0.0,13.0,0.0,1.0,11.0,0.0,20.0,7.0,9.0,55.0,5.0,5.0,42.0,0.0,2.0,131.0,10.0,0.0,0.0,138.0,0.0,8.0,0.0,3.0,139.0,283.0,88.0,27.0,18.0,55.0,0.0,11.0,23.0,0.0,11.0,0.0,0.0,117.0,58.0,0.0,0.0,43.0,24.0,153.0,0.0,41.0,0.0,131.0,0.0,0.0,0.0,0.0,0.0,0.0,0.0,,,,,,,,,,,,,,,,,,,,,,,,,,,,,,,,,,,,,,,,,,,,,,,,,,,,,,,,,,,,,,
54,13.0,21.0,2.0,0.0,0.0,13.0,9.0,3.0,26.0,5.0,0.0,3.0,90.0,43.0,12.0,23.0,39.0,31.0,16.0,20.0,0.0,2.0,17.0,19.0,3.0,29.0,5.0,4.0,10.0,0.0,13.0,7.0,4.0,2.0,2.0,4.0,38.0,0.0,21.0,7.0,0.0,12.0,1.0,0.0,0.0,0.0,0.0,0.0,0.0,0.0,0.0,0.0,0.0,0.0,,,,,,,,,,,,,,,,,,,,,,,,,,,,,,,,,,,,,,,,,,,,,,,,,,,,,,,,,,,,,,,,,,,
55,3.0,38.0,30.0,9.0,9.0,12.0,26.0,0.0,23.0,0.0,2.0,12.0,15.0,19.0,6.0,0.0,65.0,47.0,0.0,0.0,39.0,62.0,169.0,109.0,0.0,47.0,23.0,8.0,10.0,0.0,17.0,81.0,0.0,76.0,0.0,2.0,26.0,31.0,1.0,0.0,12.0,0.0,0.0,0.0,0.0,0.0,0.0,0.0,0.0,0.0,0.0,0.0,0.0,0.0,0.0,,,,,,,,,,,,,,,,,,,,,,,,,,,,,,,,,,,,,,,,,,,,,,,,,,,,,,,,,,,,,,,,,,
56,6.0,0.0,19.0,17.0,42.0,13.0,11.0,0.0,8.0,21.0,18.0,2.0,11.0,18.0,13.0,6.0,6.0,1.0,20.0,0.0,0.0,12.0,10.0,12.0,6.0,0.0,0.0,0.0,,,,,,,,,,,,,,,,,,,,,,,,,,,,,,,,,,,,,,,,,,,,,,,,,,,,,,,,,,,,,,,,,,,,,,,,,,,,,,,,,,,,,,,,,,,,,
57,19.0,32.0,0.0,19.0,10.0,10.0,49.0,1.0,12.0,30.0,13.0,5.0,4.0,28.0,58.0,0.0,14.0,4.0,33.0,1.0,3.0,116.0,20.0,0.0,36.0,63.0,2.0,17.0,30.0,0.0,31.0,101.0,24.0,11.0,31.0,121.0,5.0,292.0,152.0,28.0,0.0,45.0,92.0,33.0,27.0,0.0,37.0,66.0,44.0,56.0,179.0,157.0,0.0,0.0,,,,,,,,,,,,,,,,,,,,,,,,,,,,,,,,,,,,,,,,,,,,,,,,,,,,,,,,,,,,,,,,,,,
58,22.0,11.0,20.0,17.0,30.0,0.0,22.0,50.0,0.0,28.0,0.0,7.0,127.0,21.0,32.0,0.0,0.0,12.0,2.0,9.0,10.0,16.0,21.0,6.0,33.0,8.0,17.0,2.0,63.0,32.0,30.0,71.0,4.0,60.0,0.0,12.0,15.0,1.0,54.0,3.0,0.0,31.0,33.0,0.0,0.0,0.0,,,,,,,,,,,,,,,,,,,,,,,,,,,,,,,,,,,,,,,,,,,,,,,,,,,,,,,,,,,,,,,,,,,,,,,,,,,
59,21.0,9.0,23.0,6.0,8.0,0.0,9.0,32.0,17.0,6.0,14.0,34.0,52.0,0.0,0.0,6.0,0.0,0.0,7.0,11.0,9.0,0.0,24.0,28.0,39.0,10.0,11.0,13.0,11.0,134.0,36.0,0.0,0.0,97.0,0.0,5.0,,,,,,,,,,,,,,,,,,,,,,,,,,,,,,,,,,,,,,,,,,,,,,,,,,,,,,,,,,,,,,,,,,,,,,,,,,,,,,,,,,,,,
60,16.0,6.0,23.0,24.0,32.0,30.0,7.0,19.0,0.0,3.0,53.0,43.0,0.0,39.0,77.0,0.0,18.0,42.0,100.0,0.0,58.0,0.0,11.0,0.0,0.0,0.0,6.0,8.0,0.0,76.0,0.0,0.0,0.0,33.0,16.0,56.0,112.0,0.0,60.0,0.0,0.0,22.0,0.0,28.0,0.0,0.0,,,,,,,,,,,,,,,,,,,,,,,,,,,,,,,,,,,,,,,,,,,,,,,,,,,,,,,,,,,,,,,,,,,,,,,,,,,
61,12.0,1.0,16.0,43.0,0.0,13.0,45.0,7.0,26.0,62.0,10.0,6.0,0.0,6.0,0.0,19.0,0.0,9.0,3.0,6.0,0.0,5.0,2.0,1.0,8.0,17.0,19.0,28.0,15.0,3.0,35.0,18.0,18.0,22.0,21.0,12.0,19.0,5.0,8.0,25.0,32.0,45.0,27.0,18.0,6.0,13.0,31.0,9.0,58.0,23.0,2.0,9.0,50.0,2.0,13.0,0.0,0.0,27.0,0.0,0.0,0.0,22.0,0.0,0.0,0.0,0.0,0.0,0.0,0.0,,,,,,,,,,,,,,,,,,,,,,,,,,,,,,,,,,,,,,,,,,,,,,,,,,,,
62,3.0,19.0,11.0,13.0,8.0,33.0,7.0,12.0,11.0,18.0,8.0,59.0,28.0,126.0,5.0,10.0,28.0,0.0,11.0,0.0,15.0,18.0,21.0,18.0,17.0,28.0,34.0,0.0,59.0,55.0,0.0,0.0,21.0,20.0,0.0,17.0,18.0,61.0,61.0,16.0,48.0,90.0,11.0,0.0,2.0,17.0,22.0,0.0,13.0,1.0,10.0,0.0,0.0,8.0,212.0,5.0,0.0,171.0,0.0,0.0,0.0,0.0,0.0,0.0,0.0,,,,,,,,,,,,,,,,,,,,,,,,,,,,,,,,,,,,,,,,,,,,,,,,,,,,,,,,
63,0.0,0.0,17.0,6.0,47.0,0.0,25.0,20.0,0.0,3.0,14.0,0.0,48.0,24.0,8.0,192.0,0.0,0.0,0.0,0.0,29.0,96.0,17.0,0.0,0.0,6.0,0.0,9.0,248.0,24.0,32.0,32.0,21.0,18.0,0.0,112.0,9.0,0.0,46.0,0.0,,,,,,,,,,,,,,,,,,,,,,,,,,,,,,,,,,,,,,,,,,,,,,,,,,,,,,,,,,,,,,,,,,,,,,,,,,,,,,,,,
64,0.0,24.0,13.0,1.0,40.0,16.0,9.0,0.0,0.0,37.0,30.0,15.0,19.0,1.0,2.0,39.0,3.0,14.0,9.0,15.0,0.0,21.0,0.0,19.0,226.0,109.0,22.0,0.0,6.0,0.0,24.0,60.0,0.0,70.0,32.0,0.0,4.0,23.0,44.0,34.0,108.0,4.0,122.0,,,,,,,,,,,,,,,,,,,,,,,,,,,,,,,,,,,,,,,,,,,,,,,,,,,,,,,,,,,,,,,,,,,,,,,,,,,,,,
65,33.0,75.0,10.0,0.0,0.0,9.0,23.0,20.0,12.0,0.0,14.0,32.0,5.0,0.0,2.0,53.0,9.0,59.0,9.0,1.0,22.0,7.0,27.0,0.0,0.0,0.0,0.0,9.0,0.0,0.0,0.0,0.0,15.0,0.0,21.0,0.0,24.0,0.0,6.0,21.0,0.0,0.0,0.0,0.0,0.0,,,,,,,,,,,,,,,,,,,,,,,,,,,,,,,,,,,,,,,,,,,,,,,,,,,,,,,,,,,,,,,,,,,,,,,,,,,,
66,34.0,17.0,6.0,4.0,22.0,47.0,20.0,0.0,10.0,22.0,30.0,9.0,21.0,70.0,0.0,0.0,29.0,3.0,7.0,9.0,0.0,72.0,24.0,3.0,37.0,0.0,0.0,0.0,,,,,,,,,,,,,,,,,,,,,,,,,,,,,,,,,,,,,,,,,,,,,,,,,,,,,,,,,,,,,,,,,,,,,,,,,,,,,,,,,,,,,,,,,,,,,
67,49.0,4.0,30.0,28.0,13.0,45.0,0.0,17.0,8.0,0.0,0.0,5.0,0.0,0.0,0.0,70.0,13.0,0.0,0.0,160.0,0.0,90.0,23.0,0.0,47.0,46.0,0.0,0.0,0.0,159.0,13.0,0.0,0.0,0.0,0.0,0.0,0.0,,,,,,,,,,,,,,,,,,,,,,,,,,,,,,,,,,,,,,,,,,,,,,,,,,,,,,,,,,,,,,,,,,,,,,,,,,,,,,,,,,,,
68,15.0,4.0,13.0,9.0,3.0,10.0,19.0,3.0,47.0,59.0,25.0,71.0,41.0,2.0,14.0,0.0,62.0,33.0,80.0,119.0,34.0,27.0,0.0,0.0,179.0,42.0,78.0,36.0,106.0,17.0,0.0,62.0,4.0,46.0,339.0,51.0,9.0,4.0,0.0,5.0,150.0,,,,,,,,,,,,,,,,,,,,,,,,,,,,,,,,,,,,,,,,,,,,,,,,,,,,,,,,,,,,,,,,,,,,,,,,,,,,,,,,
69,19.0,18.0,11.0,21.0,0.0,11.0,21.0,12.0,18.0,38.0,12.0,4.0,2.0,12.0,42.0,19.0,0.0,88.0,0.0,0.0,27.0,0.0,0.0,0.0,0.0,,,,,,,,,,,,,,,,,,,,,,,,,,,,,,,,,,,,,,,,,,,,,,,,,,,,,,,,,,,,,,,,,,,,,,,,,,,,,,,,,,,,,,,,,,,,,,,,
70,4.0,7.0,24.0,2.0,18.0,4.0,1.0,5.0,15.0,15.0,5.0,15.0,21.0,11.0,0.0,0.0,9.0,70.0,46.0,11.0,87.0,5.0,0.0,14.0,43.0,90.0,22.0,71.0,19.0,0.0,0.0,0.0,0.0,8.0,0.0,9.0,14.0,9.0,3.0,66.0,0.0,0.0,16.0,17.0,0.0,27.0,47.0,0.0,0.0,0.0,0.0,0.0,0.0,0.0,0.0,0.0,,,,,,,,,,,,,,,,,,,,,,,,,,,,,,,,,,,,,,,,,,,,,,,,,,,,,,,,,,,,,,,,,
71,9.0,9.0,0.0,2.0,24.0,17.0,0.0,16.0,23.0,54.0,23.0,11.0,12.0,33.0,27.0,32.0,4.0,20.0,0.0,39.0,21.0,0.0,53.0,7.0,8.0,0.0,68.0,56.0,45.0,10.0,27.0,115.0,32.0,16.0,0.0,95.0,5.0,0.0,0.0,48.0,0.0,5.0,222.0,25.0,0.0,24.0,0.0,0.0,31.0,17.0,115.0,0.0,44.0,0.0,32.0,0.0,0.0,0.0,96.0,0.0,0.0,0.0,267.0,11.0,0.0,0.0,7.0,0.0,7.0,0.0,0.0,6.0,0.0,7.0,20.0,46.0,0.0,0.0,98.0,0.0,0.0,0.0,0.0,0.0,0.0,0.0,0.0,0.0,0.0,0.0,0.0,,,,,,,,,,,,,,,,,,,,,,,,,,,,,,
72,14.0,30.0,0.0,125.0,85.0,26.0,0.0,2.0,7.0,0.0,0.0,17.0,10.0,12.0,57.0,22.0,52.0,21.0,5.0,0.0,2.0,42.0,5.0,48.0,18.0,13.0,0.0,100.0,2.0,1.0,0.0,8.0,1.0,0.0,0.0,19.0,5.0,20.0,0.0,125.0,15.0,0.0,7.0,5.0,27.0,0.0,0.0,12.0,107.0,125.0,0.0,0.0,0.0,0.0,122.0,0.0,179.0,,,,,,,,,,,,,,,,,,,,,,,,,,,,,,,,,,,,,,,,,,,,,,,,,,,,,,,,,,,,,,,,
73,0.0,0.0,34.0,4.0,12.0,15.0,0.0,49.0,46.0,26.0,103.0,10.0,171.0,0.0,30.0,144.0,12.0,0.0,21.0,0.0,0.0,16.0,13.0,0.0,,,,,,,,,,,,,,,,,,,,,,,,,,,,,,,,,,,,,,,,,,,,,,,,,,,,,,,,,,,,,,,,,,,,,,,,,,,,,,,,,,,,,,,,,,,,,,,,,
74,0.0,12.0,28.0,18.0,29.0,30.0,14.0,50.0,0.0,0.0,84.0,30.0,15.0,63.0,0.0,2.0,0.0,0.0,152.0,177.0,119.0,125.0,76.0,75.0,48.0,90.0,20.0,7.0,153.0,21.0,0.0,214.0,101.0,0.0,71.0,22.0,28.0,0.0,40.0,118.0,0.0,0.0,1.0,23.0,0.0,0.0,0.0,0.0,93.0,0.0,,,,,,,,,,,,,,,,,,,,,,,,,,,,,,,,,,,,,,,,,,,,,,,,,,,,,,,,,,,,,,,,,,,,,,,
75,12.0,7.0,15.0,0.0,0.0,50.0,,,,,,,,,,,,,,,,,,,,,,,,,,,,,,,,,,,,,,,,,,,,,,,,,,,,,,,,,,,,,,,,,,,,,,,,,,,,,,,,,,,,,,,,,,,,,,,,,,,,,,,,,,,,,,,,,,,
76,2.0,18.0,23.0,36.0,30.0,3.0,0.0,18.0,0.0,0.0,20.0,11.0,0.0,0.0,13.0,0.0,194.0,117.0,0.0,0.0,11.0,237.0,11.0,0.0,96.0,0.0,0.0,0.0,0.0,0.0,,,,,,,,,,,,,,,,,,,,,,,,,,,,,,,,,,,,,,,,,,,,,,,,,,,,,,,,,,,,,,,,,,,,,,,,,,,,,,,,,,,,,,,,,,,
77,16.0,20.0,14.0,11.0,18.0,23.0,1.0,76.0,9.0,13.0,31.0,55.0,63.0,290.0,25.0,173.0,7.0,63.0,356.0,32.0,0.0,30.0,9.0,11.0,16.0,0.0,0.0,23.0,46.0,0.0,0.0,0.0,0.0,1.0,24.0,15.0,0.0,0.0,55.0,,,,,,,,,,,,,,,,,,,,,,,,,,,,,,,,,,,,,,,,,,,,,,,,,,,,,,,,,,,,,,,,,,,,,,,,,,,,,,,,,,
78,6.0,27.0,15.0,10.0,10.0,6.0,0.0,18.0,7.0,24.0,8.0,1.0,4.0,12.0,8.0,0.0,48.0,37.0,3.0,13.0,20.0,0.0,0.0,0.0,4.0,23.0,0.0,0.0,0.0,34.0,,,,,,,,,,,,,,,,,,,,,,,,,,,,,,,,,,,,,,,,,,,,,,,,,,,,,,,,,,,,,,,,,,,,,,,,,,,,,,,,,,,,,,,,,,,
79,13.0,6.0,18.0,0.0,0.0,22.0,7.0,3.0,16.0,0.0,15.0,21.0,6.0,7.0,18.0,0.0,16.0,10.0,20.0,11.0,11.0,0.0,6.0,6.0,14.0,0.0,0.0,0.0,0.0,0.0,0.0,0.0,0.0,0.0,15.0,4.0,3.0,1.0,1.0,1.0,0.0,0.0,0.0,0.0,0.0,0.0,0.0,,,,,,,,,,,,,,,,,,,,,,,,,,,,,,,,,,,,,,,,,,,,,,,,,,,,,,,,,,,,,,,,,,,,,,,,,,
80,9.0,8.0,13.0,9.0,8.0,4.0,5.0,14.0,20.0,5.0,16.0,36.0,21.0,14.0,5.0,28.0,16.0,17.0,7.0,45.0,30.0,13.0,13.0,63.0,12.0,59.0,2.0,100.0,33.0,69.0,53.0,101.0,27.0,382.0,63.0,48.0,85.0,57.0,37.0,20.0,169.0,10.0,,,,,,,,,,,,,,,,,,,,,,,,,,,,,,,,,,,,,,,,,,,,,,,,,,,,,,,,,,,,,,,,,,,,,,,,,,,,,,,
81,33.0,0.0,3.0,11.0,44.0,4.0,28.0,15.0,11.0,11.0,10.0,0.0,26.0,100.0,48.0,75.0,0.0,185.0,106.0,34.0,34.0,0.0,166.0,60.0,18.0,0.0,1.0,0.0,0.0,55.0,0.0,30.0,135.0,37.0,112.0,0.0,0.0,20.0,0.0,0.0,0.0,,,,,,,,,,,,,,,,,,,,,,,,,,,,,,,,,,,,,,,,,,,,,,,,,,,,,,,,,,,,,,,,,,,,,,,,,,,,,,,,
82,21.0,0.0,12.0,54.0,20.0,59.0,30.0,32.0,3.0,41.0,18.0,66.0,63.0,64.0,56.0,43.0,8.0,24.0,20.0,10.0,17.0,66.0,105.0,9.0,0.0,4.0,31.0,26.0,12.0,0.0,17.0,0.0,24.0,0.0,40.0,0.0,15.0,50.0,2.0,0.0,0.0,31.0,3.0,0.0,0.0,42.0,30.0,0.0,0.0,0.0,0.0,39.0,0.0,0.0,239.0,4.0,0.0,,,,,,,,,,,,,,,,,,,,,,,,,,,,,,,,,,,,,,,,,,,,,,,,,,,,,,,,,,,,,,,,
83,12.0,25.0,16.0,4.0,7.0,4.0,31.0,16.0,0.0,21.0,21.0,0.0,0.0,19.0,20.0,30.0,12.0,118.0,20.0,99.0,,,,,,,,,,,,,,,,,,,,,,,,,,,,,,,,,,,,,,,,,,,,,,,,,,,,,,,,,,,,,,,,,,,,,,,,,,,,,,,,,,,,,,,,,,,,,,,,,,,,,
84,18.0,11.0,2.0,0.0,43.0,13.0,0.0,0.0,29.0,0.0,34.0,0.0,13.0,8.0,23.0,4.0,17.0,0.0,9.0,0.0,3.0,13.0,33.0,0.0,0.0,3.0,0.0,23.0,24.0,0.0,0.0,4.0,191.0,204.0,180.0,0.0,0.0,23.0,0.0,20.0,31.0,10.0,1.0,0.0,3.0,7.0,239.0,,,,,,,,,,,,,,,,,,,,,,,,,,,,,,,,,,,,,,,,,,,,,,,,,,,,,,,,,,,,,,,,,,,,,,,,,,
85,11.0,30.0,24.0,12.0,23.0,0.0,18.0,42.0,17.0,3.0,12.0,28.0,0.0,13.0,26.0,32.0,54.0,107.0,7.0,1.0,19.0,12.0,5.0,3.0,0.0,46.0,0.0,0.0,43.0,0.0,0.0,0.0,0.0,11.0,0.0,85.0,12.0,34.0,0.0,141.0,18.0,0.0,0.0,16.0,0.0,0.0,,,,,,,,,,,,,,,,,,,,,,,,,,,,,,,,,,,,,,,,,,,,,,,,,,,,,,,,,,,,,,,,,,,,,,,,,,,
86,22.0,10.0,28.0,3.0,11.0,0.0,59.0,2.0,20.0,15.0,0.0,10.0,28.0,8.0,6.0,18.0,0.0,10.0,1.0,0.0,57.0,63.0,117.0,49.0,13.0,0.0,2.0,265.0,17.0,0.0,0.0,79.0,0.0,0.0,0.0,0.0,0.0,58.0,10.0,1.0,0.0,0.0,0.0,0.0,0.0,29.0,0.0,0.0,0.0,0.0,,,,,,,,,,,,,,,,,,,,,,,,,,,,,,,,,,,,,,,,,,,,,,,,,,,,,,,,,,,,,,,,,,,,,,,
87,10.0,21.0,9.0,2.0,11.0,1.0,16.0,2.0,16.0,18.0,22.0,0.0,20.0,55.0,0.0,0.0,0.0,49.0,46.0,39.0,32.0,7.0,71.0,3.0,78.0,0.0,97.0,0.0,0.0,132.0,0.0,0.0,0.0,0.0,49.0,0.0,14.0,49.0,0.0,0.0,62.0,0.0,15.0,33.0,0.0,18.0,89.0,11.0,13.0,,,,,,,,,,,,,,,,,,,,,,,,,,,,,,,,,,,,,,,,,,,,,,,,,,,,,,,,,,,,,,,,,,,,,,,,
88,18.0,18.0,20.0,19.0,18.0,11.0,0.0,0.0,34.0,5.0,46.0,19.0,10.0,5.0,47.0,52.0,11.0,0.0,0.0,45.0,0.0,0.0,23.0,81.0,4.0,143.0,8.0,14.0,312.0,0.0,,,,,,,,,,,,,,,,,,,,,,,,,,,,,,,,,,,,,,,,,,,,,,,,,,,,,,,,,,,,,,,,,,,,,,,,,,,,,,,,,,,,,,,,,,,
89,0.0,0.0,63.0,35.0,40.0,1.0,4.0,39.0,0.0,0.0,52.0,14.0,33.0,0.0,23.0,0.0,11.0,0.0,13.0,7.0,35.0,0.0,0.0,21.0,0.0,0.0,0.0,0.0,0.0,93.0,49.0,0.0,45.0,33.0,6.0,88.0,21.0,0.0,0.0,0.0,0.0,0.0,,,,,,,,,,,,,,,,,,,,,,,,,,,,,,,,,,,,,,,,,,,,,,,,,,,,,,,,,,,,,,,,,,,,,,,,,,,,,,,
90,7.0,28.0,10.0,12.0,0.0,11.0,19.0,25.0,30.0,10.0,21.0,5.0,71.0,28.0,146.0,1.0,47.0,74.0,50.0,63.0,25.0,358.0,0.0,47.0,37.0,26.0,9.0,68.0,57.0,112.0,71.0,30.0,28.0,26.0,27.0,46.0,3.0,0.0,0.0,663.0,88.0,,,,,,,,,,,,,,,,,,,,,,,,,,,,,,,,,,,,,,,,,,,,,,,,,,,,,,,,,,,,,,,,,,,,,,,,,,,,,,,,
91,26.0,0.0,35.0,7.0,0.0,32.0,61.0,16.0,1.0,66.0,10.0,0.0,19.0,0.0,15.0,9.0,29.0,0.0,32.0,1.0,0.0,19.0,4.0,15.0,60.0,60.0,139.0,92.0,15.0,0.0,22.0,16.0,0.0,0.0,0.0,0.0,0.0,1.0,0.0,0.0,0.0,0.0,0.0,0.0,,,,,,,,,,,,,,,,,,,,,,,,,,,,,,,,,,,,,,,,,,,,,,,,,,,,,,,,,,,,,,,,,,,,,,,,,,,,,
92,22.0,18.0,34.0,25.0,20.0,0.0,22.0,17.0,13.0,19.0,18.0,20.0,0.0,19.0,16.0,1.0,0.0,25.0,0.0,6.0,11.0,16.0,38.0,66.0,1.0,29.0,12.0,7.0,79.0,73.0,0.0,1.0,18.0,118.0,10.0,0.0,0.0,7.0,0.0,0.0,3.0,18.0,14.0,48.0,0.0,0.0,0.0,0.0,0.0,0.0,0.0,0.0,0.0,0.0,0.0,0.0,0.0,0.0,0.0,0.0,0.0,0.0,0.0,0.0,0.0,0.0,0.0,0.0,,,,,,,,,,,,,,,,,,,,,,,,,,,,,,,,,,,,,,,,,,,,,,,,,,,,,
93,13.0,12.0,11.0,10.0,8.0,15.0,15.0,0.0,21.0,11.0,51.0,0.0,15.0,59.0,28.0,13.0,11.0,22.0,0.0,1.0,14.0,15.0,0.0,0.0,2.0,0.0,89.0,0.0,0.0,7.0,0.0,0.0,4.0,25.0,36.0,0.0,29.0,3.0,96.0,0.0,27.0,99.0,29.0,151.0,14.0,11.0,0.0,0.0,249.0,0.0,0.0,0.0,0.0,105.0,0.0,0.0,0.0,0.0,0.0,,,,,,,,,,,,,,,,,,,,,,,,,,,,,,,,,,,,,,,,,,,,,,,,,,,,,,,,,,,,,,
94,20.0,2.0,24.0,13.0,28.0,18.0,11.0,9.0,14.0,8.0,0.0,37.0,5.0,0.0,14.0,0.0,0.0,23.0,0.0,0.0,0.0,41.0,11.0,0.0,1.0,78.0,2.0,0.0,172.0,0.0,18.0,0.0,5.0,0.0,43.0,0.0,201.0,0.0,0.0,26.0,5.0,0.0,83.0,0.0,0.0,254.0,,,,,,,,,,,,,,,,,,,,,,,,,,,,,,,,,,,,,,,,,,,,,,,,,,,,,,,,,,,,,,,,,,,,,,,,,,,
95,5.0,0.0,0.0,33.0,12.0,14.0,15.0,6.0,0.0,42.0,0.0,26.0,0.0,26.0,53.0,172.0,7.0,10.0,18.0,20.0,7.0,0.0,13.0,3.0,38.0,0.0,0.0,0.0,0.0,0.0,0.0,0.0,,,,,,,,,,,,,,,,,,,,,,,,,,,,,,,,,,,,,,,,,,,,,,,,,,,,,,,,,,,,,,,,,,,,,,,,,,,,,,,,,,,,,,,,,
96,18.0,13.0,0.0,19.0,19.0,0.0,3.0,5.0,42.0,12.0,22.0,42.0,9.0,14.0,10.0,40.0,1.0,32.0,2.0,75.0,0.0,18.0,14.0,7.0,15.0,16.0,0.0,12.0,0.0,5.0,0.0,0.0,9.0,19.0,5.0,21.0,0.0,0.0,0.0,24.0,13.0,3.0,3.0,48.0,20.0,9.0,11.0,43.0,0.0,0.0,0.0,35.0,16.0,0.0,33.0,12.0,16.0,0.0,9.0,0.0,0.0,2.0,17.0,12.0,92.0,0.0,80.0,6.0,12.0,8.0,1.0,0.0,11.0,16.0,0.0,129.0,23.0,0.0,0.0,31.0,20.0,0.0,0.0,0.0,0.0,573.0,85.0,52.0,0.0,0.0,,,,,,,,,,,,,,,,,,,,,,,,,,,,,,,
97,9.0,11.0,18.0,28.0,14.0,8.0,49.0,0.0,9.0,10.0,17.0,11.0,0.0,31.0,26.0,10.0,35.0,2.0,4.0,0.0,7.0,54.0,44.0,2.0,65.0,75.0,57.0,43.0,18.0,17.0,58.0,0.0,186.0,35.0,0.0,61.0,28.0,69.0,57.0,6.0,427.0,8.0,0.0,0.0,0.0,28.0,21.0,561.0,0.0,0.0,0.0,153.0,0.0,29.0,0.0,2.0,458.0,4.0,8.0,68.0,28.0,161.0,11.0,0.0,41.0,9.0,30.0,22.0,0.0,0.0,0.0,0.0,,,,,,,,,,,,,,,,,,,,,,,,,,,,,,,,,,,,,,,,,,,,,,,,,
98,5.0,6.0,19.0,0.0,11.0,23.0,25.0,19.0,18.0,17.0,24.0,16.0,15.0,7.0,51.0,0.0,0.0,17.0,0.0,1.0,32.0,0.0,25.0,27.0,0.0,0.0,,,,,,,,,,,,,,,,,,,,,,,,,,,,,,,,,,,,,,,,,,,,,,,,,,,,,,,,,,,,,,,,,,,,,,,,,,,,,,,,,,,,,,,,,,,,,,,
99,3.0,20.0,17.0,3.0,4.0,18.0,35.0,18.0,0.0,0.0,14.0,7.0,51.0,17.0,50.0,0.0,7.0,2.0,6.0,86.0,25.0,3.0,0.0,0.0,0.0,0.0,0.0,41.0,0.0,,,,,,,,,,,,,,,,,,,,,,,,,,,,,,,,,,,,,,,,,,,,,,,,,,,,,,,,,,,,,,,,,,,,,,,,,,,,,,,,,,,,,,,,,,,,
100,15.0,8.0,25.0,3.0,9.0,6.0,37.0,0.0,7.0,1.0,0.0,5.0,19.0,11.0,0.0,,,,,,,,,,,,,,,,,,,,,,,,,,,,,,,,,,,,,,,,,,,,,,,,,,,,,,,,,,,,,,,,,,,,,,,,,,,,,,,,,,,,,,,,,,,,,,,,,,,,,,,,,,
101,10.0,0.0,8.0,9.0,0.0,33.0,28.0,0.0,97.0,60.0,0.0,78.0,56.0,14.0,0.0,0.0,16.0,7.0,0.0,0.0,0.0,16.0,0.0,355.0,10.0,0.0,2.0,13.0,15.0,40.0,31.0,0.0,22.0,23.0,15.0,4.0,0.0,0.0,10.0,9.0,47.0,0.0,0.0,0.0,3.0,8.0,0.0,11.0,27.0,0.0,0.0,0.0,26.0,0.0,0.0,0.0,0.0,0.0,0.0,0.0,0.0,0.0,0.0,,,,,,,,,,,,,,,,,,,,,,,,,,,,,,,,,,,,,,,,,,,,,,,,,,,,,,,,,,
102,25.0,1.0,8.0,0.0,10.0,10.0,4.0,9.0,1.0,16.0,13.0,72.0,0.0,31.0,5.0,0.0,7.0,6.0,4.0,16.0,23.0,5.0,0.0,0.0,22.0,6.0,9.0,0.0,,,,,,,,,,,,,,,,,,,,,,,,,,,,,,,,,,,,,,,,,,,,,,,,,,,,,,,,,,,,,,,,,,,,,,,,,,,,,,,,,,,,,,,,,,,,,
103,33.0,25.0,5.0,0.0,0.0,0.0,10.0,1.0,23.0,15.0,0.0,24.0,16.0,0.0,23.0,0.0,0.0,0.0,44.0,12.0,30.0,,,,,,,,,,,,,,,,,,,,,,,,,,,,,,,,,,,,,,,,,,,,,,,,,,,,,,,,,,,,,,,,,,,,,,,,,,,,,,,,,,,,,,,,,,,,,,,,,,,,
104,1.0,29.0,0.0,14.0,15.0,0.0,7.0,33.0,6.0,40.0,44.0,2.0,27.0,7.0,6.0,24.0,0.0,30.0,8.0,0.0,84.0,0.0,23.0,41.0,127.0,0.0,114.0,0.0,127.0,68.0,0.0,184.0,22.0,170.0,2.0,230.0,18.0,45.0,75.0,0.0,0.0,0.0,2.0,0.0,0.0,0.0,0.0,,,,,,,,,,,,,,,,,,,,,,,,,,,,,,,,,,,,,,,,,,,,,,,,,,,,,,,,,,,,,,,,,,,,,,,,,,
105,4.0,16.0,2.0,31.0,10.0,19.0,0.0,12.0,59.0,5.0,3.0,10.0,18.0,0.0,20.0,0.0,22.0,13.0,28.0,54.0,12.0,4.0,1.0,9.0,34.0,0.0,0.0,42.0,0.0,19.0,63.0,186.0,14.0,182.0,138.0,0.0,32.0,3.0,8.0,0.0,27.0,13.0,0.0,0.0,,,,,,,,,,,,,,,,,,,,,,,,,,,,,,,,,,,,,,,,,,,,,,,,,,,,,,,,,,,,,,,,,,,,,,,,,,,,,
106,4.0,39.0,21.0,1.0,0.0,21.0,10.0,0.0,13.0,72.0,18.0,72.0,8.0,0.0,145.0,39.0,60.0,38.0,100.0,118.0,31.0,7.0,159.0,9.0,13.0,45.0,24.0,50.0,0.0,114.0,13.0,44.0,27.0,303.0,88.0,0.0,3.0,68.0,6.0,72.0,0.0,15.0,13.0,83.0,67.0,65.0,110.0,19.0,103.0,0.0,55.0,21.0,22.0,21.0,66.0,103.0,0.0,44.0,0.0,0.0,0.0,63.0,0.0,54.0,107.0,160.0,21.0,3.0,32.0,122.0,0.0,256.0,0.0,208.0,459.0,259.0,2.0,20.0,0.0,0.0,0.0,0.0,0.0,12.0,10.0,0.0,10.0,,,,,,,,,,,,,,,,,,,,,,,,,,,,,,,,,,
107,12.0,23.0,19.0,25.0,23.0,56.0,36.0,6.0,138.0,59.0,0.0,0.0,0.0,54.0,16.0,14.0,76.0,17.0,89.0,50.0,4.0,51.0,27.0,18.0,164.0,0.0,0.0,0.0,53.0,613.0,170.0,6.0,100.0,17.0,0.0,18.0,0.0,30.0,29.0,21.0,0.0,40.0,0.0,21.0,30.0,10.0,0.0,0.0,13.0,0.0,0.0,43.0,0.0,0.0,0.0,0.0,0.0,0.0,0.0,249.0,,,,,,,,,,,,,,,,,,,,,,,,,,,,,,,,,,,,,,,,,,,,,,,,,,,,,,,,,,,,,
108,42.0,57.0,23.0,18.0,1.0,21.0,4.0,3.0,4.0,2.0,0.0,0.0,45.0,1.0,0.0,21.0,0.0,74.0,35.0,14.0,24.0,15.0,0.0,46.0,0.0,80.0,0.0,26.0,110.0,13.0,70.0,0.0,0.0,20.0,82.0,20.0,55.0,0.0,0.0,337.0,26.0,9.0,13.0,0.0,0.0,5.0,0.0,2.0,0.0,108.0,0.0,0.0,65.0,0.0,0.0,0.0,14.0,0.0,0.0,,,,,,,,,,,,,,,,,,,,,,,,,,,,,,,,,,,,,,,,,,,,,,,,,,,,,,,,,,,,,,
109,6.0,18.0,16.0,20.0,14.0,9.0,0.0,4.0,0.0,13.0,21.0,3.0,11.0,0.0,0.0,31.0,13.0,49.0,5.0,2.0,0.0,6.0,11.0,3.0,9.0,9.0,0.0,1.0,13.0,23.0,0.0,9.0,0.0,2.0,0.0,0.0,,,,,,,,,,,,,,,,,,,,,,,,,,,,,,,,,,,,,,,,,,,,,,,,,,,,,,,,,,,,,,,,,,,,,,,,,,,,,,,,,,,,,
110,38.0,0.0,16.0,21.0,24.0,0.0,16.0,13.0,86.0,47.0,17.0,42.0,62.0,20.0,34.0,17.0,20.0,37.0,29.0,51.0,36.0,4.0,49.0,11.0,26.0,20.0,4.0,25.0,24.0,12.0,0.0,87.0,0.0,3.0,29.0,85.0,0.0,0.0,33.0,69.0,12.0,57.0,0.0,11.0,20.0,13.0,46.0,7.0,19.0,73.0,24.0,24.0,61.0,40.0,0.0,0.0,118.0,74.0,0.0,71.0,32.0,0.0,27.0,0.0,86.0,241.0,225.0,94.0,97.0,49.0,344.0,535.0,137.0,0.0,0.0,0.0,0.0,0.0,0.0,0.0,0.0,0.0,0.0,298.0,0.0,0.0,0.0,0.0,0.0,0.0,,,,,,,,,,,,,,,,,,,,,,,,,,,,,,,
111,5.0,8.0,14.0,2.0,6.0,0.0,27.0,2.0,55.0,11.0,40.0,13.0,1.0,43.0,97.0,15.0,31.0,0.0,16.0,5.0,17.0,32.0,6.0,0.0,0.0,18.0,34.0,12.0,6.0,1.0,0.0,24.0,11.0,9.0,64.0,23.0,0.0,20.0,27.0,24.0,0.0,31.0,0.0,198.0,54.0,0.0,62.0,0.0,94.0,0.0,0.0,58.0,0.0,0.0,80.0,11.0,163.0,0.0,0.0,0.0,0.0,0.0,,,,,,,,,,,,,,,,,,,,,,,,,,,,,,,,,,,,,,,,,,,,,,,,,,,,,,,,,,,
112,10.0,1.0,24.0,0.0,17.0,16.0,17.0,4.0,18.0,0.0,10.0,0.0,13.0,9.0,15.0,7.0,8.0,0.0,1.0,5.0,4.0,7.0,0.0,0.0,0.0,0.0,0.0,0.0,0.0,0.0,,,,,,,,,,,,,,,,,,,,,,,,,,,,,,,,,,,,,,,,,,,,,,,,,,,,,,,,,,,,,,,,,,,,,,,,,,,,,,,,,,,,,,,,,,,
113,0.0,21.0,0.0,3.0,21.0,36.0,1.0,0.0,13.0,8.0,20.0,35.0,58.0,0.0,22.0,11.0,4.0,93.0,0.0,56.0,0.0,49.0,139.0,0.0,38.0,39.0,12.0,100.0,6.0,0.0,8.0,0.0,0.0,0.0,0.0,0.0,0.0,0.0,0.0,0.0,0.0,0.0,0.0,0.0,,,,,,,,,,,,,,,,,,,,,,,,,,,,,,,,,,,,,,,,,,,,,,,,,,,,,,,,,,,,,,,,,,,,,,,,,,,,,
114,9.0,21.0,0.0,0.0,27.0,21.0,30.0,0.0,20.0,11.0,7.0,0.0,15.0,20.0,28.0,1.0,7.0,0.0,0.0,5.0,0.0,1.0,0.0,0.0,5.0,0.0,0.0,11.0,0.0,0.0,0.0,4.0,1.0,0.0,1.0,19.0,0.0,15.0,0.0,0.0,8.0,13.0,0.0,93.0,0.0,162.0,17.0,6.0,35.0,24.0,250.0,197.0,32.0,0.0,0.0,335.0,294.0,28.0,77.0,24.0,0.0,26.0,0.0,3.0,26.0,9.0,0.0,0.0,2.0,0.0,0.0,0.0,0.0,,,,,,,,,,,,,,,,,,,,,,,,,,,,,,,,,,,,,,,,,,,,,,,,
115,7.0,30.0,27.0,1.0,8.0,20.0,0.0,36.0,16.0,5.0,4.0,24.0,0.0,25.0,44.0,0.0,56.0,21.0,0.0,37.0,196.0,101.0,120.0,70.0,8.0,141.0,65.0,200.0,165.0,44.0,14.0,62.0,47.0,34.0,69.0,98.0,0.0,191.0,87.0,0.0,69.0,0.0,0.0,0.0,230.0,0.0,0.0,0.0,0.0,0.0,0.0,0.0,0.0,0.0,0.0,0.0,0.0,0.0,0.0,,,,,,,,,,,,,,,,,,,,,,,,,,,,,,,,,,,,,,,,,,,,,,,,,,,,,,,,,,,,,,
116,3.0,9.0,16.0,6.0,7.0,98.0,0.0,0.0,19.0,0.0,31.0,8.0,8.0,8.0,23.0,0.0,54.0,0.0,13.0,0.0,18.0,0.0,0.0,15.0,19.0,33.0,70.0,0.0,0.0,24.0,10.0,23.0,9.0,11.0,0.0,41.0,123.0,0.0,0.0,0.0,0.0,27.0,0.0,9.0,0.0,0.0,0.0,0.0,0.0,0.0,0.0,0.0,0.0,0.0,0.0,0.0,,,,,,,,,,,,,,,,,,,,,,,,,,,,,,,,,,,,,,,,,,,,,,,,,,,,,,,,,,,,,,,,,
117,20.0,1.0,15.0,0.0,17.0,3.0,34.0,0.0,7.0,27.0,0.0,20.0,5.0,13.0,24.0,105.0,11.0,6.0,66.0,9.0,41.0,143.0,61.0,0.0,32.0,0.0,69.0,54.0,8.0,0.0,139.0,65.0,53.0,86.0,126.0,0.0,3.0,1.0,16.0,25.0,3.0,22.0,127.0,171.0,106.0,,,,,,,,,,,,,,,,,,,,,,,,,,,,,,,,,,,,,,,,,,,,,,,,,,,,,,,,,,,,,,,,,,,,,,,,,,,,
118,1.0,44.0,5.0,14.0,27.0,0.0,0.0,9.0,6.0,0.0,45.0,34.0,9.0,10.0,6.0,65.0,0.0,0.0,257.0,0.0,0.0,0.0,0.0,0.0,,,,,,,,,,,,,,,,,,,,,,,,,,,,,,,,,,,,,,,,,,,,,,,,,,,,,,,,,,,,,,,,,,,,,,,,,,,,,,,,,,,,,,,,,,,,,,,,,
119,16.0,12.0,13.0,11.0,19.0,76.0,1.0,22.0,16.0,39.0,93.0,40.0,32.0,39.0,2.0,9.0,22.0,0.0,9.0,30.0,57.0,26.0,30.0,1.0,12.0,15.0,12.0,27.0,26.0,9.0,20.0,0.0,0.0,8.0,3.0,0.0,0.0,217.0,28.0,0.0,67.0,0.0,184.0,136.0,0.0,0.0,0.0,279.0,,,,,,,,,,,,,,,,,,,,,,,,,,,,,,,,,,,,,,,,,,,,,,,,,,,,,,,,,,,,,,,,,,,,,,,,,
120,10.0,74.0,21.0,27.0,7.0,16.0,11.0,2.0,22.0,18.0,5.0,0.0,0.0,5.0,18.0,13.0,16.0,0.0,10.0,5.0,0.0,0.0,8.0,0.0,4.0,9.0,23.0,0.0,2.0,7.0,6.0,5.0,0.0,1.0,0.0,77.0,24.0,23.0,0.0,0.0,4.0,8.0,0.0,3.0,127.0,16.0,26.0,35.0,0.0,0.0,86.0,0.0,0.0,0.0,0.0,0.0,0.0,0.0,0.0,,,,,,,,,,,,,,,,,,,,,,,,,,,,,,,,,,,,,,,,,,,,,,,,,,,,,,,,,,,,,,
121,0.0,0.0,8.0,12.0,18.0,5.0,67.0,24.0,7.0,114.0,5.0,0.0,0.0,87.0,9.0,25.0,21.0,18.0,23.0,33.0,0.0,225.0,39.0,2.0,11.0,80.0,0.0,2.0,0.0,21.0,0.0,49.0,0.0,5.0,0.0,9.0,3.0,18.0,13.0,99.0,9.0,0.0,,,,,,,,,,,,,,,,,,,,,,,,,,,,,,,,,,,,,,,,,,,,,,,,,,,,,,,,,,,,,,,,,,,,,,,,,,,,,,,
122,28.0,6.0,0.0,27.0,45.0,7.0,13.0,0.0,0.0,0.0,20.0,3.0,0.0,62.0,8.0,22.0,19.0,37.0,0.0,20.0,53.0,28.0,22.0,0.0,0.0,0.0,0.0,0.0,0.0,0.0,0.0,0.0,0.0,0.0,0.0,0.0,0.0,0.0,0.0,,,,,,,,,,,,,,,,,,,,,,,,,,,,,,,,,,,,,,,,,,,,,,,,,,,,,,,,,,,,,,,,,,,,,,,,,,,,,,,,,,
123,34.0,19.0,8.0,13.0,8.0,8.0,3.0,9.0,20.0,17.0,6.0,2.0,15.0,0.0,17.0,0.0,39.0,36.0,81.0,22.0,23.0,26.0,0.0,0.0,0.0,0.0,0.0,0.0,18.0,9.0,16.0,22.0,9.0,0.0,0.0,0.0,0.0,0.0,0.0,0.0,0.0,0.0,0.0,0.0,0.0,0.0,0.0,0.0,0.0,0.0,0.0,0.0,0.0,0.0,0.0,0.0,0.0,49.0,0.0,4.0,0.0,0.0,0.0,0.0,17.0,0.0,61.0,25.0,54.0,3.0,377.0,0.0,45.0,23.0,0.0,5.0,0.0,0.0,385.0,393.0,26.0,69.0,109.0,0.0,0.0,0.0,0.0,0.0,0.0,0.0,0.0,0.0,,,,,,,,,,,,,,,,,,,,,,,,,,,,,
124,6.0,8.0,16.0,54.0,28.0,0.0,25.0,23.0,94.0,15.0,0.0,45.0,38.0,70.0,0.0,48.0,0.0,0.0,26.0,0.0,18.0,11.0,3.0,99.0,5.0,28.0,8.0,22.0,11.0,0.0,79.0,18.0,0.0,12.0,136.0,0.0,41.0,0.0,0.0,16.0,16.0,146.0,40.0,26.0,12.0,112.0,132.0,1.0,36.0,2.0,33.0,0.0,0.0,131.0,0.0,0.0,0.0,,,,,,,,,,,,,,,,,,,,,,,,,,,,,,,,,,,,,,,,,,,,,,,,,,,,,,,,,,,,,,,,
125,22.0,29.0,9.0,7.0,15.0,27.0,15.0,0.0,20.0,0.0,0.0,0.0,8.0,29.0,147.0,0.0,0.0,14.0,143.0,0.0,0.0,31.0,12.0,69.0,0.0,81.0,27.0,46.0,0.0,14.0,14.0,8.0,119.0,54.0,33.0,32.0,103.0,0.0,41.0,70.0,53.0,5.0,20.0,0.0,16.0,190.0,0.0,0.0,32.0,17.0,2.0,0.0,14.0,0.0,14.0,3.0,222.0,7.0,15.0,77.0,45.0,0.0,1.0,175.0,167.0,14.0,0.0,0.0,16.0,14.0,256.0,83.0,27.0,18.0,10.0,0.0,0.0,0.0,0.0,,,,,,,,,,,,,,,,,,,,,,,,,,,,,,,,,,,,,,,,,,
126,8.0,17.0,33.0,2.0,13.0,0.0,3.0,0.0,11.0,0.0,7.0,17.0,10.0,0.0,53.0,0.0,0.0,4.0,0.0,16.0,101.0,6.0,0.0,10.0,48.0,11.0,3.0,11.0,0.0,33.0,17.0,2.0,75.0,4.0,0.0,20.0,67.0,1.0,3.0,2.0,1.0,3.0,,,,,,,,,,,,,,,,,,,,,,,,,,,,,,,,,,,,,,,,,,,,,,,,,,,,,,,,,,,,,,,,,,,,,,,,,,,,,,,
127,22.0,6.0,14.0,15.0,6.0,2.0,5.0,5.0,22.0,1.0,4.0,6.0,14.0,14.0,33.0,10.0,3.0,43.0,0.0,15.0,43.0,44.0,0.0,0.0,0.0,0.0,0.0,0.0,0.0,0.0,0.0,28.0,0.0,0.0,0.0,0.0,0.0,,,,,,,,,,,,,,,,,,,,,,,,,,,,,,,,,,,,,,,,,,,,,,,,,,,,,,,,,,,,,,,,,,,,,,,,,,,,,,,,,,,,
128,9.0,12.0,21.0,0.0,2.0,13.0,0.0,1.0,21.0,0.0,25.0,5.0,15.0,10.0,0.0,84.0,7.0,0.0,20.0,46.0,1.0,0.0,13.0,19.0,1.0,2.0,2.0,1.0,2.0,,,,,,,,,,,,,,,,,,,,,,,,,,,,,,,,,,,,,,,,,,,,,,,,,,,,,,,,,,,,,,,,,,,,,,,,,,,,,,,,,,,,,,,,,,,,
129,42.0,32.0,0.0,8.0,10.0,32.0,0.0,1.0,30.0,0.0,39.0,8.0,9.0,0.0,0.0,0.0,4.0,9.0,0.0,0.0,6.0,33.0,46.0,41.0,24.0,0.0,13.0,83.0,5.0,36.0,0.0,341.0,181.0,381.0,43.0,54.0,38.0,,,,,,,,,,,,,,,,,,,,,,,,,,,,,,,,,,,,,,,,,,,,,,,,,,,,,,,,,,,,,,,,,,,,,,,,,,,,,,,,,,,,
130,5.0,10.0,18.0,6.0,41.0,0.0,23.0,13.0,0.0,26.0,10.0,4.0,37.0,8.0,52.0,3.0,0.0,25.0,0.0,14.0,39.0,2.0,0.0,0.0,67.0,0.0,0.0,173.0,0.0,0.0,12.0,58.0,0.0,35.0,0.0,3.0,0.0,0.0,13.0,0.0,0.0,0.0,5.0,4.0,120.0,51.0,17.0,7.0,12.0,0.0,31.0,0.0,0.0,0.0,56.0,0.0,0.0,247.0,12.0,0.0,38.0,60.0,0.0,0.0,0.0,0.0,,,,,,,,,,,,,,,,,,,,,,,,,,,,,,,,,,,,,,,,,,,,,,,,,,,,,,,
131,0.0,0.0,16.0,3.0,24.0,30.0,14.0,13.0,0.0,20.0,14.0,104.0,27.0,10.0,31.0,27.0,64.0,55.0,35.0,4.0,18.0,5.0,10.0,45.0,0.0,7.0,0.0,13.0,121.0,72.0,0.0,15.0,34.0,0.0,5.0,34.0,75.0,18.0,121.0,13.0,0.0,28.0,0.0,295.0,0.0,13.0,1.0,0.0,0.0,0.0,0.0,0.0,13.0,0.0,77.0,36.0,6.0,32.0,0.0,0.0,13.0,0.0,70.0,0.0,56.0,0.0,30.0,132.0,13.0,0.0,0.0,3.0,0.0,10.0,0.0,21.0,220.0,291.0,290.0,17.0,47.0,39.0,61.0,0.0,0.0,235.0,21.0,18.0,0.0,84.0,83.0,3.0,81.0,35.0,0.0,,,,,,,,,,,,,,,,,,,,,,,,,,
132,9.0,16.0,15.0,11.0,36.0,32.0,28.0,0.0,42.0,0.0,4.0,0.0,41.0,19.0,37.0,31.0,14.0,8.0,14.0,57.0,0.0,22.0,19.0,4.0,22.0,0.0,1.0,1.0,0.0,0.0,0.0,0.0,53.0,49.0,213.0,49.0,0.0,0.0,35.0,25.0,10.0,4.0,0.0,,,,,,,,,,,,,,,,,,,,,,,,,,,,,,,,,,,,,,,,,,,,,,,,,,,,,,,,,,,,,,,,,,,,,,,,,,,,,,
133,15.0,12.0,9.0,0.0,0.0,58.0,16.0,13.0,29.0,17.0,14.0,31.0,64.0,15.0,88.0,12.0,4.0,0.0,14.0,62.0,0.0,0.0,0.0,58.0,0.0,0.0,0.0,0.0,0.0,0.0,0.0,0.0,0.0,,,,,,,,,,,,,,,,,,,,,,,,,,,,,,,,,,,,,,,,,,,,,,,,,,,,,,,,,,,,,,,,,,,,,,,,,,,,,,,,,,,,,,,,
134,50.0,13.0,3.0,0.0,20.0,12.0,0.0,22.0,3.0,62.0,7.0,5.0,32.0,41.0,0.0,0.0,15.0,0.0,8.0,13.0,0.0,43.0,0.0,0.0,29.0,12.0,24.0,0.0,0.0,18.0,0.0,0.0,31.0,34.0,0.0,10.0,50.0,19.0,2.0,4.0,0.0,0.0,13.0,11.0,0.0,3.0,31.0,8.0,3.0,52.0,105.0,43.0,3.0,3.0,35.0,0.0,11.0,13.0,26.0,0.0,0.0,8.0,50.0,46.0,29.0,100.0,0.0,95.0,12.0,17.0,7.0,12.0,19.0,0.0,79.0,0.0,0.0,4.0,5.0,0.0,0.0,0.0,0.0,0.0,0.0,0.0,0.0,0.0,0.0,0.0,0.0,0.0,0.0,9.0,0.0,0.0,0.0,0.0,3.0,51.0,76.0,22.0,19.0,0.0,0.0,1.0,17.0,39.0,19.0,18.0,5.0,0.0,6.0,7.0,6.0,12.0,4.0,0.0,0.0,0.0,0.0
135,4.0,13.0,0.0,0.0,3.0,29.0,0.0,0.0,19.0,15.0,0.0,6.0,12.0,55.0,17.0,37.0,10.0,12.0,3.0,70.0,61.0,0.0,0.0,0.0,0.0,2.0,9.0,32.0,39.0,50.0,0.0,125.0,36.0,8.0,0.0,0.0,0.0,0.0,0.0,0.0,0.0,4.0,2.0,0.0,0.0,0.0,0.0,0.0,0.0,0.0,0.0,,,,,,,,,,,,,,,,,,,,,,,,,,,,,,,,,,,,,,,,,,,,,,,,,,,,,,,,,,,,,,,,,,,,,,
136,4.0,9.0,0.0,17.0,12.0,5.0,2.0,17.0,0.0,6.0,13.0,22.0,0.0,1.0,8.0,3.0,0.0,56.0,21.0,45.0,53.0,0.0,77.0,0.0,17.0,13.0,0.0,0.0,0.0,18.0,0.0,0.0,0.0,,,,,,,,,,,,,,,,,,,,,,,,,,,,,,,,,,,,,,,,,,,,,,,,,,,,,,,,,,,,,,,,,,,,,,,,,,,,,,,,,,,,,,,,
137,32.0,14.0,37.0,11.0,0.0,13.0,18.0,27.0,30.0,30.0,32.0,0.0,3.0,0.0,0.0,15.0,30.0,42.0,15.0,0.0,26.0,198.0,132.0,59.0,38.0,141.0,58.0,1.0,83.0,0.0,0.0,,,,,,,,,,,,,,,,,,,,,,,,,,,,,,,,,,,,,,,,,,,,,,,,,,,,,,,,,,,,,,,,,,,,,,,,,,,,,,,,,,,,,,,,,,
138,0.0,6.0,31.0,0.0,0.0,3.0,38.0,31.0,61.0,50.0,19.0,25.0,96.0,28.0,17.0,13.0,27.0,44.0,0.0,64.0,0.0,84.0,118.0,65.0,0.0,0.0,40.0,16.0,0.0,20.0,20.0,0.0,11.0,10.0,0.0,0.0,42.0,0.0,0.0,,,,,,,,,,,,,,,,,,,,,,,,,,,,,,,,,,,,,,,,,,,,,,,,,,,,,,,,,,,,,,,,,,,,,,,,,,,,,,,,,,
139,10.0,0.0,33.0,4.0,0.0,6.0,22.0,9.0,5.0,24.0,82.0,91.0,117.0,32.0,25.0,24.0,15.0,0.0,22.0,99.0,12.0,12.0,78.0,36.0,31.0,81.0,345.0,47.0,0.0,68.0,0.0,45.0,5.0,37.0,23.0,7.0,54.0,0.0,0.0,0.0,20.0,0.0,37.0,0.0,0.0,11.0,1.0,36.0,95.0,0.0,0.0,0.0,0.0,0.0,169.0,16.0,56.0,0.0,0.0,22.0,0.0,0.0,0.0,0.0,0.0,0.0,0.0,,,,,,,,,,,,,,,,,,,,,,,,,,,,,,,,,,,,,,,,,,,,,,,,,,,,,,
140,4.0,30.0,13.0,2.0,13.0,11.0,0.0,18.0,26.0,5.0,33.0,0.0,14.0,46.0,40.0,58.0,15.0,5.0,27.0,49.0,27.0,6.0,0.0,0.0,29.0,0.0,0.0,0.0,,,,,,,,,,,,,,,,,,,,,,,,,,,,,,,,,,,,,,,,,,,,,,,,,,,,,,,,,,,,,,,,,,,,,,,,,,,,,,,,,,,,,,,,,,,,,
141,8.0,8.0,5.0,0.0,22.0,12.0,9.0,8.0,1.0,2.0,39.0,20.0,0.0,11.0,5.0,0.0,0.0,9.0,0.0,17.0,24.0,0.0,23.0,19.0,2.0,0.0,24.0,3.0,14.0,9.0,3.0,11.0,6.0,6.0,56.0,10.0,0.0,0.0,12.0,0.0,0.0,66.0,0.0,59.0,0.0,0.0,0.0,0.0,0.0,,,,,,,,,,,,,,,,,,,,,,,,,,,,,,,,,,,,,,,,,,,,,,,,,,,,,,,,,,,,,,,,,,,,,,,,
142,6.0,3.0,7.0,0.0,11.0,2.0,0.0,33.0,0.0,19.0,118.0,0.0,1.0,0.0,6.0,2.0,1.0,0.0,2.0,5.0,0.0,20.0,98.0,4.0,12.0,17.0,11.0,82.0,100.0,48.0,62.0,0.0,15.0,27.0,56.0,44.0,25.0,0.0,17.0,20.0,29.0,14.0,72.0,110.0,2.0,14.0,61.0,39.0,42.0,0.0,0.0,7.0,59.0,53.0,38.0,23.0,19.0,16.0,32.0,29.0,18.0,0.0,0.0,0.0,450.0,0.0,0.0,0.0,0.0,0.0,0.0,0.0,128.0,70.0,0.0,0.0,0.0,,,,,,,,,,,,,,,,,,,,,,,,,,,,,,,,,,,,,,,,,,,,
143,23.0,47.0,0.0,23.0,29.0,24.0,11.0,34.0,22.0,26.0,51.0,31.0,146.0,54.0,0.0,16.0,9.0,21.0,84.0,0.0,0.0,0.0,50.0,5.0,0.0,18.0,0.0,0.0,0.0,0.0,38.0,0.0,8.0,29.0,0.0,0.0,1.0,0.0,0.0,0.0,0.0,0.0,0.0,0.0,0.0,0.0,0.0,37.0,20.0,47.0,0.0,0.0,0.0,0.0,0.0,0.0,0.0,0.0,0.0,0.0,0.0,0.0,976.0,12.0,60.0,0.0,0.0,,,,,,,,,,,,,,,,,,,,,,,,,,,,,,,,,,,,,,,,,,,,,,,,,,,,,,
144,3.0,9.0,21.0,30.0,23.0,7.0,29.0,113.0,11.0,9.0,63.0,23.0,1.0,14.0,7.0,41.0,0.0,1.0,22.0,11.0,33.0,0.0,17.0,11.0,6.0,0.0,11.0,16.0,0.0,0.0,16.0,14.0,14.0,2.0,2.0,0.0,0.0,0.0,1.0,2.0,0.0,0.0,,,,,,,,,,,,,,,,,,,,,,,,,,,,,,,,,,,,,,,,,,,,,,,,,,,,,,,,,,,,,,,,,,,,,,,,,,,,,,,
145,8.0,13.0,43.0,0.0,46.0,0.0,25.0,54.0,6.0,44.0,18.0,41.0,49.0,3.0,2.0,77.0,43.0,54.0,44.0,0.0,0.0,11.0,8.0,19.0,1.0,75.0,0.0,142.0,0.0,86.0,132.0,59.0,0.0,0.0,0.0,0.0,0.0,9.0,19.0,4.0,0.0,,,,,,,,,,,,,,,,,,,,,,,,,,,,,,,,,,,,,,,,,,,,,,,,,,,,,,,,,,,,,,,,,,,,,,,,,,,,,,,,
146,7.0,11.0,40.0,24.0,32.0,0.0,75.0,16.0,9.0,23.0,12.0,8.0,15.0,0.0,4.0,14.0,0.0,0.0,25.0,0.0,,,,,,,,,,,,,,,,,,,,,,,,,,,,,,,,,,,,,,,,,,,,,,,,,,,,,,,,,,,,,,,,,,,,,,,,,,,,,,,,,,,,,,,,,,,,,,,,,,,,,
147,3.0,10.0,20.0,5.0,27.0,16.0,0.0,30.0,5.0,24.0,30.0,6.0,34.0,14.0,22.0,6.0,0.0,3.0,0.0,18.0,69.0,0.0,11.0,4.0,1.0,13.0,24.0,13.0,3.0,12.0,4.0,20.0,34.0,8.0,5.0,14.0,6.0,5.0,4.0,9.0,117.0,0.0,18.0,0.0,0.0,2.0,0.0,30.0,0.0,0.0,0.0,0.0,5.0,4.0,0.0,0.0,0.0,7.0,0.0,2.0,9.0,6.0,0.0,4.0,0.0,0.0,0.0,0.0,6.0,0.0,3.0,0.0,0.0,9.0,0.0,0.0,0.0,0.0,0.0,0.0,0.0,0.0,0.0,0.0,0.0,0.0,,,,,,,,,,,,,,,,,,,,,,,,,,,,,,,,,,,
148,12.0,8.0,6.0,3.0,36.0,2.0,6.0,48.0,23.0,12.0,13.0,57.0,0.0,25.0,6.0,47.0,125.0,0.0,24.0,10.0,0.0,6.0,0.0,12.0,22.0,0.0,0.0,0.0,16.0,0.0,0.0,0.0,12.0,27.0,89.0,0.0,0.0,181.0,54.0,0.0,0.0,0.0,,,,,,,,,,,,,,,,,,,,,,,,,,,,,,,,,,,,,,,,,,,,,,,,,,,,,,,,,,,,,,,,,,,,,,,,,,,,,,,
149,0.0,36.0,3.0,3.0,30.0,0.0,29.0,8.0,0.0,10.0,7.0,23.0,57.0,8.0,7.0,0.0,0.0,64.0,1.0,14.0,4.0,36.0,13.0,0.0,0.0,49.0,0.0,182.0,0.0,0.0,18.0,44.0,26.0,0.0,0.0,150.0,0.0,17.0,0.0,90.0,55.0,22.0,17.0,42.0,0.0,,,,,,,,,,,,,,,,,,,,,,,,,,,,,,,,,,,,,,,,,,,,,,,,,,,,,,,,,,,,,,,,,,,,,,,,,,,,
150,17.0,20.0,1.0,15.0,22.0,26.0,17.0,0.0,8.0,4.0,33.0,5.0,0.0,12.0,49.0,100.0,0.0,24.0,9.0,0.0,0.0,0.0,0.0,0.0,0.0,0.0,,,,,,,,,,,,,,,,,,,,,,,,,,,,,,,,,,,,,,,,,,,,,,,,,,,,,,,,,,,,,,,,,,,,,,,,,,,,,,,,,,,,,,,,,,,,,,,
151,46.0,20.0,0.0,7.0,0.0,16.0,4.0,3.0,23.0,18.0,16.0,4.0,12.0,10.0,0.0,68.0,21.0,32.0,29.0,30.0,29.0,0.0,7.0,0.0,5.0,16.0,1.0,0.0,7.0,0.0,0.0,0.0,0.0,0.0,0.0,0.0,0.0,0.0,,,,,,,,,,,,,,,,,,,,,,,,,,,,,,,,,,,,,,,,,,,,,,,,,,,,,,,,,,,,,,,,,,,,,,,,,,,,,,,,,,,
152,11.0,16.0,9.0,21.0,27.0,17.0,27.0,104.0,8.0,8.0,11.0,11.0,11.0,12.0,0.0,13.0,32.0,56.0,29.0,4.0,27.0,1.0,0.0,9.0,181.0,31.0,0.0,34.0,0.0,0.0,0.0,0.0,0.0,0.0,0.0,0.0,0.0,0.0,0.0,,,,,,,,,,,,,,,,,,,,,,,,,,,,,,,,,,,,,,,,,,,,,,,,,,,,,,,,,,,,,,,,,,,,,,,,,,,,,,,,,,
153,0.0,51.0,0.0,5.0,9.0,22.0,0.0,10.0,10.0,22.0,14.0,1.0,5.0,28.0,2.0,21.0,23.0,24.0,2.0,0.0,165.0,78.0,15.0,53.0,0.0,79.0,261.0,0.0,22.0,0.0,0.0,0.0,,,,,,,,,,,,,,,,,,,,,,,,,,,,,,,,,,,,,,,,,,,,,,,,,,,,,,,,,,,,,,,,,,,,,,,,,,,,,,,,,,,,,,,,,
154,15.0,15.0,1.0,21.0,23.0,0.0,6.0,17.0,10.0,32.0,32.0,0.0,0.0,103.0,29.0,0.0,0.0,0.0,359.0,0.0,20.0,128.0,272.0,374.0,272.0,7.0,57.0,11.0,141.0,25.0,50.0,739.0,0.0,,,,,,,,,,,,,,,,,,,,,,,,,,,,,,,,,,,,,,,,,,,,,,,,,,,,,,,,,,,,,,,,,,,,,,,,,,,,,,,,,,,,,,,,
155,16.0,0.0,16.0,22.0,12.0,10.0,31.0,0.0,12.0,6.0,26.0,13.0,3.0,6.0,3.0,3.0,13.0,0.0,10.0,0.0,59.0,10.0,3.0,0.0,46.0,2.0,24.0,5.0,0.0,11.0,29.0,7.0,3.0,34.0,12.0,0.0,9.0,16.0,10.0,8.0,15.0,0.0,7.0,0.0,66.0,13.0,40.0,0.0,7.0,16.0,0.0,0.0,65.0,7.0,33.0,14.0,0.0,89.0,4.0,5.0,96.0,58.0,0.0,0.0,14.0,5.0,0.0,9.0,0.0,0.0,0.0,0.0,34.0,0.0,0.0,0.0,0.0,0.0,119.0,21.0,0.0,159.0,0.0,0.0,,,,,,,,,,,,,,,,,,,,,,,,,,,,,,,,,,,,,
156,18.0,27.0,15.0,0.0,0.0,9.0,17.0,17.0,17.0,10.0,45.0,19.0,51.0,18.0,7.0,0.0,104.0,17.0,18.0,0.0,32.0,0.0,141.0,93.0,20.0,0.0,0.0,0.0,29.0,9.0,0.0,9.0,0.0,0.0,0.0,0.0,0.0,0.0,,,,,,,,,,,,,,,,,,,,,,,,,,,,,,,,,,,,,,,,,,,,,,,,,,,,,,,,,,,,,,,,,,,,,,,,,,,,,,,,,,,
157,18.0,24.0,19.0,25.0,3.0,16.0,5.0,50.0,53.0,0.0,19.0,10.0,45.0,34.0,16.0,7.0,9.0,0.0,45.0,0.0,7.0,0.0,0.0,19.0,28.0,,,,,,,,,,,,,,,,,,,,,,,,,,,,,,,,,,,,,,,,,,,,,,,,,,,,,,,,,,,,,,,,,,,,,,,,,,,,,,,,,,,,,,,,,,,,,,,,
158,4.0,2.0,8.0,4.0,15.0,25.0,15.0,37.0,20.0,14.0,9.0,3.0,11.0,2.0,13.0,1.0,0.0,5.0,28.0,19.0,59.0,16.0,37.0,0.0,52.0,29.0,2.0,25.0,68.0,0.0,19.0,34.0,33.0,0.0,0.0,9.0,0.0,0.0,0.0,0.0,0.0,,,,,,,,,,,,,,,,,,,,,,,,,,,,,,,,,,,,,,,,,,,,,,,,,,,,,,,,,,,,,,,,,,,,,,,,,,,,,,,,
159,14.0,62.0,9.0,5.0,0.0,18.0,27.0,23.0,0.0,6.0,23.0,12.0,10.0,20.0,0.0,75.0,112.0,42.0,18.0,47.0,38.0,0.0,4.0,0.0,8.0,2.0,16.0,33.0,0.0,20.0,,,,,,,,,,,,,,,,,,,,,,,,,,,,,,,,,,,,,,,,,,,,,,,,,,,,,,,,,,,,,,,,,,,,,,,,,,,,,,,,,,,,,,,,,,,
160,7.0,17.0,4.0,6.0,0.0,2.0,19.0,10.0,0.0,55.0,38.0,1.0,19.0,0.0,19.0,13.0,12.0,33.0,16.0,40.0,66.0,115.0,0.0,122.0,38.0,0.0,0.0,18.0,35.0,9.0,0.0,43.0,19.0,0.0,16.0,0.0,18.0,16.0,0.0,0.0,409.0,30.0,0.0,126.0,0.0,14.0,0.0,0.0,0.0,272.0,0.0,133.0,133.0,0.0,5.0,16.0,0.0,0.0,0.0,0.0,0.0,0.0,0.0,2.0,0.0,0.0,0.0,1.0,5.0,0.0,,,,,,,,,,,,,,,,,,,,,,,,,,,,,,,,,,,,,,,,,,,,,,,,,,,
161,13.0,12.0,3.0,41.0,0.0,0.0,1.0,11.0,25.0,0.0,19.0,0.0,0.0,25.0,9.0,3.0,60.0,22.0,9.0,29.0,18.0,0.0,45.0,45.0,21.0,0.0,0.0,27.0,0.0,36.0,0.0,14.0,22.0,0.0,0.0,28.0,23.0,0.0,46.0,10.0,13.0,,,,,,,,,,,,,,,,,,,,,,,,,,,,,,,,,,,,,,,,,,,,,,,,,,,,,,,,,,,,,,,,,,,,,,,,,,,,,,,,
162,17.0,2.0,7.0,2.0,0.0,8.0,0.0,4.0,42.0,10.0,7.0,53.0,5.0,11.0,77.0,18.0,12.0,4.0,0.0,23.0,20.0,19.0,13.0,10.0,6.0,10.0,12.0,15.0,1.0,12.0,37.0,30.0,58.0,22.0,65.0,36.0,61.0,44.0,1.0,34.0,66.0,7.0,10.0,8.0,0.0,94.0,71.0,14.0,63.0,91.0,73.0,14.0,33.0,79.0,38.0,85.0,1.0,25.0,0.0,0.0,79.0,28.0,12.0,0.0,22.0,60.0,7.0,0.0,0.0,0.0,0.0,0.0,0.0,3.0,0.0,0.0,0.0,0.0,0.0,0.0,0.0,21.0,0.0,,,,,,,,,,,,,,,,,,,,,,,,,,,,,,,,,,,,,,
163,10.0,15.0,16.0,18.0,1.0,0.0,0.0,9.0,8.0,8.0,14.0,9.0,0.0,4.0,26.0,17.0,2.0,12.0,24.0,22.0,13.0,0.0,29.0,7.0,41.0,27.0,9.0,36.0,43.0,,,,,,,,,,,,,,,,,,,,,,,,,,,,,,,,,,,,,,,,,,,,,,,,,,,,,,,,,,,,,,,,,,,,,,,,,,,,,,,,,,,,,,,,,,,,
164,25.0,23.0,16.0,51.0,34.0,12.0,0.0,3.0,0.0,21.0,6.0,0.0,10.0,3.0,0.0,7.0,19.0,6.0,61.0,0.0,8.0,19.0,0.0,29.0,44.0,31.0,0.0,31.0,2.0,30.0,11.0,0.0,27.0,60.0,0.0,0.0,169.0,0.0,4.0,0.0,5.0,0.0,62.0,0.0,0.0,0.0,0.0,0.0,0.0,0.0,0.0,0.0,,,,,,,,,,,,,,,,,,,,,,,,,,,,,,,,,,,,,,,,,,,,,,,,,,,,,,,,,,,,,,,,,,,,,
165,15.0,9.0,22.0,22.0,2.0,12.0,45.0,35.0,2.0,9.0,2.0,13.0,9.0,16.0,1.0,0.0,72.0,10.0,4.0,21.0,9.0,132.0,0.0,0.0,20.0,8.0,19.0,2.0,0.0,2.0,,,,,,,,,,,,,,,,,,,,,,,,,,,,,,,,,,,,,,,,,,,,,,,,,,,,,,,,,,,,,,,,,,,,,,,,,,,,,,,,,,,,,,,,,,,
166,0.0,20.0,10.0,13.0,16.0,16.0,0.0,6.0,0.0,8.0,0.0,48.0,23.0,7.0,13.0,38.0,0.0,0.0,0.0,1.0,1.0,0.0,9.0,,,,,,,,,,,,,,,,,,,,,,,,,,,,,,,,,,,,,,,,,,,,,,,,,,,,,,,,,,,,,,,,,,,,,,,,,,,,,,,,,,,,,,,,,,,,,,,,,,
167,12.0,17.0,2.0,14.0,26.0,11.0,1.0,1.0,16.0,9.0,38.0,15.0,0.0,16.0,,,,,,,,,,,,,,,,,,,,,,,,,,,,,,,,,,,,,,,,,,,,,,,,,,,,,,,,,,,,,,,,,,,,,,,,,,,,,,,,,,,,,,,,,,,,,,,,,,,,,,,,,,,
168,6.0,30.0,5.0,0.0,5.0,13.0,31.0,1.0,40.0,16.0,23.0,23.0,5.0,7.0,46.0,6.0,55.0,19.0,25.0,62.0,24.0,40.0,8.0,4.0,0.0,23.0,0.0,31.0,10.0,52.0,9.0,0.0,0.0,21.0,21.0,0.0,0.0,0.0,8.0,0.0,0.0,0.0,0.0,5.0,29.0,14.0,19.0,39.0,0.0,0.0,0.0,0.0,41.0,35.0,131.0,9.0,12.0,0.0,155.0,1.0,198.0,0.0,,,,,,,,,,,,,,,,,,,,,,,,,,,,,,,,,,,,,,,,,,,,,,,,,,,,,,,,,,,
169,8.0,18.0,5.0,1.0,1.0,3.0,0.0,14.0,15.0,0.0,15.0,12.0,17.0,46.0,37.0,11.0,18.0,0.0,0.0,53.0,37.0,0.0,0.0,7.0,0.0,14.0,0.0,0.0,0.0,0.0,28.0,0.0,30.0,0.0,1.0,0.0,22.0,27.0,10.0,6.0,21.0,38.0,41.0,0.0,186.0,171.0,0.0,0.0,0.0,0.0,0.0,0.0,,,,,,,,,,,,,,,,,,,,,,,,,,,,,,,,,,,,,,,,,,,,,,,,,,,,,,,,,,,,,,,,,,,,,
170,40.0,13.0,24.0,11.0,21.0,40.0,112.0,86.0,76.0,54.0,14.0,0.0,28.0,0.0,22.0,2.0,0.0,0.0,0.0,29.0,14.0,0.0,0.0,0.0,542.0,0.0,279.0,88.0,0.0,0.0,0.0,0.0,0.0,0.0,0.0,107.0,0.0,0.0,0.0,0.0,,,,,,,,,,,,,,,,,,,,,,,,,,,,,,,,,,,,,,,,,,,,,,,,,,,,,,,,,,,,,,,,,,,,,,,,,,,,,,,,,
171,9.0,0.0,28.0,68.0,10.0,0.0,44.0,31.0,21.0,0.0,40.0,0.0,23.0,0.0,0.0,31.0,3.0,10.0,0.0,1.0,12.0,109.0,24.0,0.0,0.0,8.0,3.0,6.0,13.0,0.0,34.0,0.0,0.0,48.0,28.0,38.0,259.0,52.0,0.0,704.0,65.0,26.0,37.0,16.0,5.0,12.0,0.0,14.0,0.0,0.0,609.0,0.0,23.0,0.0,0.0,0.0,0.0,0.0,0.0,0.0,0.0,,,,,,,,,,,,,,,,,,,,,,,,,,,,,,,,,,,,,,,,,,,,,,,,,,,,,,,,,,,,
172,17.0,0.0,29.0,60.0,0.0,33.0,21.0,0.0,22.0,52.0,2.0,46.0,67.0,0.0,0.0,0.0,0.0,359.0,16.0,0.0,10.0,0.0,192.0,5.0,217.0,112.0,0.0,37.0,0.0,0.0,0.0,1.0,0.0,16.0,0.0,22.0,86.0,80.0,0.0,0.0,33.0,58.0,,,,,,,,,,,,,,,,,,,,,,,,,,,,,,,,,,,,,,,,,,,,,,,,,,,,,,,,,,,,,,,,,,,,,,,,,,,,,,,
173,13.0,21.0,16.0,8.0,62.0,11.0,6.0,0.0,3.0,31.0,0.0,0.0,36.0,15.0,42.0,0.0,19.0,0.0,7.0,27.0,31.0,12.0,10.0,0.0,18.0,83.0,1.0,14.0,1.0,0.0,0.0,0.0,0.0,0.0,0.0,0.0,0.0,46.0,14.0,0.0,0.0,0.0,0.0,0.0,0.0,0.0,,,,,,,,,,,,,,,,,,,,,,,,,,,,,,,,,,,,,,,,,,,,,,,,,,,,,,,,,,,,,,,,,,,,,,,,,,,
174,16.0,28.0,9.0,5.0,0.0,21.0,13.0,2.0,2.0,50.0,22.0,71.0,42.0,18.0,0.0,0.0,0.0,0.0,0.0,8.0,0.0,0.0,0.0,0.0,321.0,0.0,6.0,4.0,0.0,18.0,2.0,0.0,68.0,4.0,9.0,0.0,0.0,0.0,29.0,0.0,0.0,0.0,0.0,0.0,0.0,,,,,,,,,,,,,,,,,,,,,,,,,,,,,,,,,,,,,,,,,,,,,,,,,,,,,,,,,,,,,,,,,,,,,,,,,,,,
175,16.0,29.0,0.0,20.0,10.0,7.0,9.0,2.0,20.0,4.0,3.0,7.0,10.0,7.0,13.0,15.0,15.0,7.0,14.0,38.0,0.0,43.0,32.0,0.0,0.0,2.0,7.0,0.0,0.0,7.0,1.0,1.0,0.0,0.0,13.0,0.0,0.0,0.0,0.0,0.0,0.0,0.0,0.0,14.0,0.0,0.0,0.0,0.0,13.0,0.0,0.0,0.0,0.0,,,,,,,,,,,,,,,,,,,,,,,,,,,,,,,,,,,,,,,,,,,,,,,,,,,,,,,,,,,,,,,,,,,,
176,0.0,10.0,13.0,20.0,11.0,6.0,0.0,58.0,0.0,9.0,26.0,12.0,0.0,39.0,14.0,11.0,24.0,115.0,7.0,9.0,21.0,7.0,0.0,19.0,0.0,28.0,0.0,0.0,0.0,0.0,0.0,,,,,,,,,,,,,,,,,,,,,,,,,,,,,,,,,,,,,,,,,,,,,,,,,,,,,,,,,,,,,,,,,,,,,,,,,,,,,,,,,,,,,,,,,,
177,32.0,4.0,29.0,18.0,11.0,0.0,9.0,12.0,26.0,65.0,41.0,46.0,27.0,0.0,13.0,18.0,9.0,25.0,40.0,3.0,66.0,0.0,18.0,19.0,19.0,14.0,102.0,95.0,184.0,36.0,20.0,12.0,78.0,16.0,22.0,41.0,172.0,60.0,230.0,105.0,80.0,43.0,141.0,54.0,605.0,80.0,0.0,0.0,0.0,41.0,5.0,0.0,0.0,11.0,0.0,0.0,0.0,0.0,0.0,0.0,,,,,,,,,,,,,,,,,,,,,,,,,,,,,,,,,,,,,,,,,,,,,,,,,,,,,,,,,,,,,
178,7.0,32.0,1.0,11.0,26.0,3.0,15.0,15.0,11.0,5.0,27.0,11.0,23.0,14.0,42.0,84.0,0.0,3.0,102.0,59.0,73.0,36.0,25.0,68.0,11.0,100.0,74.0,12.0,3.0,81.0,89.0,12.0,0.0,98.0,15.0,0.0,0.0,31.0,31.0,14.0,,,,,,,,,,,,,,,,,,,,,,,,,,,,,,,,,,,,,,,,,,,,,,,,,,,,,,,,,,,,,,,,,,,,,,,,,,,,,,,,,
179,5.0,15.0,16.0,13.0,7.0,0.0,0.0,11.0,108.0,14.0,2.0,8.0,21.0,8.0,0.0,40.0,82.0,0.0,0.0,15.0,15.0,0.0,10.0,0.0,0.0,1.0,34.0,0.0,6.0,3.0,51.0,7.0,0.0,0.0,0.0,0.0,0.0,0.0,0.0,0.0,0.0,0.0,,,,,,,,,,,,,,,,,,,,,,,,,,,,,,,,,,,,,,,,,,,,,,,,,,,,,,,,,,,,,,,,,,,,,,,,,,,,,,,
180,33.0,12.0,13.0,9.0,3.0,13.0,0.0,12.0,0.0,3.0,16.0,34.0,41.0,34.0,0.0,5.0,20.0,41.0,19.0,94.0,15.0,0.0,0.0,20.0,241.0,112.0,14.0,0.0,0.0,5.0,14.0,0.0,41.0,11.0,46.0,76.0,58.0,13.0,0.0,5.0,0.0,77.0,120.0,7.0,0.0,171.0,132.0,20.0,113.0,45.0,48.0,6.0,278.0,122.0,42.0,163.0,0.0,0.0,0.0,0.0,0.0,0.0,0.0,0.0,,,,,,,,,,,,,,,,,,,,,,,,,,,,,,,,,,,,,,,,,,,,,,,,,,,,,,,,,
181,20.0,2.0,35.0,16.0,21.0,15.0,13.0,21.0,11.0,8.0,14.0,19.0,7.0,37.0,0.0,83.0,60.0,28.0,97.0,167.0,245.0,137.0,2.0,106.0,0.0,180.0,4.0,0.0,0.0,0.0,,,,,,,,,,,,,,,,,,,,,,,,,,,,,,,,,,,,,,,,,,,,,,,,,,,,,,,,,,,,,,,,,,,,,,,,,,,,,,,,,,,,,,,,,,,
182,20.0,2.0,7.0,0.0,0.0,17.0,12.0,33.0,39.0,33.0,7.0,14.0,49.0,10.0,7.0,6.0,0.0,44.0,0.0,0.0,0.0,1.0,,,,,,,,,,,,,,,,,,,,,,,,,,,,,,,,,,,,,,,,,,,,,,,,,,,,,,,,,,,,,,,,,,,,,,,,,,,,,,,,,,,,,,,,,,,,,,,,,,,
183,4.0,28.0,10.0,37.0,16.0,48.0,0.0,4.0,45.0,14.0,8.0,17.0,11.0,5.0,0.0,40.0,0.0,0.0,0.0,9.0,14.0,0.0,0.0,0.0,14.0,3.0,4.0,44.0,0.0,34.0,0.0,10.0,0.0,0.0,0.0,7.0,37.0,0.0,5.0,0.0,0.0,89.0,0.0,39.0,,,,,,,,,,,,,,,,,,,,,,,,,,,,,,,,,,,,,,,,,,,,,,,,,,,,,,,,,,,,,,,,,,,,,,,,,,,,,
184,45.0,29.0,15.0,72.0,4.0,40.0,6.0,0.0,0.0,48.0,66.0,0.0,8.0,18.0,18.0,0.0,56.0,0.0,0.0,0.0,123.0,3.0,0.0,36.0,0.0,15.0,1.0,71.0,25.0,0.0,0.0,0.0,2.0,0.0,11.0,34.0,0.0,488.0,18.0,10.0,17.0,22.0,32.0,17.0,140.0,0.0,146.0,13.0,6.0,2.0,0.0,0.0,233.0,0.0,103.0,7.0,14.0,205.0,31.0,0.0,0.0,19.0,0.0,0.0,0.0,0.0,,,,,,,,,,,,,,,,,,,,,,,,,,,,,,,,,,,,,,,,,,,,,,,,,,,,,,,
185,54.0,27.0,15.0,0.0,14.0,22.0,26.0,12.0,38.0,12.0,38.0,29.0,4.0,7.0,48.0,31.0,118.0,96.0,2.0,24.0,0.0,,,,,,,,,,,,,,,,,,,,,,,,,,,,,,,,,,,,,,,,,,,,,,,,,,,,,,,,,,,,,,,,,,,,,,,,,,,,,,,,,,,,,,,,,,,,,,,,,,,,
186,10.0,5.0,13.0,0.0,39.0,10.0,0.0,21.0,50.0,0.0,12.0,1.0,10.0,4.0,16.0,23.0,14.0,24.0,32.0,45.0,44.0,70.0,22.0,0.0,104.0,83.0,47.0,14.0,17.0,2.0,8.0,50.0,0.0,11.0,0.0,2.0,49.0,16.0,0.0,0.0,0.0,0.0,0.0,0.0,1.0,0.0,,,,,,,,,,,,,,,,,,,,,,,,,,,,,,,,,,,,,,,,,,,,,,,,,,,,,,,,,,,,,,,,,,,,,,,,,,,
187,,,,,,,,,,,,,,,,,,,,,,,,,,,,,,,,,,,,,,,,,,,,,,,,,,,,,,,,,,,,,,,,,,,,,,,,,,,,,,,,,,,,,,,,,,,,,,,,,,,,,,,,,,,,,,,,,,,,,,,,,
188,3.0,10.0,32.0,0.0,2.0,0.0,7.0,33.0,0.0,0.0,0.0,0.0,0.0,0.0,0.0,0.0,0.0,0.0,0.0,0.0,0.0,0.0,0.0,0.0,0.0,,,,,,,,,,,,,,,,,,,,,,,,,,,,,,,,,,,,,,,,,,,,,,,,,,,,,,,,,,,,,,,,,,,,,,,,,,,,,,,,,,,,,,,,,,,,,,,,
189,0.0,11.0,14.0,9.0,13.0,1.0,21.0,50.0,0.0,0.0,5.0,12.0,0.0,16.0,0.0,3.0,0.0,0.0,42.0,69.0,14.0,0.0,139.0,34.0,8.0,20.0,0.0,46.0,0.0,159.0,0.0,26.0,0.0,0.0,0.0,25.0,0.0,0.0,0.0,0.0,0.0,,,,,,,,,,,,,,,,,,,,,,,,,,,,,,,,,,,,,,,,,,,,,,,,,,,,,,,,,,,,,,,,,,,,,,,,,,,,,,,,
190,0.0,20.0,17.0,14.0,101.0,29.0,30.0,0.0,0.0,108.0,31.0,0.0,231.0,14.0,52.0,0.0,0.0,179.0,0.0,20.0,16.0,26.0,0.0,25.0,0.0,0.0,30.0,100.0,76.0,0.0,7.0,0.0,50.0,0.0,163.0,,,,,,,,,,,,,,,,,,,,,,,,,,,,,,,,,,,,,,,,,,,,,,,,,,,,,,,,,,,,,,,,,,,,,,,,,,,,,,,,,,,,,,
191,13.0,82.0,18.0,0.0,31.0,18.0,3.0,25.0,18.0,18.0,30.0,20.0,18.0,27.0,0.0,27.0,41.0,1.0,6.0,11.0,27.0,8.0,56.0,21.0,22.0,0.0,31.0,14.0,0.0,28.0,82.0,82.0,0.0,0.0,0.0,0.0,0.0,0.0,0.0,,,,,,,,,,,,,,,,,,,,,,,,,,,,,,,,,,,,,,,,,,,,,,,,,,,,,,,,,,,,,,,,,,,,,,,,,,,,,,,,,,
192,10.0,14.0,11.0,14.0,38.0,0.0,0.0,0.0,0.0,34.0,0.0,3.0,0.0,0.0,0.0,7.0,0.0,78.0,24.0,5.0,99.0,27.0,75.0,42.0,89.0,0.0,87.0,6.0,118.0,0.0,44.0,6.0,0.0,38.0,92.0,215.0,65.0,218.0,64.0,10.0,15.0,46.0,26.0,103.0,54.0,0.0,105.0,8.0,5.0,68.0,12.0,0.0,71.0,92.0,0.0,0.0,0.0,140.0,0.0,132.0,0.0,,,,,,,,,,,,,,,,,,,,,,,,,,,,,,,,,,,,,,,,,,,,,,,,,,,,,,,,,,,,
193,16.0,8.0,3.0,8.0,19.0,0.0,17.0,49.0,15.0,19.0,35.0,0.0,20.0,50.0,81.0,0.0,5.0,25.0,0.0,0.0,26.0,8.0,0.0,15.0,1.0,0.0,0.0,45.0,10.0,0.0,0.0,1.0,0.0,5.0,3.0,6.0,30.0,1.0,0.0,0.0,0.0,0.0,25.0,25.0,1.0,23.0,36.0,9.0,,,,,,,,,,,,,,,,,,,,,,,,,,,,,,,,,,,,,,,,,,,,,,,,,,,,,,,,,,,,,,,,,,,,,,,,,
194,22.0,17.0,48.0,0.0,2.0,2.0,10.0,0.0,1.0,73.0,8.0,15.0,0.0,30.0,44.0,0.0,5.0,0.0,0.0,48.0,12.0,11.0,41.0,0.0,45.0,25.0,87.0,69.0,0.0,0.0,5.0,459.0,0.0,98.0,30.0,0.0,0.0,0.0,57.0,27.0,0.0,0.0,0.0,0.0,0.0,0.0,0.0,0.0,,,,,,,,,,,,,,,,,,,,,,,,,,,,,,,,,,,,,,,,,,,,,,,,,,,,,,,,,,,,,,,,,,,,,,,,,
195,26.0,18.0,8.0,0.0,0.0,7.0,6.0,9.0,33.0,15.0,23.0,3.0,14.0,9.0,10.0,12.0,0.0,0.0,2.0,0.0,6.0,14.0,17.0,34.0,13.0,0.0,9.0,54.0,0.0,0.0,5.0,6.0,76.0,32.0,0.0,33.0,0.0,0.0,0.0,0.0,,,,,,,,,,,,,,,,,,,,,,,,,,,,,,,,,,,,,,,,,,,,,,,,,,,,,,,,,,,,,,,,,,,,,,,,,,,,,,,,,
196,17.0,14.0,0.0,0.0,7.0,28.0,0.0,28.0,30.0,13.0,10.0,6.0,26.0,38.0,61.0,11.0,24.0,13.0,0.0,14.0,9.0,82.0,12.0,0.0,0.0,34.0,5.0,0.0,0.0,0.0,24.0,0.0,10.0,0.0,,,,,,,,,,,,,,,,,,,,,,,,,,,,,,,,,,,,,,,,,,,,,,,,,,,,,,,,,,,,,,,,,,,,,,,,,,,,,,,,,,,,,,,
197,8.0,0.0,17.0,23.0,29.0,18.0,23.0,10.0,13.0,7.0,100.0,18.0,13.0,23.0,80.0,9.0,29.0,3.0,31.0,11.0,14.0,24.0,21.0,59.0,275.0,0.0,0.0,0.0,1.0,0.0,,,,,,,,,,,,,,,,,,,,,,,,,,,,,,,,,,,,,,,,,,,,,,,,,,,,,,,,,,,,,,,,,,,,,,,,,,,,,,,,,,,,,,,,,,,
198,0.0,13.0,0.0,11.0,21.0,0.0,17.0,0.0,0.0,35.0,12.0,0.0,61.0,0.0,0.0,0.0,0.0,6.0,57.0,0.0,22.0,0.0,0.0,23.0,0.0,26.0,68.0,,,,,,,,,,,,,,,,,,,,,,,,,,,,,,,,,,,,,,,,,,,,,,,,,,,,,,,,,,,,,,,,,,,,,,,,,,,,,,,,,,,,,,,,,,,,,,
199,16.0,17.0,14.0,13.0,23.0,0.0,2.0,21.0,44.0,10.0,0.0,0.0,52.0,4.0,16.0,28.0,23.0,1.0,0.0,11.0,0.0,0.0,0.0,0.0,0.0,0.0,0.0,35.0,0.0,0.0,0.0,6.0,1.0,0.0,1.0,6.0,1.0,16.0,30.0,2.0,0.0,0.0,2.0,38.0,,,,,,,,,,,,,,,,,,,,,,,,,,,,,,,,,,,,,,,,,,,,,,,,,,,,,,,,,,,,,,,,,,,,,,,,,,,,,
200,22.0,25.0,14.0,11.0,23.0,21.0,11.0,0.0,0.0,13.0,16.0,48.0,85.0,0.0,17.0,89.0,63.0,121.0,44.0,96.0,0.0,26.0,7.0,0.0,10.0,107.0,21.0,0.0,8.0,0.0,19.0,35.0,0.0,0.0,0.0,0.0,0.0,21.0,0.0,229.0,0.0,0.0,77.0,513.0,0.0,0.0,39.0,1.0,4.0,0.0,0.0,0.0,192.0,0.0,0.0,0.0,0.0,,,,,,,,,,,,,,,,,,,,,,,,,,,,,,,,,,,,,,,,,,,,,,,,,,,,,,,,,,,,,,,,
201,15.0,13.0,1.0,2.0,4.0,0.0,17.0,0.0,6.0,0.0,15.0,11.0,30.0,0.0,6.0,7.0,23.0,41.0,44.0,0.0,0.0,0.0,31.0,51.0,20.0,28.0,,,,,,,,,,,,,,,,,,,,,,,,,,,,,,,,,,,,,,,,,,,,,,,,,,,,,,,,,,,,,,,,,,,,,,,,,,,,,,,,,,,,,,,,,,,,,,,
202,16.0,1.0,0.0,20.0,0.0,22.0,19.0,11.0,17.0,18.0,13.0,94.0,35.0,0.0,1.0,15.0,6.0,46.0,76.0,2.0,45.0,9.0,0.0,79.0,109.0,46.0,10.0,0.0,0.0,11.0,0.0,1.0,0.0,24.0,15.0,0.0,39.0,22.0,0.0,0.0,0.0,0.0,0.0,0.0,0.0,149.0,0.0,0.0,263.0,57.0,39.0,0.0,16.0,0.0,0.0,0.0,0.0,0.0,0.0,,,,,,,,,,,,,,,,,,,,,,,,,,,,,,,,,,,,,,,,,,,,,,,,,,,,,,,,,,,,,,
203,13.0,17.0,5.0,21.0,8.0,25.0,2.0,22.0,0.0,4.0,6.0,11.0,15.0,86.0,93.0,10.0,0.0,0.0,10.0,2.0,33.0,14.0,27.0,62.0,0.0,15.0,337.0,0.0,7.0,6.0,0.0,193.0,28.0,18.0,13.0,38.0,,,,,,,,,,,,,,,,,,,,,,,,,,,,,,,,,,,,,,,,,,,,,,,,,,,,,,,,,,,,,,,,,,,,,,,,,,,,,,,,,,,,,
204,31.0,0.0,14.0,6.0,6.0,43.0,7.0,0.0,54.0,0.0,11.0,1.0,11.0,0.0,10.0,12.0,40.0,32.0,37.0,14.0,29.0,0.0,0.0,16.0,3.0,0.0,8.0,0.0,0.0,0.0,0.0,11.0,0.0,,,,,,,,,,,,,,,,,,,,,,,,,,,,,,,,,,,,,,,,,,,,,,,,,,,,,,,,,,,,,,,,,,,,,,,,,,,,,,,,,,,,,,,,
205,23.0,14.0,11.0,32.0,28.0,0.0,6.0,0.0,17.0,4.0,12.0,0.0,0.0,28.0,23.0,1.0,24.0,5.0,11.0,16.0,17.0,75.0,15.0,14.0,1.0,17.0,3.0,0.0,4.0,3.0,7.0,15.0,11.0,0.0,0.0,22.0,19.0,24.0,0.0,1.0,0.0,3.0,10.0,0.0,3.0,46.0,13.0,3.0,0.0,0.0,0.0,0.0,0.0,0.0,0.0,0.0,,,,,,,,,,,,,,,,,,,,,,,,,,,,,,,,,,,,,,,,,,,,,,,,,,,,,,,,,,,,,,,,,
206,13.0,30.0,27.0,5.0,4.0,0.0,13.0,36.0,20.0,19.0,66.0,59.0,22.0,0.0,64.0,47.0,6.0,101.0,59.0,19.0,19.0,50.0,10.0,0.0,3.0,3.0,0.0,0.0,7.0,0.0,30.0,5.0,0.0,0.0,0.0,2.0,5.0,7.0,0.0,0.0,0.0,0.0,0.0,0.0,0.0,0.0,0.0,0.0,0.0,,,,,,,,,,,,,,,,,,,,,,,,,,,,,,,,,,,,,,,,,,,,,,,,,,,,,,,,,,,,,,,,,,,,,,,,
207,6.0,24.0,0.0,39.0,0.0,0.0,1.0,13.0,2.0,16.0,12.0,0.0,16.0,12.0,31.0,20.0,13.0,30.0,17.0,29.0,10.0,3.0,13.0,52.0,0.0,0.0,4.0,3.0,0.0,14.0,0.0,10.0,0.0,0.0,0.0,5.0,46.0,0.0,8.0,8.0,1.0,0.0,8.0,21.0,38.0,0.0,0.0,2.0,0.0,,,,,,,,,,,,,,,,,,,,,,,,,,,,,,,,,,,,,,,,,,,,,,,,,,,,,,,,,,,,,,,,,,,,,,,,
208,26.0,37.0,10.0,0.0,12.0,5.0,5.0,41.0,17.0,23.0,18.0,12.0,24.0,65.0,50.0,54.0,0.0,11.0,33.0,24.0,0.0,3.0,15.0,9.0,38.0,58.0,81.0,75.0,2.0,18.0,0.0,81.0,0.0,0.0,0.0,0.0,0.0,0.0,,,,,,,,,,,,,,,,,,,,,,,,,,,,,,,,,,,,,,,,,,,,,,,,,,,,,,,,,,,,,,,,,,,,,,,,,,,,,,,,,,,
209,29.0,11.0,0.0,20.0,5.0,9.0,10.0,10.0,2.0,4.0,0.0,32.0,17.0,6.0,4.0,19.0,8.0,23.0,0.0,0.0,13.0,0.0,3.0,0.0,0.0,,,,,,,,,,,,,,,,,,,,,,,,,,,,,,,,,,,,,,,,,,,,,,,,,,,,,,,,,,,,,,,,,,,,,,,,,,,,,,,,,,,,,,,,,,,,,,,,
210,5.0,2.0,12.0,10.0,0.0,9.0,26.0,5.0,6.0,24.0,15.0,10.0,0.0,0.0,9.0,7.0,10.0,0.0,17.0,0.0,54.0,64.0,7.0,3.0,0.0,0.0,8.0,0.0,5.0,38.0,5.0,0.0,21.0,64.0,0.0,0.0,0.0,0.0,0.0,2.0,2.0,0.0,1.0,0.0,0.0,7.0,0.0,,,,,,,,,,,,,,,,,,,,,,,,,,,,,,,,,,,,,,,,,,,,,,,,,,,,,,,,,,,,,,,,,,,,,,,,,,
211,9.0,2.0,8.0,0.0,7.0,1.0,15.0,65.0,15.0,0.0,42.0,74.0,1.0,0.0,27.0,21.0,7.0,31.0,60.0,3.0,20.0,10.0,18.0,26.0,0.0,19.0,170.0,0.0,104.0,0.0,63.0,105.0,0.0,0.0,385.0,72.0,404.0,0.0,153.0,0.0,39.0,11.0,0.0,0.0,,,,,,,,,,,,,,,,,,,,,,,,,,,,,,,,,,,,,,,,,,,,,,,,,,,,,,,,,,,,,,,,,,,,,,,,,,,,,
212,20.0,0.0,20.0,26.0,32.0,45.0,0.0,34.0,11.0,58.0,10.0,0.0,0.0,0.0,0.0,82.0,12.0,17.0,0.0,0.0,0.0,0.0,0.0,17.0,0.0,3.0,0.0,68.0,14.0,41.0,3.0,0.0,0.0,0.0,0.0,0.0,0.0,0.0,,,,,,,,,,,,,,,,,,,,,,,,,,,,,,,,,,,,,,,,,,,,,,,,,,,,,,,,,,,,,,,,,,,,,,,,,,,,,,,,,,,
213,19.0,37.0,6.0,3.0,27.0,0.0,4.0,38.0,0.0,5.0,10.0,11.0,30.0,28.0,17.0,11.0,0.0,21.0,109.0,5.0,8.0,7.0,17.0,57.0,36.0,45.0,11.0,23.0,0.0,7.0,0.0,0.0,0.0,0.0,12.0,0.0,60.0,0.0,0.0,0.0,0.0,0.0,0.0,0.0,0.0,0.0,,,,,,,,,,,,,,,,,,,,,,,,,,,,,,,,,,,,,,,,,,,,,,,,,,,,,,,,,,,,,,,,,,,,,,,,,,,
214,13.0,11.0,15.0,21.0,0.0,0.0,25.0,20.0,47.0,0.0,49.0,6.0,0.0,38.0,21.0,31.0,16.0,0.0,2.0,0.0,94.0,1.0,207.0,20.0,48.0,19.0,1.0,13.0,2.0,89.0,14.0,94.0,7.0,41.0,0.0,0.0,,,,,,,,,,,,,,,,,,,,,,,,,,,,,,,,,,,,,,,,,,,,,,,,,,,,,,,,,,,,,,,,,,,,,,,,,,,,,,,,,,,,,
215,19.0,23.0,9.0,0.0,0.0,3.0,16.0,17.0,12.0,28.0,27.0,0.0,8.0,15.0,14.0,28.0,4.0,0.0,4.0,36.0,46.0,0.0,61.0,0.0,0.0,31.0,20.0,9.0,0.0,0.0,0.0,0.0,19.0,0.0,0.0,9.0,0.0,0.0,,,,,,,,,,,,,,,,,,,,,,,,,,,,,,,,,,,,,,,,,,,,,,,,,,,,,,,,,,,,,,,,,,,,,,,,,,,,,,,,,,,
216,0.0,14.0,2.0,2.0,40.0,3.0,0.0,0.0,25.0,26.0,0.0,9.0,0.0,0.0,22.0,24.0,0.0,11.0,7.0,10.0,0.0,0.0,11.0,2.0,2.0,0.0,,,,,,,,,,,,,,,,,,,,,,,,,,,,,,,,,,,,,,,,,,,,,,,,,,,,,,,,,,,,,,,,,,,,,,,,,,,,,,,,,,,,,,,,,,,,,,,
217,9.0,8.0,26.0,7.0,26.0,5.0,21.0,0.0,18.0,12.0,2.0,32.0,31.0,0.0,94.0,73.0,49.0,0.0,26.0,213.0,90.0,22.0,0.0,0.0,26.0,196.0,33.0,0.0,54.0,292.0,113.0,26.0,2.0,60.0,284.0,40.0,,,,,,,,,,,,,,,,,,,,,,,,,,,,,,,,,,,,,,,,,,,,,,,,,,,,,,,,,,,,,,,,,,,,,,,,,,,,,,,,,,,,,
218,18.0,1.0,1.0,8.0,24.0,26.0,9.0,4.0,9.0,23.0,8.0,21.0,0.0,30.0,21.0,39.0,28.0,1.0,0.0,4.0,7.0,6.0,45.0,9.0,0.0,0.0,42.0,7.0,4.0,50.0,181.0,34.0,80.0,0.0,2.0,74.0,192.0,3.0,0.0,56.0,53.0,0.0,3.0,2.0,0.0,5.0,0.0,0.0,0.0,11.0,1.0,,,,,,,,,,,,,,,,,,,,,,,,,,,,,,,,,,,,,,,,,,,,,,,,,,,,,,,,,,,,,,,,,,,,,,
219,19.0,6.0,28.0,5.0,6.0,15.0,0.0,5.0,13.0,0.0,7.0,49.0,,,,,,,,,,,,,,,,,,,,,,,,,,,,,,,,,,,,,,,,,,,,,,,,,,,,,,,,,,,,,,,,,,,,,,,,,,,,,,,,,,,,,,,,,,,,,,,,,,,,,,,,,,,,,
220,6.0,17.0,2.0,28.0,19.0,0.0,15.0,0.0,13.0,22.0,39.0,24.0,15.0,42.0,0.0,0.0,12.0,4.0,11.0,0.0,0.0,0.0,23.0,16.0,33.0,8.0,0.0,0.0,676.0,74.0,0.0,21.0,0.0,0.0,0.0,0.0,23.0,0.0,0.0,0.0,,,,,,,,,,,,,,,,,,,,,,,,,,,,,,,,,,,,,,,,,,,,,,,,,,,,,,,,,,,,,,,,,,,,,,,,,,,,,,,,,
221,24.0,34.0,17.0,0.0,0.0,36.0,1.0,2.0,5.0,21.0,22.0,11.0,13.0,4.0,4.0,9.0,7.0,8.0,34.0,10.0,0.0,21.0,0.0,80.0,35.0,10.0,21.0,41.0,25.0,134.0,8.0,52.0,0.0,38.0,0.0,55.0,77.0,0.0,25.0,0.0,0.0,11.0,52.0,0.0,0.0,93.0,72.0,0.0,0.0,10.0,4.0,19.0,0.0,0.0,0.0,0.0,74.0,,,,,,,,,,,,,,,,,,,,,,,,,,,,,,,,,,,,,,,,,,,,,,,,,,,,,,,,,,,,,,,,
222,4.0,21.0,12.0,6.0,13.0,20.0,5.0,9.0,15.0,0.0,21.0,3.0,42.0,45.0,0.0,11.0,107.0,60.0,72.0,0.0,0.0,0.0,5.0,0.0,45.0,36.0,20.0,17.0,0.0,31.0,0.0,31.0,12.0,22.0,13.0,93.0,0.0,71.0,43.0,37.0,99.0,53.0,39.0,5.0,0.0,43.0,22.0,14.0,90.0,31.0,208.0,0.0,0.0,53.0,9.0,0.0,28.0,67.0,52.0,26.0,22.0,33.0,32.0,35.0,0.0,80.0,168.0,,,,,,,,,,,,,,,,,,,,,,,,,,,,,,,,,,,,,,,,,,,,,,,,,,,,,,
223,0.0,65.0,14.0,13.0,0.0,14.0,20.0,9.0,19.0,11.0,25.0,27.0,0.0,45.0,11.0,20.0,4.0,0.0,31.0,16.0,0.0,20.0,0.0,0.0,0.0,0.0,0.0,20.0,16.0,7.0,0.0,0.0,0.0,0.0,0.0,0.0,0.0,0.0,,,,,,,,,,,,,,,,,,,,,,,,,,,,,,,,,,,,,,,,,,,,,,,,,,,,,,,,,,,,,,,,,,,,,,,,,,,,,,,,,,,
224,20.0,0.0,16.0,10.0,26.0,6.0,5.0,18.0,29.0,0.0,4.0,28.0,0.0,9.0,52.0,9.0,1.0,12.0,9.0,0.0,0.0,0.0,0.0,96.0,0.0,0.0,0.0,0.0,0.0,0.0,1.0,10.0,0.0,2.0,12.0,0.0,0.0,95.0,26.0,33.0,2.0,0.0,0.0,0.0,0.0,85.0,192.0,0.0,0.0,,,,,,,,,,,,,,,,,,,,,,,,,,,,,,,,,,,,,,,,,,,,,,,,,,,,,,,,,,,,,,,,,,,,,,,,
225,58.0,9.0,0.0,4.0,19.0,18.0,20.0,0.0,10.0,3.0,7.0,11.0,0.0,0.0,0.0,0.0,3.0,22.0,30.0,24.0,12.0,2.0,18.0,28.0,24.0,3.0,6.0,58.0,0.0,0.0,20.0,0.0,17.0,2.0,4.0,0.0,14.0,19.0,5.0,,,,,,,,,,,,,,,,,,,,,,,,,,,,,,,,,,,,,,,,,,,,,,,,,,,,,,,,,,,,,,,,,,,,,,,,,,,,,,,,,,
226,12.0,7.0,12.0,8.0,16.0,15.0,8.0,41.0,0.0,7.0,0.0,18.0,4.0,0.0,9.0,12.0,0.0,66.0,8.0,6.0,7.0,13.0,28.0,28.0,0.0,13.0,0.0,22.0,0.0,0.0,12.0,16.0,4.0,11.0,74.0,0.0,0.0,0.0,0.0,0.0,110.0,0.0,126.0,0.0,0.0,0.0,0.0,0.0,0.0,0.0,0.0,0.0,0.0,0.0,0.0,0.0,0.0,0.0,,,,,,,,,,,,,,,,,,,,,,,,,,,,,,,,,,,,,,,,,,,,,,,,,,,,,,,,,,,,,,,
227,6.0,0.0,6.0,9.0,22.0,0.0,1.0,13.0,44.0,0.0,22.0,0.0,14.0,27.0,8.0,31.0,2.0,25.0,21.0,64.0,10.0,109.0,8.0,0.0,2.0,23.0,0.0,37.0,107.0,44.0,9.0,12.0,0.0,3.0,185.0,88.0,0.0,39.0,0.0,2.0,9.0,26.0,8.0,14.0,35.0,75.0,31.0,32.0,131.0,0.0,5.0,14.0,9.0,12.0,0.0,0.0,0.0,0.0,0.0,0.0,0.0,0.0,0.0,0.0,0.0,0.0,0.0,0.0,0.0,,,,,,,,,,,,,,,,,,,,,,,,,,,,,,,,,,,,,,,,,,,,,,,,,,,,
228,0.0,48.0,0.0,0.0,51.0,3.0,8.0,27.0,0.0,0.0,0.0,0.0,21.0,0.0,9.0,10.0,0.0,39.0,0.0,0.0,0.0,0.0,2.0,4.0,2.0,24.0,18.0,19.0,0.0,0.0,215.0,17.0,48.0,12.0,136.0,5.0,36.0,18.0,19.0,191.0,0.0,10.0,31.0,0.0,322.0,10.0,129.0,0.0,2.0,5.0,28.0,7.0,18.0,1.0,22.0,0.0,0.0,3.0,19.0,,,,,,,,,,,,,,,,,,,,,,,,,,,,,,,,,,,,,,,,,,,,,,,,,,,,,,,,,,,,,,
229,0.0,3.0,19.0,15.0,5.0,3.0,0.0,15.0,0.0,31.0,17.0,3.0,22.0,0.0,18.0,0.0,26.0,22.0,5.0,56.0,0.0,0.0,13.0,31.0,4.0,0.0,40.0,7.0,0.0,0.0,4.0,57.0,0.0,72.0,80.0,,,,,,,,,,,,,,,,,,,,,,,,,,,,,,,,,,,,,,,,,,,,,,,,,,,,,,,,,,,,,,,,,,,,,,,,,,,,,,,,,,,,,,
230,61.0,18.0,23.0,6.0,31.0,0.0,39.0,0.0,0.0,6.0,12.0,4.0,17.0,27.0,0.0,0.0,0.0,5.0,0.0,9.0,38.0,23.0,5.0,19.0,0.0,8.0,9.0,0.0,5.0,8.0,12.0,0.0,0.0,1.0,26.0,10.0,16.0,4.0,112.0,20.0,0.0,18.0,4.0,0.0,0.0,1.0,0.0,0.0,0.0,0.0,0.0,0.0,0.0,0.0,0.0,,,,,,,,,,,,,,,,,,,,,,,,,,,,,,,,,,,,,,,,,,,,,,,,,,,,,,,,,,,,,,,,,,
231,17.0,0.0,19.0,4.0,19.0,13.0,0.0,0.0,44.0,41.0,25.0,93.0,0.0,19.0,16.0,6.0,3.0,47.0,0.0,33.0,41.0,5.0,6.0,0.0,10.0,0.0,13.0,9.0,38.0,0.0,0.0,0.0,0.0,6.0,0.0,0.0,248.0,,,,,,,,,,,,,,,,,,,,,,,,,,,,,,,,,,,,,,,,,,,,,,,,,,,,,,,,,,,,,,,,,,,,,,,,,,,,,,,,,,,,
232,17.0,10.0,10.0,14.0,8.0,0.0,6.0,13.0,0.0,4.0,11.0,23.0,0.0,13.0,0.0,28.0,0.0,1.0,17.0,38.0,25.0,46.0,23.0,18.0,28.0,18.0,40.0,0.0,0.0,11.0,32.0,61.0,1.0,90.0,48.0,17.0,31.0,0.0,64.0,36.0,88.0,15.0,1.0,0.0,0.0,30.0,0.0,67.0,30.0,53.0,0.0,41.0,160.0,18.0,2.0,59.0,0.0,0.0,70.0,166.0,0.0,0.0,0.0,0.0,0.0,0.0,,,,,,,,,,,,,,,,,,,,,,,,,,,,,,,,,,,,,,,,,,,,,,,,,,,,,,,
233,23.0,0.0,1.0,7.0,19.0,7.0,11.0,7.0,0.0,14.0,7.0,0.0,50.0,4.0,38.0,2.0,,,,,,,,,,,,,,,,,,,,,,,,,,,,,,,,,,,,,,,,,,,,,,,,,,,,,,,,,,,,,,,,,,,,,,,,,,,,,,,,,,,,,,,,,,,,,,,,,,,,,,,,,
234,45.0,7.0,2.0,0.0,18.0,3.0,0.0,0.0,0.0,205.0,71.0,29.0,110.0,6.0,9.0,90.0,22.0,7.0,0.0,3.0,27.0,0.0,29.0,175.0,0.0,26.0,57.0,0.0,25.0,0.0,12.0,,,,,,,,,,,,,,,,,,,,,,,,,,,,,,,,,,,,,,,,,,,,,,,,,,,,,,,,,,,,,,,,,,,,,,,,,,,,,,,,,,,,,,,,,,
235,18.0,19.0,25.0,1.0,30.0,17.0,4.0,14.0,0.0,13.0,0.0,17.0,6.0,78.0,2.0,0.0,6.0,10.0,12.0,0.0,69.0,1.0,93.0,0.0,27.0,226.0,21.0,0.0,0.0,,,,,,,,,,,,,,,,,,,,,,,,,,,,,,,,,,,,,,,,,,,,,,,,,,,,,,,,,,,,,,,,,,,,,,,,,,,,,,,,,,,,,,,,,,,,
236,0.0,0.0,10.0,0.0,15.0,0.0,14.0,46.0,301.0,0.0,15.0,14.0,15.0,0.0,7.0,81.0,35.0,113.0,4.0,36.0,83.0,0.0,24.0,36.0,1.0,0.0,20.0,14.0,0.0,13.0,0.0,0.0,36.0,24.0,0.0,1.0,11.0,0.0,15.0,9.0,0.0,0.0,0.0,0.0,0.0,0.0,0.0,0.0,0.0,0.0,0.0,0.0,0.0,0.0,,,,,,,,,,,,,,,,,,,,,,,,,,,,,,,,,,,,,,,,,,,,,,,,,,,,,,,,,,,,,,,,,,,
237,7.0,8.0,6.0,11.0,24.0,23.0,5.0,0.0,84.0,8.0,12.0,115.0,22.0,49.0,0.0,32.0,0.0,98.0,25.0,5.0,90.0,25.0,24.0,0.0,46.0,0.0,87.0,0.0,49.0,28.0,71.0,87.0,0.0,118.0,0.0,,,,,,,,,,,,,,,,,,,,,,,,,,,,,,,,,,,,,,,,,,,,,,,,,,,,,,,,,,,,,,,,,,,,,,,,,,,,,,,,,,,,,,
238,44.0,8.0,12.0,52.0,16.0,3.0,0.0,19.0,46.0,30.0,14.0,76.0,0.0,25.0,9.0,15.0,0.0,26.0,166.0,12.0,0.0,0.0,21.0,21.0,112.0,93.0,0.0,20.0,405.0,0.0,72.0,0.0,21.0,50.0,0.0,0.0,0.0,,,,,,,,,,,,,,,,,,,,,,,,,,,,,,,,,,,,,,,,,,,,,,,,,,,,,,,,,,,,,,,,,,,,,,,,,,,,,,,,,,,,
239,15.0,29.0,16.0,4.0,12.0,0.0,30.0,21.0,17.0,1.0,23.0,0.0,21.0,50.0,19.0,4.0,22.0,11.0,50.0,5.0,4.0,5.0,26.0,37.0,53.0,24.0,0.0,5.0,0.0,0.0,764.0,302.0,0.0,0.0,4.0,0.0,49.0,2.0,2.0,12.0,222.0,401.0,0.0,,,,,,,,,,,,,,,,,,,,,,,,,,,,,,,,,,,,,,,,,,,,,,,,,,,,,,,,,,,,,,,,,,,,,,,,,,,,,,
240,14.0,14.0,29.0,18.0,36.0,21.0,10.0,0.0,23.0,2.0,5.0,27.0,23.0,0.0,0.0,6.0,0.0,4.0,85.0,74.0,34.0,5.0,18.0,39.0,0.0,0.0,0.0,0.0,15.0,0.0,12.0,24.0,15.0,0.0,90.0,22.0,53.0,24.0,3.0,0.0,25.0,0.0,116.0,240.0,0.0,219.0,89.0,43.0,53.0,18.0,10.0,5.0,0.0,0.0,27.0,11.0,0.0,,,,,,,,,,,,,,,,,,,,,,,,,,,,,,,,,,,,,,,,,,,,,,,,,,,,,,,,,,,,,,,,
241,15.0,14.0,10.0,35.0,21.0,0.0,58.0,58.0,11.0,11.0,46.0,0.0,104.0,19.0,18.0,38.0,0.0,0.0,0.0,33.0,0.0,0.0,91.0,17.0,0.0,10.0,10.0,146.0,106.0,15.0,1.0,51.0,125.0,131.0,0.0,8.0,0.0,0.0,137.0,0.0,20.0,41.0,0.0,21.0,13.0,85.0,3.0,22.0,0.0,,,,,,,,,,,,,,,,,,,,,,,,,,,,,,,,,,,,,,,,,,,,,,,,,,,,,,,,,,,,,,,,,,,,,,,,
242,14.0,32.0,12.0,26.0,16.0,11.0,16.0,7.0,4.0,14.0,0.0,1.0,0.0,12.0,14.0,12.0,39.0,55.0,6.0,9.0,1.0,1.0,0.0,17.0,11.0,18.0,10.0,0.0,20.0,30.0,14.0,19.0,7.0,0.0,,,,,,,,,,,,,,,,,,,,,,,,,,,,,,,,,,,,,,,,,,,,,,,,,,,,,,,,,,,,,,,,,,,,,,,,,,,,,,,,,,,,,,,
243,34.0,0.0,2.0,12.0,0.0,3.0,9.0,13.0,8.0,9.0,8.0,14.0,12.0,8.0,23.0,11.0,17.0,8.0,0.0,11.0,13.0,36.0,4.0,11.0,37.0,22.0,26.0,59.0,12.0,,,,,,,,,,,,,,,,,,,,,,,,,,,,,,,,,,,,,,,,,,,,,,,,,,,,,,,,,,,,,,,,,,,,,,,,,,,,,,,,,,,,,,,,,,,,
244,10.0,37.0,17.0,23.0,10.0,7.0,37.0,32.0,6.0,18.0,24.0,17.0,32.0,58.0,48.0,0.0,0.0,23.0,5.0,15.0,92.0,2.0,20.0,57.0,0.0,96.0,0.0,48.0,15.0,72.0,31.0,76.0,28.0,15.0,144.0,96.0,38.0,47.0,0.0,0.0,77.0,132.0,40.0,11.0,97.0,54.0,57.0,3.0,43.0,4.0,50.0,6.0,377.0,15.0,0.0,0.0,0.0,,,,,,,,,,,,,,,,,,,,,,,,,,,,,,,,,,,,,,,,,,,,,,,,,,,,,,,,,,,,,,,,
245,1.0,6.0,15.0,7.0,4.0,12.0,5.0,8.0,2.0,36.0,0.0,32.0,11.0,44.0,76.0,61.0,0.0,8.0,7.0,4.0,20.0,0.0,16.0,45.0,16.0,21.0,9.0,81.0,68.0,176.0,13.0,78.0,0.0,15.0,125.0,9.0,47.0,13.0,0.0,19.0,0.0,6.0,0.0,118.0,90.0,18.0,6.0,105.0,0.0,,,,,,,,,,,,,,,,,,,,,,,,,,,,,,,,,,,,,,,,,,,,,,,,,,,,,,,,,,,,,,,,,,,,,,,,
246,8.0,0.0,1.0,5.0,0.0,23.0,13.0,21.0,0.0,5.0,15.0,7.0,0.0,26.0,0.0,38.0,0.0,0.0,11.0,3.0,33.0,23.0,34.0,3.0,21.0,7.0,0.0,14.0,13.0,0.0,95.0,8.0,0.0,17.0,,,,,,,,,,,,,,,,,,,,,,,,,,,,,,,,,,,,,,,,,,,,,,,,,,,,,,,,,,,,,,,,,,,,,,,,,,,,,,,,,,,,,,,
247,2.0,19.0,26.0,0.0,14.0,7.0,3.0,9.0,9.0,22.0,28.0,8.0,0.0,12.0,7.0,9.0,27.0,5.0,56.0,43.0,11.0,6.0,1.0,90.0,39.0,1.0,14.0,75.0,0.0,49.0,60.0,64.0,69.0,59.0,90.0,135.0,0.0,,,,,,,,,,,,,,,,,,,,,,,,,,,,,,,,,,,,,,,,,,,,,,,,,,,,,,,,,,,,,,,,,,,,,,,,,,,,,,,,,,,,
248,14.0,2.0,22.0,22.0,33.0,12.0,29.0,32.0,8.0,3.0,0.0,47.0,13.0,4.0,21.0,28.0,0.0,38.0,34.0,11.0,3.0,13.0,0.0,48.0,0.0,58.0,61.0,35.0,19.0,10.0,7.0,34.0,23.0,18.0,0.0,0.0,13.0,0.0,0.0,0.0,71.0,0.0,0.0,0.0,0.0,,,,,,,,,,,,,,,,,,,,,,,,,,,,,,,,,,,,,,,,,,,,,,,,,,,,,,,,,,,,,,,,,,,,,,,,,,,,
249,5.0,17.0,0.0,3.0,5.0,21.0,3.0,39.0,18.0,19.0,6.0,39.0,9.0,15.0,0.0,0.0,10.0,5.0,8.0,17.0,4.0,5.0,0.0,58.0,8.0,0.0,12.0,35.0,0.0,6.0,0.0,4.0,45.0,175.0,15.0,54.0,33.0,42.0,0.0,4.0,11.0,50.0,0.0,12.0,0.0,9.0,0.0,0.0,0.0,0.0,,,,,,,,,,,,,,,,,,,,,,,,,,,,,,,,,,,,,,,,,,,,,,,,,,,,,,,,,,,,,,,,,,,,,,,
250,8.0,17.0,6.0,6.0,5.0,11.0,26.0,18.0,31.0,78.0,6.0,0.0,0.0,7.0,0.0,9.0,12.0,0.0,0.0,0.0,0.0,0.0,0.0,0.0,,,,,,,,,,,,,,,,,,,,,,,,,,,,,,,,,,,,,,,,,,,,,,,,,,,,,,,,,,,,,,,,,,,,,,,,,,,,,,,,,,,,,,,,,,,,,,,,,
251,11.0,19.0,39.0,9.0,6.0,34.0,28.0,0.0,3.0,17.0,20.0,16.0,12.0,28.0,84.0,0.0,11.0,10.0,21.0,6.0,59.0,18.0,24.0,43.0,6.0,40.0,32.0,7.0,0.0,0.0,0.0,0.0,0.0,0.0,33.0,0.0,16.0,0.0,4.0,25.0,0.0,0.0,0.0,0.0,0.0,,,,,,,,,,,,,,,,,,,,,,,,,,,,,,,,,,,,,,,,,,,,,,,,,,,,,,,,,,,,,,,,,,,,,,,,,,,,
252,6.0,6.0,4.0,31.0,0.0,2.0,11.0,0.0,36.0,52.0,17.0,6.0,10.0,15.0,13.0,5.0,0.0,9.0,14.0,15.0,20.0,39.0,13.0,18.0,19.0,2.0,25.0,0.0,48.0,49.0,98.0,105.0,239.0,0.0,0.0,0.0,8.0,20.0,3.0,1.0,0.0,0.0,0.0,2.0,0.0,0.0,0.0,0.0,,,,,,,,,,,,,,,,,,,,,,,,,,,,,,,,,,,,,,,,,,,,,,,,,,,,,,,,,,,,,,,,,,,,,,,,,
253,31.0,12.0,17.0,10.0,26.0,36.0,0.0,6.0,0.0,9.0,51.0,25.0,4.0,12.0,5.0,7.0,11.0,22.0,88.0,0.0,62.0,4.0,34.0,30.0,3.0,7.0,6.0,0.0,106.0,17.0,0.0,0.0,0.0,269.0,0.0,139.0,13.0,27.0,5.0,5.0,0.0,5.0,21.0,0.0,0.0,,,,,,,,,,,,,,,,,,,,,,,,,,,,,,,,,,,,,,,,,,,,,,,,,,,,,,,,,,,,,,,,,,,,,,,,,,,,
254,30.0,0.0,6.0,6.0,16.0,25.0,3.0,15.0,0.0,12.0,13.0,25.0,0.0,0.0,15.0,9.0,0.0,21.0,12.0,8.0,54.0,0.0,0.0,5.0,10.0,23.0,4.0,28.0,0.0,6.0,0.0,0.0,0.0,23.0,27.0,1.0,3.0,3.0,0.0,0.0,33.0,0.0,0.0,27.0,9.0,9.0,0.0,25.0,2.0,0.0,0.0,0.0,0.0,0.0,0.0,0.0,0.0,0.0,8.0,12.0,1.0,5.0,0.0,0.0,0.0,0.0,0.0,0.0,0.0,0.0,0.0,0.0,0.0,0.0,0.0,0.0,0.0,0.0,0.0,0.0,0.0,0.0,0.0,,,,,,,,,,,,,,,,,,,,,,,,,,,,,,,,,,,,,,
255,2.0,0.0,16.0,5.0,44.0,31.0,12.0,11.0,25.0,0.0,0.0,0.0,0.0,0.0,9.0,0.0,16.0,0.0,6.0,15.0,27.0,15.0,18.0,7.0,12.0,53.0,31.0,112.0,28.0,17.0,27.0,41.0,0.0,62.0,27.0,23.0,104.0,14.0,29.0,15.0,0.0,0.0,0.0,5.0,53.0,0.0,0.0,9.0,0.0,25.0,23.0,89.0,18.0,41.0,77.0,70.0,0.0,27.0,279.0,76.0,13.0,0.0,,,,,,,,,,,,,,,,,,,,,,,,,,,,,,,,,,,,,,,,,,,,,,,,,,,,,,,,,,,
256,41.0,0.0,1.0,7.0,7.0,0.0,7.0,8.0,9.0,16.0,10.0,11.0,1.0,6.0,11.0,0.0,0.0,22.0,10.0,0.0,6.0,0.0,0.0,0.0,0.0,0.0,0.0,0.0,0.0,0.0,,,,,,,,,,,,,,,,,,,,,,,,,,,,,,,,,,,,,,,,,,,,,,,,,,,,,,,,,,,,,,,,,,,,,,,,,,,,,,,,,,,,,,,,,,,
257,9.0,17.0,66.0,1.0,0.0,26.0,0.0,5.0,0.0,14.0,41.0,21.0,4.0,0.0,54.0,11.0,0.0,11.0,20.0,0.0,0.0,0.0,119.0,24.0,21.0,0.0,0.0,3.0,6.0,13.0,20.0,0.0,0.0,17.0,0.0,16.0,123.0,3.0,19.0,0.0,38.0,0.0,132.0,0.0,3.0,0.0,0.0,5.0,,,,,,,,,,,,,,,,,,,,,,,,,,,,,,,,,,,,,,,,,,,,,,,,,,,,,,,,,,,,,,,,,,,,,,,,,
258,17.0,29.0,15.0,0.0,3.0,14.0,7.0,16.0,6.0,0.0,8.0,8.0,24.0,12.0,22.0,82.0,0.0,80.0,14.0,5.0,14.0,35.0,1.0,38.0,6.0,7.0,15.0,57.0,0.0,24.0,105.0,71.0,19.0,18.0,23.0,27.0,51.0,11.0,0.0,0.0,13.0,2.0,32.0,9.0,34.0,20.0,8.0,20.0,52.0,44.0,11.0,8.0,135.0,5.0,185.0,12.0,33.0,92.0,81.0,102.0,6.0,15.0,27.0,7.0,0.0,61.0,0.0,1.0,11.0,36.0,26.0,64.0,45.0,0.0,65.0,97.0,28.0,0.0,304.0,0.0,63.0,0.0,0.0,0.0,0.0,0.0,24.0,0.0,0.0,0.0,0.0,0.0,,,,,,,,,,,,,,,,,,,,,,,,,,,,,
259,12.0,24.0,4.0,0.0,21.0,32.0,7.0,11.0,8.0,12.0,21.0,43.0,26.0,9.0,6.0,9.0,9.0,4.0,3.0,28.0,78.0,26.0,24.0,70.0,4.0,0.0,0.0,134.0,0.0,121.0,24.0,0.0,0.0,42.0,2.0,286.0,0.0,0.0,52.0,0.0,300.0,0.0,358.0,0.0,0.0,0.0,,,,,,,,,,,,,,,,,,,,,,,,,,,,,,,,,,,,,,,,,,,,,,,,,,,,,,,,,,,,,,,,,,,,,,,,,,,
260,8.0,8.0,11.0,12.0,31.0,14.0,1.0,0.0,7.0,15.0,19.0,1.0,20.0,18.0,0.0,5.0,24.0,49.0,58.0,0.0,104.0,16.0,22.0,5.0,0.0,0.0,13.0,0.0,190.0,50.0,18.0,0.0,121.0,3.0,8.0,0.0,0.0,0.0,0.0,99.0,100.0,0.0,0.0,0.0,0.0,0.0,0.0,0.0,0.0,0.0,,,,,,,,,,,,,,,,,,,,,,,,,,,,,,,,,,,,,,,,,,,,,,,,,,,,,,,,,,,,,,,,,,,,,,,
261,48.0,7.0,5.0,11.0,2.0,0.0,9.0,22.0,11.0,23.0,13.0,19.0,17.0,15.0,0.0,20.0,36.0,4.0,7.0,10.0,0.0,6.0,29.0,0.0,0.0,14.0,93.0,44.0,0.0,0.0,1.0,0.0,50.0,17.0,0.0,0.0,25.0,,,,,,,,,,,,,,,,,,,,,,,,,,,,,,,,,,,,,,,,,,,,,,,,,,,,,,,,,,,,,,,,,,,,,,,,,,,,,,,,,,,,
262,13.0,30.0,22.0,2.0,9.0,5.0,38.0,6.0,8.0,27.0,0.0,0.0,64.0,1.0,0.0,0.0,44.0,12.0,32.0,8.0,10.0,6.0,7.0,0.0,32.0,0.0,0.0,0.0,101.0,12.0,24.0,5.0,0.0,0.0,24.0,14.0,8.0,0.0,0.0,,,,,,,,,,,,,,,,,,,,,,,,,,,,,,,,,,,,,,,,,,,,,,,,,,,,,,,,,,,,,,,,,,,,,,,,,,,,,,,,,,
263,,,,,,,,,,,,,,,,,,,,,,,,,,,,,,,,,,,,,,,,,,,,,,,,,,,,,,,,,,,,,,,,,,,,,,,,,,,,,,,,,,,,,,,,,,,,,,,,,,,,,,,,,,,,,,,,,,,,,,,,,
264,10.0,0.0,15.0,9.0,19.0,6.0,50.0,33.0,44.0,0.0,34.0,11.0,12.0,0.0,35.0,39.0,0.0,0.0,20.0,0.0,0.0,0.0,0.0,1.0,0.0,52.0,0.0,199.0,0.0,112.0,4.0,228.0,0.0,0.0,0.0,0.0,0.0,0.0,,,,,,,,,,,,,,,,,,,,,,,,,,,,,,,,,,,,,,,,,,,,,,,,,,,,,,,,,,,,,,,,,,,,,,,,,,,,,,,,,,,
265,21.0,8.0,9.0,2.0,24.0,19.0,59.0,18.0,2.0,5.0,1.0,1.0,19.0,7.0,31.0,0.0,0.0,44.0,0.0,71.0,19.0,0.0,3.0,38.0,8.0,95.0,0.0,11.0,0.0,0.0,0.0,0.0,,,,,,,,,,,,,,,,,,,,,,,,,,,,,,,,,,,,,,,,,,,,,,,,,,,,,,,,,,,,,,,,,,,,,,,,,,,,,,,,,,,,,,,,,
266,0.0,31.0,4.0,0.0,29.0,0.0,5.0,9.0,6.0,23.0,13.0,30.0,47.0,7.0,38.0,63.0,0.0,30.0,41.0,34.0,0.0,56.0,3.0,21.0,88.0,25.0,57.0,41.0,20.0,62.0,18.0,0.0,104.0,76.0,143.0,56.0,9.0,125.0,31.0,0.0,43.0,,,,,,,,,,,,,,,,,,,,,,,,,,,,,,,,,,,,,,,,,,,,,,,,,,,,,,,,,,,,,,,,,,,,,,,,,,,,,,,,
267,18.0,46.0,52.0,0.0,21.0,7.0,12.0,45.0,64.0,18.0,0.0,17.0,0.0,0.0,12.0,5.0,47.0,0.0,140.0,16.0,183.0,48.0,0.0,0.0,12.0,11.0,28.0,0.0,0.0,0.0,0.0,0.0,0.0,0.0,0.0,0.0,,,,,,,,,,,,,,,,,,,,,,,,,,,,,,,,,,,,,,,,,,,,,,,,,,,,,,,,,,,,,,,,,,,,,,,,,,,,,,,,,,,,,
268,16.0,2.0,24.0,21.0,0.0,20.0,24.0,33.0,74.0,0.0,12.0,2.0,18.0,57.0,19.0,17.0,9.0,0.0,2.0,63.0,24.0,50.0,1.0,49.0,13.0,2.0,15.0,0.0,28.0,65.0,169.0,17.0,0.0,0.0,144.0,8.0,35.0,44.0,84.0,50.0,2.0,5.0,0.0,24.0,36.0,282.0,0.0,0.0,0.0,27.0,0.0,37.0,0.0,0.0,0.0,,,,,,,,,,,,,,,,,,,,,,,,,,,,,,,,,,,,,,,,,,,,,,,,,,,,,,,,,,,,,,,,,,
269,0.0,26.0,20.0,14.0,14.0,13.0,11.0,0.0,24.0,13.0,41.0,9.0,10.0,21.0,112.0,90.0,4.0,13.0,99.0,33.0,36.0,94.0,25.0,0.0,10.0,11.0,34.0,59.0,0.0,0.0,17.0,0.0,21.0,50.0,79.0,7.0,33.0,36.0,48.0,85.0,51.0,17.0,51.0,8.0,21.0,55.0,41.0,4.0,50.0,31.0,0.0,0.0,43.0,29.0,0.0,167.0,0.0,0.0,0.0,0.0,0.0,121.0,0.0,0.0,0.0,0.0,,,,,,,,,,,,,,,,,,,,,,,,,,,,,,,,,,,,,,,,,,,,,,,,,,,,,,,
270,10.0,9.0,2.0,0.0,17.0,22.0,27.0,21.0,22.0,11.0,24.0,0.0,7.0,0.0,38.0,28.0,0.0,68.0,12.0,0.0,0.0,37.0,0.0,3.0,0.0,43.0,0.0,29.0,29.0,53.0,5.0,0.0,42.0,0.0,4.0,0.0,0.0,0.0,0.0,76.0,17.0,0.0,0.0,0.0,0.0,0.0,0.0,0.0,0.0,,,,,,,,,,,,,,,,,,,,,,,,,,,,,,,,,,,,,,,,,,,,,,,,,,,,,,,,,,,,,,,,,,,,,,,,
271,18.0,57.0,36.0,6.0,0.0,0.0,8.0,18.0,17.0,33.0,5.0,18.0,0.0,8.0,39.0,108.0,42.0,0.0,0.0,,,,,,,,,,,,,,,,,,,,,,,,,,,,,,,,,,,,,,,,,,,,,,,,,,,,,,,,,,,,,,,,,,,,,,,,,,,,,,,,,,,,,,,,,,,,,,,,,,,,,,
272,4.0,21.0,45.0,18.0,0.0,0.0,0.0,7.0,2.0,12.0,0.0,36.0,0.0,7.0,14.0,25.0,0.0,18.0,29.0,11.0,0.0,0.0,0.0,0.0,144.0,0.0,29.0,0.0,26.0,0.0,0.0,0.0,0.0,0.0,0.0,0.0,0.0,0.0,,,,,,,,,,,,,,,,,,,,,,,,,,,,,,,,,,,,,,,,,,,,,,,,,,,,,,,,,,,,,,,,,,,,,,,,,,,,,,,,,,,
273,27.0,0.0,0.0,9.0,18.0,12.0,75.0,6.0,0.0,14.0,23.0,7.0,60.0,107.0,8.0,0.0,26.0,0.0,30.0,3.0,0.0,12.0,22.0,0.0,0.0,0.0,0.0,0.0,0.0,0.0,,,,,,,,,,,,,,,,,,,,,,,,,,,,,,,,,,,,,,,,,,,,,,,,,,,,,,,,,,,,,,,,,,,,,,,,,,,,,,,,,,,,,,,,,,,
274,10.0,26.0,14.0,24.0,7.0,2.0,26.0,0.0,0.0,0.0,15.0,0.0,22.0,5.0,9.0,33.0,13.0,3.0,22.0,46.0,66.0,6.0,80.0,30.0,13.0,93.0,23.0,63.0,0.0,223.0,0.0,286.0,80.0,0.0,4.0,21.0,11.0,39.0,188.0,0.0,91.0,0.0,0.0,0.0,,,,,,,,,,,,,,,,,,,,,,,,,,,,,,,,,,,,,,,,,,,,,,,,,,,,,,,,,,,,,,,,,,,,,,,,,,,,,
275,3.0,19.0,3.0,27.0,6.0,0.0,0.0,4.0,8.0,10.0,19.0,31.0,13.0,41.0,8.0,0.0,11.0,0.0,49.0,37.0,0.0,0.0,10.0,8.0,14.0,1.0,5.0,0.0,0.0,0.0,0.0,0.0,0.0,,,,,,,,,,,,,,,,,,,,,,,,,,,,,,,,,,,,,,,,,,,,,,,,,,,,,,,,,,,,,,,,,,,,,,,,,,,,,,,,,,,,,,,,
276,24.0,0.0,31.0,25.0,15.0,21.0,11.0,51.0,1.0,25.0,26.0,31.0,29.0,16.0,1.0,28.0,36.0,31.0,29.0,48.0,66.0,0.0,8.0,42.0,52.0,6.0,13.0,1.0,32.0,14.0,2.0,0.0,4.0,0.0,58.0,10.0,14.0,31.0,14.0,6.0,10.0,0.0,6.0,0.0,6.0,0.0,11.0,0.0,0.0,0.0,1.0,38.0,7.0,0.0,13.0,0.0,7.0,0.0,0.0,0.0,0.0,3.0,0.0,8.0,0.0,0.0,0.0,0.0,0.0,0.0,,,,,,,,,,,,,,,,,,,,,,,,,,,,,,,,,,,,,,,,,,,,,,,,,,,
277,15.0,11.0,17.0,59.0,23.0,22.0,27.0,0.0,21.0,0.0,3.0,12.0,81.0,9.0,59.0,0.0,11.0,4.0,18.0,126.0,7.0,6.0,0.0,12.0,53.0,39.0,19.0,19.0,3.0,0.0,21.0,26.0,77.0,52.0,29.0,54.0,70.0,14.0,42.0,52.0,96.0,0.0,10.0,87.0,0.0,0.0,14.0,4.0,3.0,0.0,,,,,,,,,,,,,,,,,,,,,,,,,,,,,,,,,,,,,,,,,,,,,,,,,,,,,,,,,,,,,,,,,,,,,,,
278,9.0,16.0,2.0,5.0,14.0,13.0,72.0,6.0,15.0,0.0,26.0,94.0,0.0,13.0,17.0,0.0,14.0,8.0,0.0,20.0,0.0,25.0,15.0,0.0,38.0,0.0,0.0,0.0,0.0,16.0,1.0,17.0,2.0,17.0,11.0,47.0,21.0,11.0,8.0,28.0,47.0,0.0,280.0,21.0,14.0,0.0,0.0,0.0,0.0,306.0,17.0,0.0,0.0,71.0,96.0,0.0,0.0,27.0,28.0,592.0,,,,,,,,,,,,,,,,,,,,,,,,,,,,,,,,,,,,,,,,,,,,,,,,,,,,,,,,,,,,,
