,0,1,2,3,4,5,6,7,8,9,10,11,12,13,14,15,16,17,18,19,20,21,22,23,24,25,26,27,28,29,30,31,32,33,34,35,36,37,38,39,40,41,42,43,44,45,46,47,48,49,50,51,52,53,54,55,56,57,58,59,60,61,62,63,64,65,66,67,68,69,70,71,72,73,74,75,76,77,78,79,80,81,82,83,84,85,86,87,88,89,90,91,92,93,94,95,96,97,98,99,100,101
0,9.0,70.0,4.0,16.0,39.0,48.0,23.0,17.0,41.0,41.0,0.0,0.0,6.0,0.0,53.0,0.0,24.0,31.0,0.0,16.0,11.0,92.0,15.0,61.0,0.0,15.0,23.0,17.0,3.0,91.0,0.0,23.0,10.0,4.0,2.0,11.0,2.0,0.0,0.0,0.0,24.0,0.0,1.0,22.0,0.0,,,,,,,,,,,,,,,,,,,,,,,,,,,,,,,,,,,,,,,,,,,,,,,,,,,,,,,,,
1,24.0,20.0,0.0,12.0,37.0,71.0,0.0,22.0,0.0,22.0,53.0,18.0,22.0,24.0,41.0,21.0,111.0,15.0,9.0,0.0,0.0,0.0,0.0,0.0,25.0,38.0,27.0,0.0,0.0,70.0,0.0,111.0,52.0,95.0,0.0,5.0,58.0,34.0,25.0,5.0,27.0,0.0,47.0,58.0,0.0,0.0,63.0,0.0,26.0,7.0,217.0,0.0,0.0,0.0,,,,,,,,,,,,,,,,,,,,,,,,,,,,,,,,,,,,,,,,,,,,,,,,
2,63.0,3.0,18.0,16.0,16.0,15.0,7.0,13.0,56.0,22.0,19.0,19.0,21.0,42.0,0.0,0.0,17.0,37.0,0.0,128.0,101.0,15.0,172.0,12.0,24.0,0.0,68.0,0.0,42.0,2.0,7.0,123.0,9.0,19.0,0.0,42.0,0.0,96.0,1.0,25.0,0.0,17.0,0.0,0.0,18.0,12.0,26.0,1.0,94.0,0.0,0.0,0.0,0.0,0.0,,,,,,,,,,,,,,,,,,,,,,,,,,,,,,,,,,,,,,,,,,,,,,,,
3,2.0,11.0,13.0,10.0,19.0,23.0,19.0,0.0,3.0,4.0,25.0,24.0,0.0,45.0,55.0,7.0,3.0,83.0,3.0,0.0,71.0,0.0,33.0,5.0,11.0,0.0,26.0,0.0,14.0,0.0,15.0,0.0,157.0,4.0,0.0,0.0,0.0,0.0,,,,,,,,,,,,,,,,,,,,,,,,,,,,,,,,,,,,,,,,,,,,,,,,,,,,,,,,,,,,,,,,
4,13.0,15.0,14.0,26.0,53.0,16.0,0.0,11.0,6.0,45.0,20.0,35.0,91.0,64.0,81.0,34.0,18.0,29.0,69.0,635.0,0.0,0.0,0.0,0.0,0.0,,,,,,,,,,,,,,,,,,,,,,,,,,,,,,,,,,,,,,,,,,,,,,,,,,,,,,,,,,,,,,,,,,,,,,,,,,,,,
5,23.0,9.0,11.0,34.0,17.0,22.0,19.0,0.0,0.0,6.0,28.0,43.0,0.0,30.0,17.0,56.0,59.0,3.0,3.0,16.0,0.0,36.0,55.0,11.0,64.0,12.0,19.0,15.0,0.0,17.0,17.0,0.0,130.0,0.0,0.0,0.0,200.0,,,,,,,,,,,,,,,,,,,,,,,,,,,,,,,,,,,,,,,,,,,,,,,,,,,,,,,,,,,,,,,,,
6,58.0,13.0,27.0,46.0,20.0,56.0,86.0,0.0,86.0,21.0,1.0,217.0,73.0,33.0,69.0,28.0,34.0,0.0,40.0,11.0,126.0,48.0,98.0,41.0,0.0,12.0,15.0,2.0,12.0,4.0,343.0,0.0,0.0,140.0,0.0,0.0,0.0,0.0,0.0,,,,,,,,,,,,,,,,,,,,,,,,,,,,,,,,,,,,,,,,,,,,,,,,,,,,,,,,,,,,,,,
7,0.0,26.0,6.0,10.0,38.0,80.0,16.0,4.0,24.0,7.0,5.0,10.0,12.0,14.0,14.0,0.0,19.0,32.0,43.0,0.0,0.0,7.0,22.0,52.0,3.0,8.0,0.0,2.0,12.0,22.0,47.0,11.0,34.0,14.0,17.0,4.0,124.0,0.0,0.0,20.0,19.0,0.0,0.0,0.0,9.0,0.0,0.0,0.0,0.0,0.0,0.0,0.0,0.0,0.0,0.0,0.0,0.0,0.0,0.0,0.0,0.0,0.0,0.0,0.0,,,,,,,,,,,,,,,,,,,,,,,,,,,,,,,,,,,,,,
8,1.0,3.0,1.0,28.0,23.0,19.0,0.0,7.0,1.0,15.0,11.0,2.0,9.0,8.0,12.0,5.0,11.0,0.0,0.0,0.0,0.0,16.0,0.0,32.0,0.0,9.0,6.0,5.0,17.0,0.0,38.0,6.0,0.0,59.0,0.0,0.0,,,,,,,,,,,,,,,,,,,,,,,,,,,,,,,,,,,,,,,,,,,,,,,,,,,,,,,,,,,,,,,,,,
9,12.0,7.0,16.0,2.0,29.0,1.0,0.0,4.0,0.0,112.0,30.0,7.0,16.0,0.0,6.0,0.0,0.0,0.0,32.0,25.0,64.0,7.0,47.0,14.0,0.0,52.0,29.0,6.0,14.0,92.0,36.0,0.0,55.0,61.0,0.0,0.0,39.0,88.0,12.0,0.0,0.0,0.0,22.0,2.0,0.0,0.0,0.0,0.0,0.0,0.0,11.0,0.0,0.0,0.0,2.0,0.0,0.0,0.0,0.0,0.0,0.0,0.0,0.0,0.0,0.0,0.0,0.0,3.0,0.0,127.0,250.0,146.0,0.0,0.0,0.0,0.0,0.0,0.0,0.0,0.0,0.0,0.0,0.0,0.0,0.0,,,,,,,,,,,,,,,,,
10,35.0,12.0,23.0,14.0,0.0,18.0,4.0,45.0,3.0,6.0,8.0,8.0,21.0,5.0,26.0,13.0,4.0,9.0,26.0,18.0,3.0,16.0,15.0,77.0,68.0,21.0,3.0,20.0,16.0,0.0,87.0,0.0,3.0,3.0,,,,,,,,,,,,,,,,,,,,,,,,,,,,,,,,,,,,,,,,,,,,,,,,,,,,,,,,,,,,,,,,,,,,
11,18.0,8.0,27.0,6.0,26.0,51.0,22.0,0.0,0.0,52.0,43.0,8.0,22.0,0.0,4.0,1.0,24.0,0.0,0.0,71.0,40.0,0.0,102.0,16.0,122.0,0.0,0.0,,,,,,,,,,,,,,,,,,,,,,,,,,,,,,,,,,,,,,,,,,,,,,,,,,,,,,,,,,,,,,,,,,,,,,,,,,,
12,36.0,17.0,23.0,14.0,0.0,0.0,22.0,1.0,0.0,8.0,35.0,100.0,72.0,185.0,0.0,91.0,0.0,13.0,0.0,16.0,174.0,49.0,72.0,0.0,10.0,0.0,13.0,0.0,70.0,0.0,147.0,37.0,152.0,0.0,0.0,14.0,1.0,14.0,0.0,29.0,0.0,14.0,2.0,7.0,16.0,0.0,,,,,,,,,,,,,,,,,,,,,,,,,,,,,,,,,,,,,,,,,,,,,,,,,,,,,,,,
13,17.0,6.0,12.0,4.0,6.0,17.0,8.0,8.0,3.0,10.0,0.0,7.0,11.0,0.0,5.0,25.0,0.0,9.0,0.0,9.0,2.0,17.0,0.0,12.0,0.0,0.0,17.0,34.0,11.0,17.0,0.0,21.0,0.0,14.0,0.0,17.0,0.0,83.0,0.0,,,,,,,,,,,,,,,,,,,,,,,,,,,,,,,,,,,,,,,,,,,,,,,,,,,,,,,,,,,,,,,
14,27.0,33.0,13.0,22.0,7.0,5.0,34.0,22.0,16.0,0.0,0.0,22.0,35.0,28.0,28.0,17.0,62.0,43.0,65.0,0.0,5.0,0.0,23.0,0.0,74.0,0.0,27.0,20.0,10.0,,,,,,,,,,,,,,,,,,,,,,,,,,,,,,,,,,,,,,,,,,,,,,,,,,,,,,,,,,,,,,,,,,,,,,,,,
15,12.0,22.0,18.0,35.0,12.0,51.0,30.0,22.0,16.0,70.0,2.0,39.0,24.0,71.0,2.0,3.0,18.0,49.0,11.0,61.0,11.0,0.0,13.0,30.0,35.0,19.0,38.0,10.0,12.0,49.0,4.0,58.0,10.0,137.0,0.0,8.0,0.0,,,,,,,,,,,,,,,,,,,,,,,,,,,,,,,,,,,,,,,,,,,,,,,,,,,,,,,,,,,,,,,,,
16,7.0,15.0,50.0,16.0,36.0,51.0,28.0,52.0,1.0,24.0,64.0,26.0,12.0,37.0,158.0,82.0,17.0,51.0,57.0,105.0,0.0,90.0,109.0,57.0,190.0,23.0,267.0,0.0,0.0,0.0,,,,,,,,,,,,,,,,,,,,,,,,,,,,,,,,,,,,,,,,,,,,,,,,,,,,,,,,,,,,,,,,,,,,,,,,
17,,,,,,,,,,,,,,,,,,,,,,,,,,,,,,,,,,,,,,,,,,,,,,,,,,,,,,,,,,,,,,,,,,,,,,,,,,,,,,,,,,,,,,,,,,,,,,,,,,,,,,
18,27.0,10.0,0.0,6.0,20.0,7.0,7.0,19.0,0.0,0.0,16.0,3.0,40.0,3.0,9.0,12.0,0.0,3.0,8.0,33.0,5.0,9.0,0.0,0.0,43.0,44.0,27.0,124.0,2.0,27.0,0.0,0.0,181.0,6.0,46.0,0.0,12.0,385.0,0.0,0.0,0.0,0.0,0.0,,,,,,,,,,,,,,,,,,,,,,,,,,,,,,,,,,,,,,,,,,,,,,,,,,,,,,,,,,,
19,0.0,19.0,25.0,26.0,4.0,0.0,15.0,21.0,21.0,9.0,0.0,17.0,0.0,64.0,16.0,2.0,15.0,34.0,9.0,0.0,0.0,0.0,0.0,0.0,0.0,0.0,0.0,0.0,,,,,,,,,,,,,,,,,,,,,,,,,,,,,,,,,,,,,,,,,,,,,,,,,,,,,,,,,,,,,,,,,,,,,,,,,,
20,36.0,10.0,9.0,13.0,17.0,12.0,6.0,13.0,36.0,8.0,6.0,46.0,18.0,12.0,25.0,11.0,0.0,10.0,31.0,12.0,9.0,5.0,43.0,7.0,55.0,20.0,28.0,61.0,8.0,0.0,17.0,0.0,38.0,54.0,21.0,0.0,0.0,72.0,71.0,9.0,34.0,104.0,37.0,15.0,41.0,63.0,29.0,0.0,0.0,117.0,0.0,0.0,0.0,0.0,0.0,0.0,0.0,0.0,0.0,0.0,0.0,0.0,0.0,0.0,0.0,0.0,,,,,,,,,,,,,,,,,,,,,,,,,,,,,,,,,,,,
21,15.0,19.0,0.0,28.0,1.0,2.0,0.0,0.0,9.0,3.0,81.0,0.0,0.0,0.0,34.0,4.0,26.0,37.0,4.0,0.0,0.0,,,,,,,,,,,,,,,,,,,,,,,,,,,,,,,,,,,,,,,,,,,,,,,,,,,,,,,,,,,,,,,,,,,,,,,,,,,,,,,,,
22,33.0,0.0,28.0,17.0,0.0,12.0,12.0,21.0,0.0,45.0,0.0,9.0,0.0,26.0,0.0,17.0,0.0,4.0,34.0,0.0,36.0,32.0,18.0,80.0,4.0,18.0,0.0,39.0,13.0,0.0,0.0,0.0,0.0,,,,,,,,,,,,,,,,,,,,,,,,,,,,,,,,,,,,,,,,,,,,,,,,,,,,,,,,,,,,,,,,,,,,,
23,19.0,10.0,0.0,32.0,5.0,14.0,47.0,46.0,56.0,28.0,0.0,12.0,50.0,18.0,9.0,0.0,11.0,0.0,0.0,15.0,0.0,4.0,11.0,5.0,0.0,0.0,22.0,9.0,24.0,9.0,19.0,17.0,0.0,20.0,0.0,19.0,100.0,117.0,0.0,1.0,109.0,0.0,0.0,189.0,52.0,0.0,7.0,22.0,29.0,0.0,44.0,13.0,0.0,0.0,0.0,34.0,29.0,12.0,0.0,67.0,158.0,0.0,0.0,0.0,0.0,41.0,0.0,0.0,677.0,0.0,0.0,5.0,0.0,0.0,3.0,37.0,0.0,50.0,0.0,0.0,0.0,0.0,,,,,,,,,,,,,,,,,,,,
24,9.0,15.0,10.0,0.0,32.0,36.0,11.0,7.0,61.0,13.0,49.0,0.0,49.0,40.0,39.0,13.0,69.0,0.0,0.0,10.0,29.0,0.0,0.0,1.0,154.0,0.0,,,,,,,,,,,,,,,,,,,,,,,,,,,,,,,,,,,,,,,,,,,,,,,,,,,,,,,,,,,,,,,,,,,,,,,,,,,,
25,33.0,19.0,21.0,21.0,5.0,0.0,11.0,12.0,0.0,0.0,49.0,21.0,65.0,49.0,24.0,36.0,59.0,26.0,50.0,43.0,6.0,0.0,7.0,0.0,0.0,0.0,20.0,0.0,0.0,0.0,34.0,11.0,21.0,8.0,28.0,63.0,0.0,0.0,0.0,0.0,1.0,1.0,,,,,,,,,,,,,,,,,,,,,,,,,,,,,,,,,,,,,,,,,,,,,,,,,,,,,,,,,,,,
26,26.0,14.0,14.0,34.0,18.0,36.0,19.0,50.0,24.0,27.0,0.0,18.0,12.0,9.0,31.0,0.0,0.0,42.0,29.0,4.0,16.0,49.0,3.0,50.0,18.0,0.0,1.0,0.0,1.0,57.0,24.0,54.0,18.0,265.0,0.0,66.0,0.0,0.0,21.0,0.0,0.0,7.0,0.0,0.0,84.0,37.0,82.0,0.0,0.0,0.0,200.0,0.0,0.0,205.0,37.0,14.0,0.0,0.0,0.0,0.0,0.0,0.0,0.0,0.0,0.0,0.0,0.0,0.0,0.0,0.0,0.0,,,,,,,,,,,,,,,,,,,,,,,,,,,,,,,
27,43.0,5.0,26.0,36.0,11.0,5.0,12.0,17.0,29.0,56.0,56.0,35.0,0.0,50.0,47.0,95.0,4.0,3.0,2.0,0.0,36.0,17.0,37.0,8.0,38.0,0.0,25.0,91.0,18.0,49.0,148.0,66.0,241.0,13.0,322.0,137.0,217.0,0.0,0.0,3.0,16.0,0.0,4.0,0.0,193.0,0.0,7.0,3.0,0.0,,,,,,,,,,,,,,,,,,,,,,,,,,,,,,,,,,,,,,,,,,,,,,,,,,,,,
28,35.0,2.0,28.0,5.0,44.0,50.0,135.0,6.0,29.0,0.0,24.0,0.0,9.0,25.0,158.0,167.0,4.0,152.0,0.0,254.0,25.0,3.0,163.0,0.0,0.0,0.0,0.0,37.0,0.0,89.0,0.0,23.0,64.0,0.0,138.0,8.0,258.0,0.0,100.0,0.0,0.0,191.0,120.0,0.0,356.0,13.0,62.0,97.0,173.0,38.0,131.0,276.0,0.0,31.0,702.0,34.0,7.0,776.0,0.0,12.0,0.0,0.0,0.0,0.0,0.0,0.0,0.0,0.0,0.0,0.0,0.0,0.0,0.0,0.0,0.0,,,,,,,,,,,,,,,,,,,,,,,,,,,
29,18.0,0.0,0.0,16.0,21.0,7.0,2.0,19.0,0.0,121.0,7.0,99.0,93.0,18.0,39.0,20.0,0.0,0.0,7.0,10.0,0.0,0.0,4.0,32.0,0.0,0.0,0.0,11.0,4.0,11.0,1.0,,,,,,,,,,,,,,,,,,,,,,,,,,,,,,,,,,,,,,,,,,,,,,,,,,,,,,,,,,,,,,,,,,,,,,,
30,18.0,12.0,8.0,28.0,0.0,18.0,36.0,2.0,11.0,16.0,18.0,33.0,21.0,99.0,0.0,14.0,2.0,31.0,32.0,0.0,7.0,0.0,35.0,55.0,8.0,55.0,22.0,148.0,0.0,20.0,16.0,0.0,0.0,0.0,123.0,14.0,0.0,0.0,0.0,,,,,,,,,,,,,,,,,,,,,,,,,,,,,,,,,,,,,,,,,,,,,,,,,,,,,,,,,,,,,,,
31,12.0,18.0,28.0,48.0,31.0,31.0,55.0,0.0,27.0,88.0,62.0,20.0,0.0,7.0,0.0,30.0,61.0,26.0,12.0,13.0,11.0,15.0,64.0,66.0,17.0,97.0,28.0,0.0,18.0,0.0,29.0,11.0,98.0,112.0,3.0,813.0,369.0,0.0,0.0,0.0,0.0,0.0,11.0,16.0,1.0,97.0,0.0,9.0,296.0,0.0,0.0,0.0,88.0,293.0,0.0,285.0,0.0,167.0,87.0,0.0,115.0,249.0,277.0,0.0,0.0,0.0,,,,,,,,,,,,,,,,,,,,,,,,,,,,,,,,,,,,
32,10.0,43.0,11.0,13.0,5.0,0.0,8.0,9.0,4.0,5.0,36.0,17.0,16.0,123.0,1.0,102.0,0.0,20.0,16.0,0.0,3.0,,,,,,,,,,,,,,,,,,,,,,,,,,,,,,,,,,,,,,,,,,,,,,,,,,,,,,,,,,,,,,,,,,,,,,,,,,,,,,,,,
33,21.0,6.0,21.0,0.0,0.0,5.0,0.0,12.0,10.0,21.0,17.0,16.0,11.0,0.0,1.0,0.0,13.0,34.0,20.0,112.0,3.0,0.0,0.0,0.0,10.0,10.0,0.0,13.0,4.0,0.0,0.0,5.0,0.0,13.0,,,,,,,,,,,,,,,,,,,,,,,,,,,,,,,,,,,,,,,,,,,,,,,,,,,,,,,,,,,,,,,,,,,,
34,9.0,22.0,10.0,47.0,67.0,37.0,4.0,8.0,26.0,21.0,10.0,47.0,18.0,8.0,65.0,25.0,0.0,0.0,34.0,63.0,6.0,29.0,0.0,47.0,27.0,5.0,0.0,12.0,2.0,4.0,42.0,10.0,0.0,37.0,8.0,7.0,32.0,17.0,0.0,6.0,40.0,5.0,7.0,13.0,8.0,16.0,10.0,6.0,26.0,0.0,43.0,17.0,11.0,126.0,22.0,233.0,0.0,0.0,0.0,0.0,0.0,0.0,0.0,0.0,,,,,,,,,,,,,,,,,,,,,,,,,,,,,,,,,,,,,,
35,8.0,14.0,8.0,18.0,4.0,5.0,24.0,15.0,43.0,7.0,15.0,11.0,9.0,28.0,24.0,16.0,0.0,14.0,32.0,5.0,10.0,0.0,6.0,5.0,41.0,0.0,1.0,0.0,17.0,1.0,71.0,8.0,1.0,48.0,0.0,0.0,0.0,0.0,2.0,14.0,10.0,12.0,0.0,0.0,0.0,0.0,0.0,0.0,0.0,6.0,0.0,0.0,24.0,4.0,7.0,16.0,19.0,0.0,0.0,0.0,4.0,2.0,3.0,1.0,1.0,0.0,24.0,0.0,2.0,0.0,0.0,0.0,11.0,0.0,0.0,0.0,0.0,0.0,0.0,0.0,0.0,0.0,0.0,0.0,0.0,0.0,0.0,0.0,0.0,0.0,0.0,0.0,0.0,0.0,0.0,0.0,0.0,0.0,0.0,0.0,0.0,0.0
36,8.0,8.0,20.0,20.0,0.0,0.0,54.0,2.0,39.0,1.0,4.0,9.0,10.0,30.0,118.0,46.0,0.0,53.0,24.0,0.0,56.0,22.0,66.0,0.0,0.0,90.0,16.0,0.0,12.0,4.0,66.0,0.0,0.0,0.0,0.0,3.0,65.0,0.0,0.0,0.0,16.0,34.0,17.0,19.0,0.0,7.0,84.0,7.0,91.0,0.0,64.0,11.0,0.0,59.0,19.0,0.0,0.0,0.0,0.0,0.0,0.0,,,,,,,,,,,,,,,,,,,,,,,,,,,,,,,,,,,,,,,,,
37,6.0,30.0,11.0,13.0,18.0,2.0,3.0,6.0,18.0,13.0,0.0,0.0,36.0,51.0,45.0,35.0,4.0,0.0,28.0,0.0,0.0,39.0,5.0,51.0,13.0,0.0,0.0,8.0,17.0,47.0,0.0,10.0,0.0,3.0,0.0,0.0,1.0,0.0,8.0,0.0,0.0,0.0,0.0,0.0,0.0,0.0,21.0,0.0,0.0,0.0,0.0,0.0,0.0,7.0,0.0,0.0,6.0,0.0,0.0,0.0,0.0,0.0,0.0,0.0,0.0,0.0,0.0,0.0,0.0,0.0,0.0,0.0,0.0,0.0,0.0,0.0,,,,,,,,,,,,,,,,,,,,,,,,,,
38,7.0,0.0,18.0,8.0,2.0,20.0,19.0,0.0,0.0,4.0,6.0,6.0,0.0,19.0,32.0,0.0,10.0,2.0,23.0,0.0,0.0,0.0,11.0,4.0,,,,,,,,,,,,,,,,,,,,,,,,,,,,,,,,,,,,,,,,,,,,,,,,,,,,,,,,,,,,,,,,,,,,,,,,,,,,,,
39,8.0,13.0,0.0,7.0,0.0,93.0,0.0,0.0,9.0,66.0,6.0,9.0,0.0,4.0,0.0,23.0,68.0,56.0,55.0,35.0,94.0,23.0,0.0,30.0,0.0,27.0,9.0,20.0,85.0,0.0,57.0,11.0,141.0,7.0,14.0,0.0,1.0,0.0,18.0,0.0,11.0,0.0,14.0,36.0,184.0,3.0,29.0,0.0,0.0,113.0,196.0,155.0,177.0,46.0,152.0,95.0,113.0,24.0,0.0,0.0,0.0,0.0,0.0,0.0,0.0,0.0,0.0,0.0,0.0,,,,,,,,,,,,,,,,,,,,,,,,,,,,,,,,,
40,13.0,53.0,0.0,18.0,20.0,21.0,31.0,32.0,4.0,2.0,0.0,0.0,17.0,67.0,34.0,33.0,26.0,9.0,13.0,8.0,6.0,56.0,9.0,12.0,11.0,18.0,7.0,19.0,32.0,31.0,21.0,22.0,76.0,22.0,1.0,0.0,0.0,25.0,124.0,87.0,653.0,1.0,15.0,135.0,0.0,135.0,18.0,0.0,,,,,,,,,,,,,,,,,,,,,,,,,,,,,,,,,,,,,,,,,,,,,,,,,,,,,,
41,4.0,5.0,6.0,14.0,19.0,4.0,4.0,0.0,86.0,0.0,51.0,11.0,37.0,0.0,306.0,0.0,0.0,0.0,1.0,26.0,0.0,0.0,0.0,99.0,0.0,,,,,,,,,,,,,,,,,,,,,,,,,,,,,,,,,,,,,,,,,,,,,,,,,,,,,,,,,,,,,,,,,,,,,,,,,,,,,
42,0.0,1.0,24.0,2.0,23.0,16.0,24.0,5.0,63.0,5.0,6.0,0.0,18.0,8.0,75.0,48.0,0.0,87.0,37.0,10.0,18.0,15.0,4.0,0.0,35.0,10.0,14.0,11.0,0.0,0.0,4.0,10.0,0.0,1.0,13.0,72.0,19.0,5.0,70.0,0.0,80.0,0.0,0.0,0.0,0.0,,,,,,,,,,,,,,,,,,,,,,,,,,,,,,,,,,,,,,,,,,,,,,,,,,,,,,,,,
43,4.0,22.0,36.0,0.0,0.0,12.0,31.0,33.0,47.0,0.0,36.0,14.0,29.0,0.0,13.0,6.0,20.0,47.0,8.0,0.0,15.0,22.0,2.0,28.0,49.0,7.0,24.0,0.0,58.0,24.0,18.0,31.0,18.0,55.0,140.0,22.0,35.0,47.0,45.0,0.0,89.0,20.0,12.0,0.0,0.0,0.0,0.0,0.0,0.0,7.0,0.0,0.0,0.0,0.0,4.0,137.0,0.0,6.0,0.0,14.0,393.0,0.0,0.0,0.0,,,,,,,,,,,,,,,,,,,,,,,,,,,,,,,,,,,,,,
44,16.0,8.0,33.0,15.0,0.0,10.0,28.0,0.0,30.0,1.0,16.0,37.0,62.0,6.0,10.0,2.0,5.0,1.0,20.0,37.0,0.0,1.0,,,,,,,,,,,,,,,,,,,,,,,,,,,,,,,,,,,,,,,,,,,,,,,,,,,,,,,,,,,,,,,,,,,,,,,,,,,,,,,,
45,5.0,18.0,13.0,12.0,0.0,32.0,26.0,0.0,0.0,30.0,19.0,0.0,5.0,15.0,4.0,0.0,14.0,0.0,29.0,0.0,0.0,21.0,10.0,1.0,6.0,69.0,27.0,29.0,40.0,1.0,0.0,17.0,16.0,19.0,0.0,0.0,,,,,,,,,,,,,,,,,,,,,,,,,,,,,,,,,,,,,,,,,,,,,,,,,,,,,,,,,,,,,,,,,,
46,14.0,44.0,0.0,25.0,22.0,9.0,4.0,1.0,4.0,0.0,15.0,11.0,49.0,51.0,17.0,45.0,41.0,35.0,0.0,0.0,12.0,57.0,2.0,15.0,4.0,19.0,3.0,,,,,,,,,,,,,,,,,,,,,,,,,,,,,,,,,,,,,,,,,,,,,,,,,,,,,,,,,,,,,,,,,,,,,,,,,,,
47,14.0,17.0,22.0,16.0,13.0,2.0,0.0,2.0,0.0,34.0,12.0,16.0,17.0,21.0,15.0,0.0,34.0,10.0,11.0,30.0,13.0,73.0,27.0,32.0,36.0,53.0,0.0,0.0,145.0,25.0,75.0,0.0,19.0,24.0,33.0,0.0,25.0,82.0,101.0,73.0,0.0,20.0,99.0,62.0,32.0,0.0,0.0,1.0,0.0,2.0,0.0,0.0,0.0,0.0,137.0,6.0,22.0,0.0,12.0,0.0,0.0,0.0,0.0,25.0,0.0,14.0,77.0,0.0,0.0,0.0,0.0,0.0,0.0,0.0,0.0,0.0,0.0,0.0,,,,,,,,,,,,,,,,,,,,,,,,
48,24.0,25.0,,,,,,,,,,,,,,,,,,,,,,,,,,,,,,,,,,,,,,,,,,,,,,,,,,,,,,,,,,,,,,,,,,,,,,,,,,,,,,,,,,,,,,,,,,,,,,,,,,,,
49,40.0,6.0,9.0,32.0,18.0,21.0,34.0,5.0,50.0,10.0,15.0,41.0,7.0,1.0,0.0,0.0,29.0,0.0,0.0,0.0,0.0,0.0,0.0,0.0,0.0,0.0,0.0,0.0,0.0,0.0,0.0,,,,,,,,,,,,,,,,,,,,,,,,,,,,,,,,,,,,,,,,,,,,,,,,,,,,,,,,,,,,,,,,,,,,,,,
50,11.0,26.0,13.0,10.0,18.0,0.0,16.0,10.0,2.0,6.0,3.0,18.0,12.0,4.0,44.0,7.0,23.0,0.0,18.0,0.0,0.0,0.0,0.0,0.0,0.0,,,,,,,,,,,,,,,,,,,,,,,,,,,,,,,,,,,,,,,,,,,,,,,,,,,,,,,,,,,,,,,,,,,,,,,,,,,,,
51,7.0,45.0,0.0,24.0,6.0,17.0,6.0,6.0,25.0,7.0,0.0,13.0,43.0,16.0,30.0,0.0,17.0,1.0,26.0,26.0,0.0,0.0,0.0,1.0,8.0,0.0,83.0,43.0,0.0,0.0,0.0,0.0,0.0,0.0,0.0,2.0,5.0,0.0,0.0,,,,,,,,,,,,,,,,,,,,,,,,,,,,,,,,,,,,,,,,,,,,,,,,,,,,,,,,,,,,,,,
52,18.0,26.0,35.0,10.0,10.0,0.0,54.0,47.0,59.0,0.0,50.0,3.0,44.0,0.0,0.0,3.0,2.0,3.0,0.0,18.0,24.0,0.0,0.0,0.0,23.0,45.0,47.0,0.0,18.0,43.0,0.0,0.0,438.0,416.0,63.0,275.0,10.0,31.0,186.0,64.0,0.0,12.0,0.0,26.0,98.0,0.0,172.0,0.0,0.0,0.0,0.0,4.0,0.0,9.0,0.0,0.0,,,,,,,,,,,,,,,,,,,,,,,,,,,,,,,,,,,,,,,,,,,,,,
53,9.0,9.0,13.0,11.0,15.0,0.0,0.0,2.0,0.0,8.0,0.0,27.0,7.0,9.0,31.0,13.0,62.0,29.0,7.0,4.0,14.0,31.0,0.0,18.0,17.0,85.0,0.0,64.0,128.0,0.0,76.0,221.0,6.0,41.0,9.0,4.0,0.0,20.0,0.0,,,,,,,,,,,,,,,,,,,,,,,,,,,,,,,,,,,,,,,,,,,,,,,,,,,,,,,,,,,,,,,
54,64.0,33.0,23.0,67.0,6.0,22.0,27.0,0.0,48.0,30.0,51.0,0.0,15.0,37.0,41.0,0.0,37.0,0.0,0.0,4.0,16.0,44.0,28.0,12.0,71.0,12.0,10.0,58.0,0.0,0.0,0.0,,,,,,,,,,,,,,,,,,,,,,,,,,,,,,,,,,,,,,,,,,,,,,,,,,,,,,,,,,,,,,,,,,,,,,,
55,12.0,6.0,9.0,12.0,16.0,5.0,38.0,0.0,9.0,0.0,0.0,27.0,1.0,37.0,14.0,1.0,0.0,0.0,18.0,0.0,0.0,0.0,31.0,14.0,0.0,6.0,0.0,14.0,0.0,0.0,15.0,1.0,0.0,2.0,0.0,,,,,,,,,,,,,,,,,,,,,,,,,,,,,,,,,,,,,,,,,,,,,,,,,,,,,,,,,,,,,,,,,,,
56,0.0,12.0,0.0,17.0,0.0,20.0,43.0,1.0,17.0,46.0,54.0,7.0,25.0,0.0,0.0,43.0,23.0,12.0,0.0,0.0,0.0,31.0,0.0,0.0,0.0,0.0,0.0,0.0,0.0,0.0,0.0,,,,,,,,,,,,,,,,,,,,,,,,,,,,,,,,,,,,,,,,,,,,,,,,,,,,,,,,,,,,,,,,,,,,,,,
57,6.0,0.0,2.0,14.0,11.0,12.0,5.0,0.0,6.0,0.0,8.0,11.0,11.0,12.0,0.0,26.0,4.0,15.0,90.0,35.0,0.0,249.0,22.0,,,,,,,,,,,,,,,,,,,,,,,,,,,,,,,,,,,,,,,,,,,,,,,,,,,,,,,,,,,,,,,,,,,,,,,,,,,,,,,
58,24.0,0.0,0.0,13.0,5.0,73.0,21.0,46.0,38.0,45.0,95.0,11.0,15.0,0.0,4.0,0.0,12.0,0.0,59.0,0.0,275.0,0.0,0.0,0.0,34.0,10.0,,,,,,,,,,,,,,,,,,,,,,,,,,,,,,,,,,,,,,,,,,,,,,,,,,,,,,,,,,,,,,,,,,,,,,,,,,,,
59,24.0,8.0,23.0,11.0,20.0,4.0,8.0,17.0,48.0,11.0,80.0,19.0,48.0,0.0,0.0,9.0,0.0,0.0,0.0,0.0,29.0,0.0,8.0,28.0,3.0,6.0,0.0,0.0,3.0,20.0,19.0,2.0,3.0,0.0,0.0,20.0,0.0,0.0,176.0,13.0,10.0,6.0,16.0,11.0,0.0,12.0,0.0,2.0,4.0,0.0,0.0,0.0,0.0,9.0,17.0,0.0,0.0,0.0,0.0,0.0,0.0,,,,,,,,,,,,,,,,,,,,,,,,,,,,,,,,,,,,,,,,,
60,5.0,11.0,8.0,12.0,0.0,0.0,28.0,4.0,0.0,14.0,0.0,0.0,17.0,82.0,3.0,31.0,15.0,0.0,0.0,4.0,40.0,0.0,8.0,0.0,0.0,3.0,7.0,0.0,1.0,,,,,,,,,,,,,,,,,,,,,,,,,,,,,,,,,,,,,,,,,,,,,,,,,,,,,,,,,,,,,,,,,,,,,,,,,
61,20.0,19.0,0.0,4.0,13.0,0.0,0.0,9.0,0.0,16.0,5.0,7.0,16.0,42.0,6.0,21.0,55.0,0.0,128.0,10.0,0.0,0.0,10.0,1.0,13.0,3.0,0.0,37.0,0.0,21.0,6.0,41.0,13.0,0.0,22.0,0.0,0.0,25.0,259.0,53.0,69.0,0.0,0.0,47.0,0.0,0.0,0.0,,,,,,,,,,,,,,,,,,,,,,,,,,,,,,,,,,,,,,,,,,,,,,,,,,,,,,,
62,0.0,20.0,45.0,12.0,21.0,8.0,48.0,24.0,23.0,151.0,25.0,0.0,386.0,0.0,0.0,113.0,95.0,0.0,0.0,0.0,18.0,265.0,0.0,0.0,134.0,135.0,0.0,11.0,0.0,215.0,29.0,391.0,0.0,0.0,0.0,,,,,,,,,,,,,,,,,,,,,,,,,,,,,,,,,,,,,,,,,,,,,,,,,,,,,,,,,,,,,,,,,,,
63,18.0,6.0,21.0,3.0,18.0,0.0,0.0,2.0,6.0,15.0,30.0,0.0,18.0,0.0,0.0,19.0,14.0,12.0,24.0,16.0,15.0,33.0,0.0,16.0,0.0,10.0,4.0,76.0,24.0,12.0,21.0,0.0,1.0,16.0,0.0,0.0,33.0,18.0,6.0,12.0,105.0,6.0,0.0,0.0,0.0,0.0,0.0,,,,,,,,,,,,,,,,,,,,,,,,,,,,,,,,,,,,,,,,,,,,,,,,,,,,,,,
64,1.0,14.0,8.0,19.0,4.0,17.0,21.0,6.0,13.0,18.0,23.0,17.0,5.0,33.0,12.0,52.0,28.0,48.0,14.0,19.0,43.0,0.0,87.0,1.0,27.0,0.0,13.0,3.0,0.0,34.0,41.0,0.0,25.0,0.0,0.0,0.0,1.0,15.0,0.0,144.0,76.0,120.0,0.0,166.0,72.0,8.0,1.0,17.0,94.0,2.0,0.0,0.0,0.0,0.0,0.0,,,,,,,,,,,,,,,,,,,,,,,,,,,,,,,,,,,,,,,,,,,,,,,
65,6.0,8.0,6.0,48.0,28.0,0.0,0.0,9.0,8.0,2.0,9.0,13.0,2.0,2.0,0.0,22.0,13.0,32.0,4.0,75.0,43.0,11.0,0.0,76.0,165.0,2.0,0.0,27.0,57.0,7.0,96.0,81.0,0.0,23.0,144.0,0.0,116.0,172.0,,,,,,,,,,,,,,,,,,,,,,,,,,,,,,,,,,,,,,,,,,,,,,,,,,,,,,,,,,,,,,,,
66,12.0,55.0,0.0,5.0,7.0,7.0,11.0,17.0,9.0,56.0,0.0,7.0,3.0,78.0,0.0,0.0,29.0,70.0,64.0,0.0,68.0,17.0,13.0,0.0,15.0,21.0,0.0,0.0,3.0,0.0,10.0,2.0,79.0,23.0,0.0,2.0,5.0,51.0,80.0,14.0,5.0,13.0,0.0,0.0,0.0,0.0,23.0,48.0,95.0,0.0,0.0,0.0,0.0,0.0,0.0,0.0,0.0,0.0,0.0,0.0,343.0,34.0,63.0,321.0,0.0,12.0,0.0,16.0,0.0,,,,,,,,,,,,,,,,,,,,,,,,,,,,,,,,,
67,8.0,42.0,0.0,1.0,8.0,55.0,13.0,4.0,7.0,13.0,22.0,4.0,9.0,0.0,21.0,53.0,22.0,0.0,0.0,8.0,17.0,10.0,57.0,3.0,0.0,210.0,126.0,0.0,0.0,0.0,0.0,0.0,0.0,0.0,0.0,,,,,,,,,,,,,,,,,,,,,,,,,,,,,,,,,,,,,,,,,,,,,,,,,,,,,,,,,,,,,,,,,,,
68,0.0,1.0,19.0,4.0,8.0,20.0,4.0,1.0,84.0,25.0,68.0,27.0,16.0,0.0,86.0,0.0,14.0,0.0,2.0,2.0,95.0,79.0,0.0,1.0,3.0,6.0,39.0,706.0,0.0,6.0,27.0,6.0,26.0,28.0,0.0,9.0,52.0,27.0,29.0,10.0,0.0,9.0,0.0,0.0,4.0,41.0,8.0,23.0,0.0,,,,,,,,,,,,,,,,,,,,,,,,,,,,,,,,,,,,,,,,,,,,,,,,,,,,,
69,0.0,22.0,5.0,0.0,3.0,51.0,7.0,16.0,3.0,10.0,128.0,0.0,1.0,11.0,9.0,27.0,18.0,206.0,64.0,7.0,157.0,14.0,180.0,0.0,,,,,,,,,,,,,,,,,,,,,,,,,,,,,,,,,,,,,,,,,,,,,,,,,,,,,,,,,,,,,,,,,,,,,,,,,,,,,,
70,0.0,3.0,32.0,2.0,5.0,21.0,0.0,0.0,29.0,7.0,6.0,5.0,52.0,0.0,0.0,40.0,57.0,2.0,76.0,36.0,0.0,19.0,25.0,26.0,85.0,4.0,21.0,17.0,0.0,65.0,0.0,9.0,102.0,0.0,26.0,69.0,0.0,34.0,0.0,256.0,13.0,73.0,0.0,0.0,23.0,0.0,0.0,,,,,,,,,,,,,,,,,,,,,,,,,,,,,,,,,,,,,,,,,,,,,,,,,,,,,,,
71,14.0,0.0,6.0,42.0,3.0,29.0,10.0,50.0,11.0,50.0,0.0,39.0,13.0,0.0,22.0,5.0,12.0,6.0,5.0,0.0,9.0,0.0,23.0,46.0,58.0,0.0,0.0,17.0,20.0,84.0,24.0,0.0,12.0,18.0,192.0,0.0,29.0,0.0,23.0,0.0,0.0,13.0,0.0,5.0,0.0,0.0,0.0,0.0,0.0,0.0,0.0,0.0,0.0,0.0,0.0,0.0,0.0,0.0,0.0,0.0,,,,,,,,,,,,,,,,,,,,,,,,,,,,,,,,,,,,,,,,,,
72,4.0,18.0,32.0,8.0,13.0,4.0,37.0,3.0,11.0,28.0,0.0,11.0,2.0,9.0,13.0,76.0,32.0,1.0,35.0,15.0,6.0,19.0,4.0,0.0,1.0,0.0,0.0,18.0,9.0,4.0,20.0,15.0,0.0,0.0,0.0,,,,,,,,,,,,,,,,,,,,,,,,,,,,,,,,,,,,,,,,,,,,,,,,,,,,,,,,,,,,,,,,,,,
73,4.0,27.0,0.0,101.0,0.0,31.0,74.0,20.0,10.0,64.0,19.0,27.0,0.0,17.0,40.0,0.0,385.0,28.0,269.0,33.0,21.0,97.0,6.0,22.0,78.0,58.0,226.0,118.0,0.0,0.0,2.0,234.0,0.0,0.0,0.0,0.0,0.0,0.0,0.0,,,,,,,,,,,,,,,,,,,,,,,,,,,,,,,,,,,,,,,,,,,,,,,,,,,,,,,,,,,,,,,
74,20.0,3.0,7.0,0.0,6.0,14.0,2.0,28.0,0.0,0.0,12.0,8.0,15.0,0.0,10.0,3.0,10.0,12.0,25.0,40.0,54.0,0.0,0.0,12.0,0.0,0.0,28.0,27.0,66.0,48.0,16.0,0.0,14.0,28.0,0.0,0.0,0.0,0.0,8.0,0.0,0.0,0.0,0.0,,,,,,,,,,,,,,,,,,,,,,,,,,,,,,,,,,,,,,,,,,,,,,,,,,,,,,,,,,,
75,23.0,17.0,19.0,3.0,43.0,2.0,79.0,8.0,0.0,35.0,11.0,4.0,59.0,7.0,45.0,113.0,24.0,11.0,8.0,49.0,78.0,17.0,12.0,2.0,3.0,56.0,52.0,15.0,12.0,59.0,7.0,31.0,29.0,2.0,0.0,48.0,0.0,88.0,18.0,,,,,,,,,,,,,,,,,,,,,,,,,,,,,,,,,,,,,,,,,,,,,,,,,,,,,,,,,,,,,,,
76,13.0,15.0,0.0,0.0,3.0,45.0,10.0,17.0,7.0,13.0,24.0,23.0,66.0,30.0,52.0,0.0,19.0,1.0,34.0,9.0,30.0,0.0,138.0,35.0,0.0,0.0,7.0,27.0,45.0,18.0,21.0,0.0,23.0,126.0,0.0,71.0,0.0,29.0,0.0,0.0,11.0,15.0,0.0,0.0,3.0,0.0,0.0,5.0,53.0,15.0,0.0,61.0,0.0,55.0,180.0,45.0,0.0,7.0,6.0,12.0,8.0,0.0,0.0,16.0,90.0,0.0,0.0,0.0,32.0,506.0,0.0,,,,,,,,,,,,,,,,,,,,,,,,,,,,,,,
77,19.0,0.0,20.0,17.0,27.0,47.0,31.0,25.0,12.0,108.0,8.0,27.0,3.0,33.0,26.0,10.0,70.0,0.0,19.0,0.0,0.0,9.0,0.0,0.0,3.0,52.0,15.0,0.0,0.0,10.0,63.0,80.0,0.0,13.0,253.0,288.0,0.0,0.0,0.0,0.0,0.0,0.0,,,,,,,,,,,,,,,,,,,,,,,,,,,,,,,,,,,,,,,,,,,,,,,,,,,,,,,,,,,,
78,2.0,0.0,29.0,5.0,10.0,27.0,4.0,10.0,12.0,20.0,4.0,7.0,14.0,27.0,1.0,62.0,37.0,8.0,13.0,0.0,0.0,9.0,6.0,0.0,13.0,14.0,22.0,0.0,1.0,0.0,24.0,185.0,5.0,0.0,17.0,39.0,0.0,78.0,214.0,9.0,49.0,0.0,0.0,0.0,0.0,5.0,0.0,0.0,0.0,,,,,,,,,,,,,,,,,,,,,,,,,,,,,,,,,,,,,,,,,,,,,,,,,,,,,
79,16.0,7.0,2.0,16.0,0.0,6.0,68.0,12.0,48.0,13.0,1.0,12.0,32.0,23.0,32.0,0.0,0.0,3.0,10.0,5.0,0.0,0.0,9.0,0.0,18.0,56.0,39.0,8.0,0.0,0.0,0.0,0.0,0.0,,,,,,,,,,,,,,,,,,,,,,,,,,,,,,,,,,,,,,,,,,,,,,,,,,,,,,,,,,,,,,,,,,,,,
80,4.0,16.0,20.0,11.0,19.0,11.0,59.0,63.0,0.0,6.0,62.0,10.0,26.0,99.0,20.0,98.0,14.0,50.0,22.0,0.0,116.0,0.0,38.0,0.0,15.0,0.0,13.0,16.0,50.0,20.0,9.0,0.0,3.0,32.0,0.0,0.0,20.0,9.0,0.0,7.0,0.0,,,,,,,,,,,,,,,,,,,,,,,,,,,,,,,,,,,,,,,,,,,,,,,,,,,,,,,,,,,,,
81,32.0,11.0,0.0,26.0,2.0,21.0,10.0,0.0,28.0,23.0,9.0,27.0,37.0,0.0,92.0,8.0,28.0,30.0,76.0,10.0,0.0,15.0,14.0,191.0,62.0,0.0,95.0,1.0,29.0,44.0,77.0,5.0,17.0,0.0,100.0,0.0,126.0,40.0,278.0,47.0,40.0,65.0,44.0,62.0,28.0,12.0,6.0,0.0,88.0,,,,,,,,,,,,,,,,,,,,,,,,,,,,,,,,,,,,,,,,,,,,,,,,,,,,,
82,7.0,17.0,15.0,12.0,0.0,19.0,8.0,0.0,51.0,17.0,102.0,60.0,6.0,41.0,1.0,0.0,116.0,0.0,69.0,28.0,119.0,75.0,15.0,27.0,8.0,410.0,19.0,47.0,174.0,88.0,0.0,0.0,2.0,112.0,0.0,25.0,29.0,3.0,,,,,,,,,,,,,,,,,,,,,,,,,,,,,,,,,,,,,,,,,,,,,,,,,,,,,,,,,,,,,,,,
83,46.0,14.0,14.0,36.0,17.0,23.0,18.0,90.0,54.0,1.0,64.0,0.0,116.0,23.0,0.0,138.0,0.0,68.0,198.0,41.0,32.0,46.0,145.0,574.0,30.0,71.0,4.0,82.0,46.0,0.0,0.0,0.0,0.0,162.0,160.0,,,,,,,,,,,,,,,,,,,,,,,,,,,,,,,,,,,,,,,,,,,,,,,,,,,,,,,,,,,,,,,,,,,
84,13.0,6.0,3.0,0.0,16.0,0.0,15.0,19.0,18.0,38.0,58.0,36.0,78.0,4.0,18.0,2.0,0.0,22.0,22.0,273.0,143.0,7.0,22.0,24.0,2.0,141.0,56.0,0.0,175.0,19.0,0.0,33.0,12.0,52.0,0.0,0.0,0.0,0.0,0.0,0.0,,,,,,,,,,,,,,,,,,,,,,,,,,,,,,,,,,,,,,,,,,,,,,,,,,,,,,,,,,,,,,
85,12.0,41.0,3.0,2.0,12.0,57.0,1.0,7.0,1.0,46.0,41.0,8.0,0.0,30.0,63.0,0.0,0.0,14.0,10.0,14.0,7.0,43.0,4.0,28.0,21.0,0.0,0.0,12.0,,,,,,,,,,,,,,,,,,,,,,,,,,,,,,,,,,,,,,,,,,,,,,,,,,,,,,,,,,,,,,,,,,,,,,,,,,
86,17.0,36.0,28.0,27.0,23.0,0.0,23.0,39.0,21.0,0.0,64.0,1.0,34.0,5.0,5.0,0.0,0.0,0.0,8.0,243.0,0.0,0.0,0.0,,,,,,,,,,,,,,,,,,,,,,,,,,,,,,,,,,,,,,,,,,,,,,,,,,,,,,,,,,,,,,,,,,,,,,,,,,,,,,,
87,1.0,12.0,9.0,2.0,0.0,6.0,1.0,15.0,29.0,20.0,0.0,72.0,0.0,24.0,0.0,130.0,0.0,0.0,0.0,0.0,0.0,,,,,,,,,,,,,,,,,,,,,,,,,,,,,,,,,,,,,,,,,,,,,,,,,,,,,,,,,,,,,,,,,,,,,,,,,,,,,,,,,
88,19.0,5.0,8.0,25.0,14.0,11.0,22.0,10.0,0.0,5.0,10.0,50.0,20.0,36.0,19.0,11.0,58.0,8.0,63.0,127.0,52.0,58.0,21.0,8.0,54.0,54.0,0.0,38.0,19.0,0.0,65.0,0.0,0.0,0.0,3.0,23.0,0.0,3.0,0.0,20.0,16.0,0.0,0.0,0.0,0.0,0.0,0.0,0.0,,,,,,,,,,,,,,,,,,,,,,,,,,,,,,,,,,,,,,,,,,,,,,,,,,,,,,
89,5.0,20.0,9.0,17.0,19.0,79.0,96.0,0.0,42.0,6.0,39.0,17.0,10.0,0.0,0.0,105.0,11.0,47.0,0.0,117.0,0.0,44.0,9.0,14.0,9.0,13.0,2.0,0.0,0.0,0.0,0.0,1.0,0.0,0.0,0.0,0.0,0.0,0.0,,,,,,,,,,,,,,,,,,,,,,,,,,,,,,,,,,,,,,,,,,,,,,,,,,,,,,,,,,,,,,,,
90,8.0,26.0,17.0,11.0,3.0,14.0,5.0,1.0,10.0,0.0,0.0,4.0,8.0,0.0,0.0,109.0,18.0,23.0,35.0,0.0,69.0,1.0,44.0,8.0,10.0,107.0,0.0,12.0,40.0,0.0,0.0,0.0,0.0,197.0,0.0,0.0,42.0,91.0,153.0,47.0,78.0,49.0,15.0,6.0,8.0,104.0,86.0,46.0,22.0,,,,,,,,,,,,,,,,,,,,,,,,,,,,,,,,,,,,,,,,,,,,,,,,,,,,,
91,5.0,2.0,2.0,47.0,4.0,24.0,36.0,0.0,25.0,0.0,16.0,2.0,31.0,34.0,3.0,57.0,19.0,28.0,0.0,52.0,1.0,24.0,30.0,45.0,0.0,179.0,0.0,0.0,0.0,0.0,0.0,19.0,,,,,,,,,,,,,,,,,,,,,,,,,,,,,,,,,,,,,,,,,,,,,,,,,,,,,,,,,,,,,,,,,,,,,,
92,12.0,24.0,8.0,12.0,17.0,13.0,6.0,12.0,6.0,8.0,69.0,1.0,0.0,21.0,21.0,2.0,83.0,0.0,0.0,3.0,0.0,31.0,8.0,4.0,0.0,99.0,159.0,0.0,23.0,0.0,71.0,99.0,20.0,20.0,5.0,12.0,7.0,21.0,0.0,16.0,0.0,10.0,0.0,0.0,0.0,153.0,29.0,56.0,0.0,0.0,0.0,0.0,0.0,0.0,,,,,,,,,,,,,,,,,,,,,,,,,,,,,,,,,,,,,,,,,,,,,,,,
93,20.0,0.0,0.0,19.0,0.0,11.0,46.0,16.0,0.0,79.0,70.0,0.0,9.0,31.0,15.0,90.0,2.0,10.0,0.0,17.0,38.0,27.0,0.0,18.0,0.0,0.0,34.0,63.0,0.0,29.0,0.0,15.0,15.0,9.0,,,,,,,,,,,,,,,,,,,,,,,,,,,,,,,,,,,,,,,,,,,,,,,,,,,,,,,,,,,,,,,,,,,,
94,10.0,0.0,59.0,6.0,21.0,12.0,0.0,0.0,16.0,75.0,42.0,42.0,95.0,22.0,38.0,4.0,0.0,24.0,18.0,13.0,13.0,17.0,98.0,177.0,7.0,29.0,18.0,0.0,53.0,23.0,48.0,23.0,51.0,29.0,0.0,44.0,33.0,11.0,24.0,50.0,20.0,29.0,0.0,0.0,4.0,0.0,9.0,0.0,0.0,20.0,0.0,104.0,0.0,0.0,0.0,0.0,0.0,,,,,,,,,,,,,,,,,,,,,,,,,,,,,,,,,,,,,,,,,,,,,
95,0.0,0.0,32.0,0.0,19.0,23.0,53.0,11.0,0.0,116.0,8.0,2.0,18.0,59.0,146.0,121.0,26.0,2.0,138.0,40.0,70.0,0.0,96.0,60.0,131.0,9.0,40.0,4.0,2.0,27.0,10.0,30.0,0.0,0.0,7.0,52.0,0.0,0.0,0.0,6.0,32.0,6.0,8.0,39.0,0.0,0.0,0.0,0.0,142.0,0.0,40.0,135.0,36.0,0.0,253.0,26.0,34.0,0.0,,,,,,,,,,,,,,,,,,,,,,,,,,,,,,,,,,,,,,,,,,,,
96,0.0,0.0,16.0,0.0,4.0,5.0,32.0,17.0,21.0,4.0,15.0,44.0,4.0,17.0,3.0,12.0,0.0,49.0,17.0,0.0,3.0,22.0,8.0,17.0,0.0,47.0,6.0,19.0,26.0,143.0,0.0,28.0,0.0,43.0,0.0,0.0,0.0,,,,,,,,,,,,,,,,,,,,,,,,,,,,,,,,,,,,,,,,,,,,,,,,,,,,,,,,,,,,,,,,,
97,11.0,17.0,11.0,0.0,8.0,0.0,8.0,12.0,3.0,23.0,8.0,3.0,0.0,14.0,25.0,115.0,,,,,,,,,,,,,,,,,,,,,,,,,,,,,,,,,,,,,,,,,,,,,,,,,,,,,,,,,,,,,,,,,,,,,,,,,,,,,,,,,,,,,,
98,1.0,33.0,0.0,0.0,0.0,1.0,3.0,11.0,0.0,151.0,58.0,2.0,0.0,21.0,55.0,16.0,22.0,7.0,0.0,0.0,0.0,13.0,44.0,182.0,1.0,134.0,0.0,44.0,2.0,9.0,24.0,14.0,0.0,34.0,0.0,0.0,0.0,21.0,0.0,10.0,8.0,7.0,2.0,12.0,,,,,,,,,,,,,,,,,,,,,,,,,,,,,,,,,,,,,,,,,,,,,,,,,,,,,,,,,,
99,11.0,3.0,0.0,32.0,18.0,36.0,9.0,9.0,16.0,20.0,0.0,0.0,5.0,62.0,48.0,9.0,0.0,9.0,5.0,0.0,0.0,14.0,0.0,42.0,53.0,16.0,0.0,0.0,87.0,0.0,0.0,0.0,0.0,0.0,0.0,0.0,24.0,0.0,0.0,5.0,0.0,0.0,,,,,,,,,,,,,,,,,,,,,,,,,,,,,,,,,,,,,,,,,,,,,,,,,,,,,,,,,,,,
100,3.0,36.0,11.0,12.0,3.0,19.0,34.0,15.0,18.0,20.0,0.0,89.0,19.0,0.0,0.0,0.0,0.0,0.0,19.0,0.0,151.0,0.0,0.0,6.0,35.0,16.0,24.0,0.0,0.0,15.0,0.0,0.0,,,,,,,,,,,,,,,,,,,,,,,,,,,,,,,,,,,,,,,,,,,,,,,,,,,,,,,,,,,,,,,,,,,,,,
101,6.0,35.0,8.0,11.0,9.0,12.0,24.0,0.0,0.0,27.0,21.0,21.0,13.0,15.0,8.0,30.0,8.0,49.0,20.0,4.0,36.0,17.0,8.0,15.0,0.0,16.0,25.0,0.0,0.0,53.0,17.0,100.0,17.0,11.0,21.0,2.0,27.0,11.0,13.0,41.0,14.0,12.0,0.0,,,,,,,,,,,,,,,,,,,,,,,,,,,,,,,,,,,,,,,,,,,,,,,,,,,,,,,,,,,
102,26.0,77.0,0.0,0.0,0.0,0.0,47.0,15.0,50.0,38.0,13.0,13.0,0.0,8.0,2.0,7.0,8.0,0.0,6.0,32.0,0.0,10.0,6.0,21.0,6.0,57.0,0.0,15.0,24.0,2.0,8.0,13.0,0.0,7.0,633.0,88.0,19.0,0.0,2.0,4.0,0.0,4.0,0.0,30.0,,,,,,,,,,,,,,,,,,,,,,,,,,,,,,,,,,,,,,,,,,,,,,,,,,,,,,,,,,
103,3.0,6.0,16.0,35.0,8.0,12.0,19.0,26.0,38.0,0.0,20.0,6.0,67.0,19.0,47.0,9.0,18.0,80.0,44.0,44.0,8.0,58.0,139.0,13.0,81.0,0.0,46.0,23.0,83.0,37.0,0.0,7.0,5.0,5.0,8.0,0.0,7.0,5.0,31.0,13.0,0.0,37.0,8.0,0.0,0.0,,,,,,,,,,,,,,,,,,,,,,,,,,,,,,,,,,,,,,,,,,,,,,,,,,,,,,,,,
104,10.0,13.0,4.0,28.0,9.0,21.0,0.0,89.0,13.0,4.0,25.0,0.0,0.0,4.0,0.0,0.0,0.0,0.0,0.0,0.0,0.0,0.0,0.0,0.0,,,,,,,,,,,,,,,,,,,,,,,,,,,,,,,,,,,,,,,,,,,,,,,,,,,,,,,,,,,,,,,,,,,,,,,,,,,,,,
105,8.0,15.0,0.0,0.0,34.0,6.0,2.0,14.0,0.0,0.0,0.0,2.0,24.0,20.0,32.0,0.0,0.0,19.0,0.0,0.0,0.0,238.0,19.0,15.0,16.0,0.0,10.0,35.0,201.0,47.0,32.0,27.0,0.0,71.0,9.0,0.0,149.0,18.0,50.0,36.0,66.0,22.0,27.0,116.0,131.0,37.0,,,,,,,,,,,,,,,,,,,,,,,,,,,,,,,,,,,,,,,,,,,,,,,,,,,,,,,,
106,0.0,35.0,0.0,4.0,8.0,41.0,0.0,24.0,8.0,39.0,8.0,4.0,81.0,0.0,88.0,35.0,31.0,11.0,0.0,86.0,27.0,37.0,0.0,26.0,0.0,70.0,112.0,,,,,,,,,,,,,,,,,,,,,,,,,,,,,,,,,,,,,,,,,,,,,,,,,,,,,,,,,,,,,,,,,,,,,,,,,,,
107,4.0,3.0,40.0,10.0,10.0,24.0,11.0,8.0,1.0,12.0,13.0,0.0,6.0,39.0,8.0,22.0,23.0,41.0,7.0,29.0,13.0,23.0,8.0,12.0,11.0,13.0,12.0,6.0,0.0,0.0,4.0,15.0,,,,,,,,,,,,,,,,,,,,,,,,,,,,,,,,,,,,,,,,,,,,,,,,,,,,,,,,,,,,,,,,,,,,,,
108,7.0,17.0,0.0,5.0,84.0,12.0,15.0,25.0,9.0,43.0,12.0,43.0,8.0,31.0,0.0,0.0,58.0,0.0,11.0,20.0,0.0,0.0,0.0,155.0,33.0,65.0,0.0,6.0,42.0,0.0,0.0,0.0,59.0,1.0,0.0,0.0,25.0,0.0,15.0,6.0,0.0,12.0,9.0,12.0,4.0,92.0,14.0,0.0,110.0,60.0,0.0,0.0,0.0,,,,,,,,,,,,,,,,,,,,,,,,,,,,,,,,,,,,,,,,,,,,,,,,,
109,18.0,11.0,11.0,0.0,43.0,35.0,30.0,0.0,19.0,50.0,1.0,62.0,27.0,20.0,29.0,40.0,41.0,1.0,7.0,0.0,13.0,143.0,15.0,0.0,21.0,157.0,0.0,0.0,1286.0,0.0,262.0,432.0,19.0,0.0,0.0,49.0,0.0,57.0,32.0,0.0,0.0,0.0,24.0,9.0,0.0,0.0,0.0,0.0,0.0,0.0,0.0,0.0,0.0,0.0,,,,,,,,,,,,,,,,,,,,,,,,,,,,,,,,,,,,,,,,,,,,,,,,
110,1.0,9.0,15.0,16.0,0.0,0.0,27.0,14.0,10.0,9.0,24.0,4.0,51.0,0.0,28.0,10.0,28.0,158.0,0.0,19.0,0.0,,,,,,,,,,,,,,,,,,,,,,,,,,,,,,,,,,,,,,,,,,,,,,,,,,,,,,,,,,,,,,,,,,,,,,,,,,,,,,,,,
111,5.0,1.0,28.0,5.0,4.0,0.0,10.0,0.0,24.0,0.0,4.0,16.0,33.0,0.0,18.0,0.0,15.0,3.0,10.0,21.0,14.0,3.0,227.0,23.0,63.0,30.0,31.0,0.0,15.0,0.0,19.0,0.0,,,,,,,,,,,,,,,,,,,,,,,,,,,,,,,,,,,,,,,,,,,,,,,,,,,,,,,,,,,,,,,,,,,,,,
112,20.0,17.0,40.0,13.0,14.0,25.0,13.0,2.0,23.0,25.0,12.0,0.0,11.0,8.0,30.0,20.0,35.0,24.0,12.0,13.0,86.0,12.0,0.0,21.0,22.0,0.0,148.0,0.0,0.0,68.0,0.0,0.0,0.0,0.0,0.0,1.0,0.0,0.0,0.0,135.0,155.0,0.0,0.0,0.0,0.0,0.0,,,,,,,,,,,,,,,,,,,,,,,,,,,,,,,,,,,,,,,,,,,,,,,,,,,,,,,,
113,24.0,18.0,15.0,10.0,10.0,3.0,0.0,24.0,0.0,0.0,64.0,8.0,90.0,6.0,36.0,25.0,15.0,7.0,1.0,0.0,77.0,62.0,49.0,0.0,3.0,7.0,12.0,2.0,11.0,72.0,16.0,0.0,0.0,1.0,6.0,1.0,7.0,0.0,6.0,,,,,,,,,,,,,,,,,,,,,,,,,,,,,,,,,,,,,,,,,,,,,,,,,,,,,,,,,,,,,,,
114,25.0,13.0,13.0,1.0,31.0,14.0,3.0,10.0,21.0,25.0,14.0,11.0,15.0,0.0,35.0,0.0,6.0,0.0,4.0,0.0,7.0,0.0,9.0,0.0,0.0,0.0,19.0,19.0,17.0,4.0,0.0,10.0,7.0,0.0,38.0,0.0,46.0,10.0,83.0,0.0,4.0,13.0,1.0,56.0,0.0,0.0,0.0,76.0,0.0,0.0,0.0,0.0,29.0,4.0,0.0,0.0,0.0,0.0,0.0,0.0,0.0,69.0,0.0,,,,,,,,,,,,,,,,,,,,,,,,,,,,,,,,,,,,,,,
115,0.0,14.0,0.0,25.0,32.0,31.0,20.0,0.0,0.0,0.0,0.0,0.0,4.0,6.0,50.0,0.0,0.0,115.0,6.0,1.0,8.0,5.0,7.0,0.0,11.0,28.0,0.0,0.0,14.0,33.0,12.0,18.0,11.0,108.0,0.0,,,,,,,,,,,,,,,,,,,,,,,,,,,,,,,,,,,,,,,,,,,,,,,,,,,,,,,,,,,,,,,,,,,
116,9.0,23.0,13.0,8.0,26.0,12.0,11.0,7.0,14.0,8.0,4.0,1.0,71.0,4.0,0.0,19.0,0.0,0.0,3.0,0.0,0.0,0.0,147.0,18.0,0.0,0.0,105.0,39.0,0.0,0.0,266.0,0.0,383.0,140.0,0.0,0.0,0.0,0.0,25.0,0.0,0.0,0.0,0.0,0.0,,,,,,,,,,,,,,,,,,,,,,,,,,,,,,,,,,,,,,,,,,,,,,,,,,,,,,,,,,
117,0.0,16.0,20.0,8.0,5.0,2.0,0.0,56.0,74.0,0.0,3.0,3.0,5.0,15.0,32.0,20.0,14.0,10.0,14.0,5.0,27.0,0.0,7.0,7.0,3.0,0.0,0.0,4.0,2.0,0.0,18.0,0.0,11.0,22.0,0.0,0.0,0.0,0.0,10.0,2.0,3.0,228.0,262.0,0.0,0.0,0.0,0.0,0.0,,,,,,,,,,,,,,,,,,,,,,,,,,,,,,,,,,,,,,,,,,,,,,,,,,,,,,
118,2.0,11.0,25.0,39.0,33.0,3.0,37.0,35.0,8.0,32.0,7.0,73.0,0.0,52.0,14.0,1.0,90.0,12.0,0.0,30.0,0.0,0.0,0.0,0.0,21.0,0.0,14.0,18.0,100.0,0.0,388.0,0.0,0.0,0.0,0.0,,,,,,,,,,,,,,,,,,,,,,,,,,,,,,,,,,,,,,,,,,,,,,,,,,,,,,,,,,,,,,,,,,,
119,11.0,29.0,29.0,6.0,0.0,0.0,27.0,15.0,18.0,0.0,120.0,28.0,4.0,25.0,13.0,15.0,20.0,10.0,46.0,0.0,0.0,2.0,42.0,299.0,23.0,47.0,69.0,7.0,104.0,40.0,0.0,202.0,3.0,76.0,79.0,0.0,0.0,0.0,0.0,0.0,0.0,1.0,600.0,45.0,0.0,60.0,67.0,0.0,3.0,36.0,4.0,35.0,46.0,34.0,0.0,9.0,0.0,0.0,35.0,0.0,13.0,34.0,14.0,60.0,4.0,1.0,49.0,0.0,0.0,0.0,62.0,28.0,29.0,15.0,0.0,0.0,13.0,0.0,0.0,0.0,,,,,,,,,,,,,,,,,,,,,,
120,25.0,16.0,38.0,25.0,0.0,2.0,28.0,35.0,16.0,28.0,5.0,7.0,11.0,0.0,0.0,20.0,0.0,0.0,0.0,0.0,62.0,,,,,,,,,,,,,,,,,,,,,,,,,,,,,,,,,,,,,,,,,,,,,,,,,,,,,,,,,,,,,,,,,,,,,,,,,,,,,,,,,
121,12.0,7.0,1.0,8.0,0.0,0.0,13.0,14.0,4.0,4.0,47.0,0.0,25.0,0.0,17.0,45.0,0.0,6.0,126.0,0.0,0.0,3.0,177.0,0.0,2.0,239.0,50.0,0.0,6.0,28.0,37.0,0.0,325.0,21.0,,,,,,,,,,,,,,,,,,,,,,,,,,,,,,,,,,,,,,,,,,,,,,,,,,,,,,,,,,,,,,,,,,,,
122,40.0,8.0,19.0,10.0,12.0,0.0,20.0,2.0,4.0,20.0,82.0,25.0,9.0,14.0,10.0,38.0,77.0,33.0,0.0,0.0,5.0,12.0,0.0,33.0,8.0,3.0,14.0,17.0,16.0,9.0,10.0,0.0,0.0,14.0,32.0,0.0,0.0,,,,,,,,,,,,,,,,,,,,,,,,,,,,,,,,,,,,,,,,,,,,,,,,,,,,,,,,,,,,,,,,,
123,14.0,12.0,4.0,0.0,0.0,14.0,1.0,22.0,15.0,0.0,27.0,23.0,0.0,0.0,12.0,0.0,25.0,2.0,30.0,3.0,7.0,0.0,14.0,60.0,41.0,39.0,20.0,2.0,14.0,0.0,52.0,8.0,15.0,7.0,0.0,5.0,12.0,20.0,0.0,12.0,,,,,,,,,,,,,,,,,,,,,,,,,,,,,,,,,,,,,,,,,,,,,,,,,,,,,,,,,,,,,,
124,2.0,14.0,1.0,3.0,5.0,0.0,11.0,14.0,10.0,15.0,4.0,15.0,64.0,16.0,0.0,13.0,100.0,109.0,10.0,17.0,12.0,26.0,78.0,14.0,1.0,41.0,7.0,4.0,0.0,38.0,,,,,,,,,,,,,,,,,,,,,,,,,,,,,,,,,,,,,,,,,,,,,,,,,,,,,,,,,,,,,,,,,,,,,,,,
125,7.0,32.0,5.0,20.0,7.0,39.0,10.0,0.0,4.0,16.0,27.0,13.0,8.0,24.0,41.0,75.0,165.0,13.0,0.0,0.0,33.0,0.0,10.0,57.0,0.0,1.0,0.0,0.0,0.0,0.0,17.0,73.0,0.0,7.0,0.0,49.0,10.0,0.0,0.0,0.0,14.0,0.0,0.0,21.0,0.0,7.0,0.0,0.0,0.0,0.0,12.0,0.0,0.0,,,,,,,,,,,,,,,,,,,,,,,,,,,,,,,,,,,,,,,,,,,,,,,,,
126,22.0,9.0,13.0,2.0,13.0,10.0,11.0,12.0,13.0,23.0,17.0,8.0,17.0,3.0,25.0,32.0,0.0,54.0,16.0,0.0,3.0,0.0,20.0,0.0,110.0,6.0,0.0,47.0,0.0,6.0,0.0,14.0,0.0,14.0,256.0,0.0,,,,,,,,,,,,,,,,,,,,,,,,,,,,,,,,,,,,,,,,,,,,,,,,,,,,,,,,,,,,,,,,,,
127,14.0,4.0,17.0,15.0,9.0,9.0,20.0,9.0,9.0,2.0,3.0,16.0,0.0,31.0,1.0,3.0,24.0,41.0,0.0,6.0,0.0,9.0,38.0,17.0,3.0,0.0,60.0,0.0,0.0,7.0,25.0,0.0,0.0,0.0,,,,,,,,,,,,,,,,,,,,,,,,,,,,,,,,,,,,,,,,,,,,,,,,,,,,,,,,,,,,,,,,,,,,
128,17.0,21.0,14.0,0.0,11.0,25.0,35.0,27.0,42.0,4.0,9.0,22.0,29.0,0.0,17.0,22.0,5.0,6.0,18.0,0.0,13.0,24.0,102.0,9.0,60.0,7.0,0.0,5.0,18.0,0.0,11.0,41.0,4.0,0.0,1.0,0.0,0.0,7.0,0.0,0.0,0.0,17.0,3.0,0.0,16.0,1.0,2.0,0.0,0.0,0.0,0.0,0.0,0.0,0.0,0.0,0.0,0.0,0.0,0.0,0.0,,,,,,,,,,,,,,,,,,,,,,,,,,,,,,,,,,,,,,,,,,
129,20.0,15.0,0.0,37.0,14.0,13.0,3.0,12.0,0.0,4.0,35.0,35.0,9.0,9.0,27.0,76.0,77.0,60.0,0.0,24.0,77.0,85.0,55.0,15.0,32.0,23.0,22.0,7.0,0.0,0.0,0.0,26.0,54.0,,,,,,,,,,,,,,,,,,,,,,,,,,,,,,,,,,,,,,,,,,,,,,,,,,,,,,,,,,,,,,,,,,,,,
130,2.0,17.0,32.0,0.0,6.0,14.0,2.0,28.0,14.0,17.0,13.0,21.0,2.0,0.0,18.0,13.0,4.0,79.0,0.0,19.0,14.0,55.0,10.0,0.0,0.0,30.0,0.0,0.0,0.0,2.0,9.0,5.0,4.0,8.0,5.0,85.0,1.0,59.0,77.0,47.0,19.0,0.0,5.0,0.0,7.0,0.0,0.0,46.0,15.0,0.0,2.0,17.0,25.0,12.0,91.0,61.0,8.0,0.0,11.0,22.0,0.0,23.0,90.0,0.0,0.0,0.0,353.0,688.0,0.0,0.0,,,,,,,,,,,,,,,,,,,,,,,,,,,,,,,,
131,6.0,23.0,0.0,0.0,19.0,13.0,7.0,3.0,35.0,8.0,3.0,0.0,0.0,15.0,0.0,0.0,4.0,0.0,40.0,11.0,8.0,3.0,9.0,17.0,3.0,4.0,0.0,0.0,0.0,0.0,62.0,48.0,3.0,62.0,0.0,58.0,33.0,4.0,0.0,9.0,6.0,10.0,0.0,0.0,17.0,18.0,0.0,,,,,,,,,,,,,,,,,,,,,,,,,,,,,,,,,,,,,,,,,,,,,,,,,,,,,,,
132,9.0,0.0,7.0,5.0,12.0,0.0,9.0,26.0,0.0,16.0,6.0,53.0,6.0,12.0,26.0,26.0,0.0,3.0,3.0,0.0,19.0,26.0,24.0,0.0,8.0,0.0,177.0,13.0,3.0,3.0,6.0,13.0,3.0,0.0,0.0,0.0,0.0,0.0,0.0,0.0,,,,,,,,,,,,,,,,,,,,,,,,,,,,,,,,,,,,,,,,,,,,,,,,,,,,,,,,,,,,,,
133,11.0,20.0,3.0,4.0,11.0,12.0,14.0,0.0,12.0,28.0,0.0,0.0,0.0,34.0,57.0,50.0,11.0,37.0,6.0,10.0,56.0,15.0,0.0,86.0,0.0,131.0,5.0,24.0,14.0,32.0,11.0,23.0,15.0,42.0,2.0,21.0,0.0,0.0,2.0,5.0,13.0,185.0,0.0,93.0,0.0,129.0,73.0,54.0,81.0,162.0,134.0,48.0,102.0,279.0,26.0,0.0,13.0,136.0,4.0,299.0,0.0,0.0,,,,,,,,,,,,,,,,,,,,,,,,,,,,,,,,,,,,,,,,
134,18.0,18.0,0.0,7.0,0.0,0.0,13.0,36.0,39.0,3.0,38.0,26.0,36.0,38.0,3.0,16.0,27.0,3.0,0.0,0.0,11.0,59.0,77.0,10.0,0.0,19.0,8.0,55.0,11.0,0.0,25.0,4.0,48.0,22.0,49.0,0.0,24.0,0.0,,,,,,,,,,,,,,,,,,,,,,,,,,,,,,,,,,,,,,,,,,,,,,,,,,,,,,,,,,,,,,,,
135,28.0,2.0,10.0,10.0,25.0,51.0,0.0,40.0,16.0,21.0,4.0,12.0,10.0,11.0,6.0,13.0,0.0,141.0,29.0,0.0,15.0,41.0,19.0,43.0,42.0,14.0,0.0,11.0,,,,,,,,,,,,,,,,,,,,,,,,,,,,,,,,,,,,,,,,,,,,,,,,,,,,,,,,,,,,,,,,,,,,,,,,,,
136,11.0,21.0,5.0,23.0,0.0,24.0,13.0,41.0,1.0,29.0,95.0,16.0,0.0,8.0,10.0,17.0,0.0,25.0,0.0,11.0,0.0,50.0,22.0,0.0,0.0,19.0,0.0,0.0,0.0,249.0,127.0,246.0,0.0,75.0,84.0,0.0,0.0,0.0,0.0,0.0,0.0,,,,,,,,,,,,,,,,,,,,,,,,,,,,,,,,,,,,,,,,,,,,,,,,,,,,,,,,,,,,,
137,34.0,0.0,17.0,23.0,53.0,106.0,26.0,39.0,13.0,17.0,35.0,24.0,12.0,43.0,28.0,0.0,6.0,15.0,28.0,28.0,0.0,8.0,6.0,26.0,6.0,11.0,0.0,14.0,10.0,0.0,0.0,0.0,0.0,27.0,47.0,23.0,0.0,8.0,7.0,174.0,0.0,20.0,32.0,0.0,27.0,36.0,19.0,30.0,59.0,136.0,117.0,47.0,61.0,7.0,15.0,0.0,6.0,65.0,0.0,0.0,5.0,4.0,0.0,0.0,0.0,599.0,0.0,0.0,0.0,0.0,0.0,0.0,0.0,0.0,0.0,0.0,0.0,0.0,0.0,0.0,,,,,,,,,,,,,,,,,,,,,,
138,0.0,9.0,17.0,7.0,0.0,0.0,0.0,13.0,6.0,7.0,2.0,10.0,31.0,13.0,18.0,4.0,0.0,2.0,40.0,6.0,23.0,81.0,0.0,17.0,49.0,2.0,4.0,54.0,35.0,172.0,68.0,7.0,7.0,13.0,83.0,16.0,14.0,0.0,0.0,0.0,0.0,19.0,0.0,8.0,13.0,111.0,23.0,0.0,0.0,24.0,41.0,1.0,0.0,116.0,0.0,140.0,0.0,0.0,200.0,0.0,0.0,66.0,0.0,0.0,0.0,0.0,0.0,0.0,0.0,0.0,,,,,,,,,,,,,,,,,,,,,,,,,,,,,,,,
139,34.0,0.0,19.0,16.0,11.0,19.0,19.0,15.0,26.0,0.0,0.0,0.0,0.0,0.0,0.0,0.0,55.0,58.0,0.0,13.0,1.0,5.0,29.0,2.0,0.0,0.0,105.0,6.0,30.0,16.0,0.0,0.0,0.0,14.0,36.0,75.0,165.0,0.0,88.0,194.0,65.0,11.0,145.0,0.0,0.0,0.0,0.0,0.0,,,,,,,,,,,,,,,,,,,,,,,,,,,,,,,,,,,,,,,,,,,,,,,,,,,,,,
140,6.0,9.0,9.0,12.0,28.0,32.0,28.0,0.0,25.0,19.0,11.0,22.0,74.0,53.0,22.0,47.0,40.0,50.0,32.0,53.0,21.0,9.0,46.0,27.0,50.0,65.0,46.0,122.0,92.0,0.0,0.0,14.0,11.0,27.0,26.0,69.0,0.0,118.0,28.0,0.0,21.0,0.0,0.0,25.0,267.0,8.0,0.0,,,,,,,,,,,,,,,,,,,,,,,,,,,,,,,,,,,,,,,,,,,,,,,,,,,,,,,
141,11.0,1.0,38.0,8.0,0.0,49.0,20.0,42.0,26.0,20.0,0.0,0.0,23.0,0.0,39.0,0.0,40.0,12.0,1.0,0.0,0.0,0.0,4.0,20.0,0.0,0.0,0.0,0.0,0.0,31.0,9.0,0.0,0.0,0.0,0.0,8.0,0.0,0.0,0.0,,,,,,,,,,,,,,,,,,,,,,,,,,,,,,,,,,,,,,,,,,,,,,,,,,,,,,,,,,,,,,,
142,11.0,36.0,15.0,36.0,0.0,27.0,26.0,21.0,12.0,46.0,5.0,31.0,22.0,0.0,59.0,83.0,31.0,86.0,17.0,51.0,0.0,0.0,50.0,22.0,41.0,36.0,0.0,12.0,55.0,83.0,33.0,0.0,0.0,49.0,0.0,100.0,0.0,187.0,105.0,0.0,0.0,,,,,,,,,,,,,,,,,,,,,,,,,,,,,,,,,,,,,,,,,,,,,,,,,,,,,,,,,,,,,
143,14.0,17.0,10.0,18.0,13.0,15.0,0.0,11.0,14.0,7.0,31.0,13.0,0.0,1.0,14.0,0.0,6.0,14.0,60.0,43.0,14.0,148.0,13.0,22.0,10.0,0.0,0.0,6.0,155.0,30.0,57.0,0.0,0.0,0.0,0.0,0.0,0.0,0.0,0.0,0.0,0.0,48.0,0.0,,,,,,,,,,,,,,,,,,,,,,,,,,,,,,,,,,,,,,,,,,,,,,,,,,,,,,,,,,,
144,24.0,22.0,25.0,2.0,27.0,3.0,32.0,23.0,30.0,13.0,0.0,3.0,50.0,30.0,18.0,26.0,30.0,31.0,77.0,29.0,0.0,14.0,9.0,17.0,59.0,95.0,0.0,22.0,37.0,14.0,34.0,22.0,65.0,0.0,16.0,200.0,103.0,56.0,30.0,0.0,2.0,0.0,52.0,8.0,0.0,96.0,0.0,0.0,29.0,4.0,0.0,0.0,0.0,0.0,0.0,0.0,0.0,,,,,,,,,,,,,,,,,,,,,,,,,,,,,,,,,,,,,,,,,,,,,
145,11.0,26.0,0.0,25.0,2.0,23.0,7.0,7.0,4.0,7.0,0.0,20.0,29.0,0.0,5.0,4.0,6.0,0.0,17.0,19.0,2.0,11.0,42.0,8.0,47.0,0.0,10.0,12.0,83.0,12.0,14.0,214.0,74.0,11.0,57.0,114.0,0.0,156.0,26.0,52.0,9.0,0.0,0.0,26.0,93.0,16.0,78.0,38.0,,,,,,,,,,,,,,,,,,,,,,,,,,,,,,,,,,,,,,,,,,,,,,,,,,,,,,
146,6.0,7.0,4.0,0.0,0.0,4.0,8.0,4.0,10.0,3.0,0.0,2.0,4.0,35.0,21.0,1.0,29.0,52.0,40.0,4.0,0.0,0.0,0.0,0.0,15.0,0.0,0.0,24.0,4.0,9.0,27.0,0.0,90.0,0.0,0.0,0.0,,,,,,,,,,,,,,,,,,,,,,,,,,,,,,,,,,,,,,,,,,,,,,,,,,,,,,,,,,,,,,,,,,
147,13.0,0.0,0.0,12.0,9.0,33.0,0.0,23.0,0.0,14.0,80.0,10.0,52.0,9.0,0.0,0.0,0.0,31.0,250.0,34.0,0.0,18.0,24.0,6.0,2.0,0.0,5.0,69.0,16.0,0.0,0.0,0.0,0.0,0.0,0.0,0.0,0.0,0.0,0.0,0.0,0.0,0.0,,,,,,,,,,,,,,,,,,,,,,,,,,,,,,,,,,,,,,,,,,,,,,,,,,,,,,,,,,,,
148,8.0,0.0,17.0,29.0,0.0,40.0,1.0,4.0,27.0,6.0,52.0,18.0,16.0,3.0,35.0,32.0,23.0,173.0,125.0,14.0,0.0,14.0,0.0,0.0,28.0,96.0,192.0,0.0,0.0,45.0,73.0,0.0,16.0,0.0,0.0,0.0,0.0,0.0,0.0,0.0,0.0,0.0,0.0,,,,,,,,,,,,,,,,,,,,,,,,,,,,,,,,,,,,,,,,,,,,,,,,,,,,,,,,,,,
149,5.0,12.0,10.0,40.0,0.0,8.0,0.0,2.0,82.0,21.0,10.0,0.0,6.0,31.0,31.0,0.0,0.0,8.0,0.0,19.0,0.0,0.0,0.0,0.0,22.0,13.0,0.0,32.0,1.0,0.0,23.0,11.0,9.0,11.0,0.0,0.0,14.0,0.0,88.0,3.0,0.0,0.0,112.0,27.0,0.0,29.0,2.0,0.0,38.0,0.0,26.0,0.0,0.0,99.0,0.0,0.0,0.0,0.0,0.0,0.0,,,,,,,,,,,,,,,,,,,,,,,,,,,,,,,,,,,,,,,,,,
150,0.0,12.0,0.0,27.0,11.0,14.0,10.0,25.0,0.0,0.0,39.0,31.0,0.0,0.0,0.0,0.0,25.0,8.0,0.0,16.0,17.0,21.0,7.0,138.0,0.0,16.0,10.0,0.0,0.0,0.0,12.0,0.0,12.0,13.0,1.0,14.0,31.0,0.0,1.0,36.0,0.0,0.0,0.0,0.0,0.0,0.0,0.0,,,,,,,,,,,,,,,,,,,,,,,,,,,,,,,,,,,,,,,,,,,,,,,,,,,,,,,
151,18.0,32.0,0.0,1.0,30.0,0.0,20.0,24.0,10.0,22.0,40.0,0.0,23.0,6.0,8.0,0.0,12.0,6.0,5.0,9.0,29.0,0.0,3.0,0.0,0.0,0.0,0.0,0.0,0.0,,,,,,,,,,,,,,,,,,,,,,,,,,,,,,,,,,,,,,,,,,,,,,,,,,,,,,,,,,,,,,,,,,,,,,,,,
152,40.0,10.0,14.0,0.0,9.0,11.0,0.0,15.0,46.0,11.0,13.0,48.0,19.0,0.0,4.0,0.0,0.0,75.0,73.0,6.0,0.0,96.0,53.0,54.0,34.0,28.0,0.0,40.0,262.0,85.0,81.0,0.0,0.0,0.0,0.0,,,,,,,,,,,,,,,,,,,,,,,,,,,,,,,,,,,,,,,,,,,,,,,,,,,,,,,,,,,,,,,,,,,
153,13.0,0.0,13.0,7.0,18.0,14.0,0.0,25.0,0.0,0.0,9.0,11.0,21.0,51.0,46.0,22.0,10.0,4.0,0.0,0.0,10.0,50.0,0.0,3.0,9.0,0.0,134.0,0.0,8.0,0.0,32.0,0.0,90.0,744.0,0.0,44.0,0.0,0.0,0.0,0.0,,,,,,,,,,,,,,,,,,,,,,,,,,,,,,,,,,,,,,,,,,,,,,,,,,,,,,,,,,,,,,
154,2.0,7.0,23.0,27.0,0.0,0.0,0.0,24.0,2.0,0.0,17.0,5.0,0.0,26.0,29.0,16.0,28.0,27.0,3.0,2.0,0.0,15.0,66.0,43.0,2.0,91.0,92.0,13.0,8.0,0.0,0.0,161.0,33.0,3.0,35.0,70.0,8.0,99.0,26.0,32.0,0.0,36.0,18.0,20.0,29.0,3.0,0.0,63.0,96.0,36.0,144.0,0.0,15.0,461.0,149.0,0.0,38.0,0.0,,,,,,,,,,,,,,,,,,,,,,,,,,,,,,,,,,,,,,,,,,,,
155,18.0,0.0,16.0,9.0,6.0,20.0,10.0,2.0,0.0,6.0,6.0,30.0,0.0,15.0,24.0,5.0,1.0,3.0,7.0,4.0,7.0,6.0,15.0,11.0,27.0,24.0,85.0,88.0,4.0,0.0,0.0,14.0,0.0,0.0,9.0,12.0,138.0,130.0,28.0,37.0,0.0,0.0,0.0,220.0,148.0,24.0,22.0,0.0,0.0,8.0,0.0,0.0,0.0,0.0,0.0,0.0,0.0,0.0,0.0,0.0,0.0,0.0,0.0,0.0,,,,,,,,,,,,,,,,,,,,,,,,,,,,,,,,,,,,,,
156,16.0,5.0,9.0,8.0,18.0,18.0,2.0,43.0,2.0,53.0,56.0,52.0,3.0,12.0,4.0,111.0,0.0,15.0,96.0,65.0,9.0,0.0,10.0,0.0,0.0,556.0,2.0,9.0,17.0,2.0,3.0,0.0,221.0,40.0,98.0,0.0,,,,,,,,,,,,,,,,,,,,,,,,,,,,,,,,,,,,,,,,,,,,,,,,,,,,,,,,,,,,,,,,,,
157,25.0,0.0,8.0,9.0,0.0,6.0,17.0,23.0,30.0,14.0,0.0,28.0,22.0,19.0,15.0,0.0,4.0,11.0,9.0,9.0,25.0,22.0,13.0,17.0,8.0,7.0,2.0,37.0,39.0,69.0,12.0,94.0,104.0,33.0,0.0,32.0,232.0,74.0,103.0,7.0,200.0,103.0,227.0,43.0,71.0,35.0,153.0,195.0,20.0,57.0,17.0,0.0,0.0,0.0,0.0,0.0,0.0,3.0,18.0,0.0,3.0,5.0,15.0,3.0,0.0,18.0,0.0,0.0,0.0,0.0,3.0,0.0,3.0,24.0,0.0,27.0,2.0,0.0,11.0,0.0,3.0,9.0,0.0,10.0,4.0,0.0,0.0,14.0,0.0,9.0,16.0,8.0,0.0,5.0,9.0,,,,,,,
158,15.0,5.0,0.0,3.0,11.0,1.0,19.0,39.0,32.0,16.0,17.0,47.0,6.0,0.0,14.0,1.0,0.0,32.0,11.0,8.0,13.0,0.0,0.0,30.0,0.0,48.0,8.0,0.0,0.0,14.0,0.0,241.0,9.0,49.0,0.0,0.0,,,,,,,,,,,,,,,,,,,,,,,,,,,,,,,,,,,,,,,,,,,,,,,,,,,,,,,,,,,,,,,,,,
159,13.0,0.0,47.0,0.0,0.0,6.0,19.0,23.0,0.0,0.0,0.0,11.0,10.0,9.0,25.0,8.0,0.0,0.0,10.0,35.0,59.0,28.0,3.0,2.0,0.0,1.0,0.0,14.0,0.0,0.0,0.0,0.0,0.0,,,,,,,,,,,,,,,,,,,,,,,,,,,,,,,,,,,,,,,,,,,,,,,,,,,,,,,,,,,,,,,,,,,,,
160,1.0,0.0,23.0,31.0,6.0,8.0,22.0,12.0,22.0,35.0,0.0,0.0,16.0,26.0,0.0,0.0,0.0,176.0,,,,,,,,,,,,,,,,,,,,,,,,,,,,,,,,,,,,,,,,,,,,,,,,,,,,,,,,,,,,,,,,,,,,,,,,,,,,,,,,,,,,
161,17.0,17.0,7.0,1.0,23.0,22.0,20.0,10.0,12.0,12.0,11.0,0.0,4.0,23.0,11.0,0.0,0.0,13.0,33.0,19.0,11.0,27.0,49.0,0.0,0.0,31.0,96.0,90.0,28.0,0.0,0.0,0.0,116.0,0.0,0.0,0.0,13.0,0.0,0.0,40.0,0.0,59.0,0.0,6.0,0.0,0.0,0.0,,,,,,,,,,,,,,,,,,,,,,,,,,,,,,,,,,,,,,,,,,,,,,,,,,,,,,,
162,7.0,38.0,27.0,0.0,10.0,18.0,7.0,54.0,32.0,0.0,0.0,0.0,0.0,0.0,0.0,85.0,0.0,3.0,0.0,17.0,47.0,13.0,0.0,27.0,16.0,0.0,218.0,52.0,0.0,0.0,0.0,0.0,28.0,5.0,0.0,0.0,40.0,0.0,118.0,0.0,0.0,0.0,26.0,23.0,0.0,,,,,,,,,,,,,,,,,,,,,,,,,,,,,,,,,,,,,,,,,,,,,,,,,,,,,,,,,
163,0.0,8.0,0.0,21.0,8.0,0.0,13.0,1.0,4.0,24.0,20.0,0.0,0.0,90.0,6.0,32.0,0.0,1.0,11.0,18.0,2.0,25.0,0.0,0.0,104.0,0.0,33.0,104.0,0.0,0.0,83.0,0.0,117.0,101.0,0.0,0.0,1.0,0.0,0.0,0.0,,,,,,,,,,,,,,,,,,,,,,,,,,,,,,,,,,,,,,,,,,,,,,,,,,,,,,,,,,,,,,
164,14.0,0.0,15.0,23.0,12.0,11.0,0.0,11.0,4.0,51.0,52.0,49.0,0.0,92.0,27.0,61.0,72.0,0.0,0.0,0.0,0.0,0.0,0.0,6.0,0.0,0.0,0.0,0.0,0.0,0.0,0.0,0.0,0.0,0.0,0.0,14.0,0.0,0.0,39.0,0.0,0.0,0.0,0.0,0.0,0.0,,,,,,,,,,,,,,,,,,,,,,,,,,,,,,,,,,,,,,,,,,,,,,,,,,,,,,,,,
165,0.0,6.0,19.0,0.0,38.0,19.0,4.0,14.0,7.0,0.0,19.0,44.0,12.0,16.0,18.0,26.0,19.0,13.0,25.0,36.0,2.0,4.0,22.0,0.0,19.0,28.0,0.0,11.0,45.0,51.0,22.0,0.0,12.0,5.0,15.0,34.0,43.0,0.0,0.0,0.0,0.0,12.0,0.0,0.0,78.0,44.0,0.0,0.0,14.0,7.0,7.0,0.0,35.0,19.0,146.0,0.0,0.0,0.0,0.0,0.0,0.0,,,,,,,,,,,,,,,,,,,,,,,,,,,,,,,,,,,,,,,,,
166,23.0,0.0,16.0,16.0,25.0,6.0,3.0,14.0,6.0,34.0,17.0,26.0,21.0,21.0,11.0,40.0,1.0,15.0,8.0,14.0,0.0,0.0,0.0,0.0,69.0,42.0,1.0,0.0,2.0,23.0,42.0,43.0,8.0,161.0,28.0,183.0,16.0,367.0,0.0,62.0,65.0,47.0,0.0,579.0,46.0,178.0,46.0,26.0,0.0,24.0,104.0,0.0,18.0,0.0,0.0,0.0,0.0,0.0,8.0,16.0,1.0,0.0,1.0,0.0,0.0,0.0,0.0,3.0,,,,,,,,,,,,,,,,,,,,,,,,,,,,,,,,,,
167,0.0,5.0,8.0,6.0,4.0,6.0,25.0,22.0,15.0,133.0,0.0,13.0,40.0,50.0,9.0,8.0,0.0,2.0,46.0,5.0,8.0,14.0,0.0,2.0,0.0,0.0,0.0,9.0,0.0,25.0,,,,,,,,,,,,,,,,,,,,,,,,,,,,,,,,,,,,,,,,,,,,,,,,,,,,,,,,,,,,,,,,,,,,,,,,
168,18.0,14.0,49.0,11.0,27.0,0.0,17.0,0.0,48.0,0.0,37.0,4.0,0.0,44.0,0.0,48.0,0.0,168.0,29.0,87.0,6.0,1.0,22.0,0.0,78.0,29.0,34.0,0.0,23.0,200.0,0.0,20.0,0.0,123.0,88.0,0.0,24.0,40.0,31.0,0.0,14.0,21.0,86.0,0.0,0.0,0.0,0.0,8.0,22.0,3.0,4.0,23.0,295.0,595.0,2.0,2.0,0.0,5.0,0.0,0.0,0.0,0.0,0.0,0.0,,,,,,,,,,,,,,,,,,,,,,,,,,,,,,,,,,,,,,
169,34.0,21.0,3.0,0.0,0.0,0.0,29.0,2.0,49.0,20.0,24.0,73.0,26.0,74.0,0.0,0.0,7.0,0.0,18.0,97.0,0.0,81.0,21.0,55.0,20.0,20.0,0.0,0.0,0.0,107.0,0.0,75.0,42.0,53.0,39.0,17.0,29.0,31.0,24.0,0.0,0.0,12.0,121.0,3.0,8.0,11.0,8.0,0.0,47.0,23.0,37.0,38.0,0.0,0.0,0.0,10.0,0.0,1.0,6.0,0.0,0.0,0.0,0.0,0.0,,,,,,,,,,,,,,,,,,,,,,,,,,,,,,,,,,,,,,
170,9.0,0.0,24.0,27.0,12.0,8.0,12.0,5.0,4.0,8.0,10.0,10.0,18.0,0.0,7.0,123.0,0.0,19.0,0.0,18.0,0.0,0.0,1.0,7.0,2.0,9.0,22.0,32.0,0.0,,,,,,,,,,,,,,,,,,,,,,,,,,,,,,,,,,,,,,,,,,,,,,,,,,,,,,,,,,,,,,,,,,,,,,,,,
171,6.0,0.0,0.0,14.0,13.0,11.0,2.0,18.0,9.0,20.0,0.0,0.0,0.0,44.0,5.0,4.0,7.0,44.0,0.0,12.0,0.0,0.0,8.0,0.0,0.0,16.0,0.0,24.0,12.0,22.0,0.0,0.0,9.0,0.0,0.0,0.0,,,,,,,,,,,,,,,,,,,,,,,,,,,,,,,,,,,,,,,,,,,,,,,,,,,,,,,,,,,,,,,,,,
172,22.0,21.0,24.0,0.0,0.0,36.0,23.0,0.0,0.0,0.0,8.0,7.0,33.0,0.0,7.0,18.0,0.0,15.0,3.0,14.0,15.0,2.0,59.0,8.0,34.0,0.0,13.0,0.0,60.0,8.0,0.0,0.0,0.0,0.0,0.0,22.0,0.0,475.0,0.0,0.0,,,,,,,,,,,,,,,,,,,,,,,,,,,,,,,,,,,,,,,,,,,,,,,,,,,,,,,,,,,,,,
173,0.0,3.0,0.0,0.0,11.0,29.0,3.0,5.0,0.0,23.0,0.0,0.0,52.0,15.0,4.0,32.0,24.0,0.0,62.0,16.0,32.0,1.0,110.0,16.0,97.0,10.0,121.0,28.0,27.0,83.0,82.0,176.0,1.0,0.0,0.0,0.0,,,,,,,,,,,,,,,,,,,,,,,,,,,,,,,,,,,,,,,,,,,,,,,,,,,,,,,,,,,,,,,,,,
174,16.0,0.0,11.0,31.0,0.0,11.0,17.0,14.0,9.0,4.0,25.0,20.0,10.0,13.0,5.0,10.0,63.0,0.0,19.0,19.0,10.0,0.0,19.0,43.0,18.0,10.0,15.0,32.0,0.0,0.0,0.0,0.0,0.0,,,,,,,,,,,,,,,,,,,,,,,,,,,,,,,,,,,,,,,,,,,,,,,,,,,,,,,,,,,,,,,,,,,,,
175,9.0,22.0,17.0,14.0,4.0,4.0,12.0,0.0,0.0,0.0,16.0,16.0,0.0,2.0,0.0,11.0,40.0,22.0,0.0,67.0,0.0,72.0,0.0,45.0,0.0,5.0,18.0,7.0,9.0,0.0,20.0,23.0,1.0,32.0,25.0,51.0,,,,,,,,,,,,,,,,,,,,,,,,,,,,,,,,,,,,,,,,,,,,,,,,,,,,,,,,,,,,,,,,,,
176,23.0,32.0,14.0,3.0,17.0,11.0,30.0,40.0,47.0,10.0,99.0,6.0,10.0,105.0,57.0,0.0,0.0,152.0,0.0,0.0,107.0,39.0,9.0,4.0,0.0,94.0,51.0,302.0,240.0,0.0,33.0,41.0,32.0,49.0,91.0,9.0,53.0,0.0,63.0,,,,,,,,,,,,,,,,,,,,,,,,,,,,,,,,,,,,,,,,,,,,,,,,,,,,,,,,,,,,,,,
177,0.0,3.0,0.0,8.0,7.0,10.0,42.0,13.0,36.0,7.0,12.0,31.0,28.0,17.0,33.0,48.0,33.0,4.0,0.0,15.0,0.0,0.0,0.0,16.0,0.0,0.0,0.0,162.0,0.0,0.0,3.0,,,,,,,,,,,,,,,,,,,,,,,,,,,,,,,,,,,,,,,,,,,,,,,,,,,,,,,,,,,,,,,,,,,,,,,
178,16.0,17.0,0.0,8.0,32.0,0.0,3.0,10.0,18.0,5.0,47.0,25.0,16.0,10.0,0.0,54.0,61.0,54.0,30.0,0.0,0.0,9.0,17.0,38.0,10.0,127.0,0.0,0.0,229.0,13.0,0.0,1.0,10.0,4.0,67.0,59.0,12.0,30.0,179.0,0.0,0.0,159.0,0.0,63.0,0.0,0.0,0.0,14.0,0.0,0.0,14.0,,,,,,,,,,,,,,,,,,,,,,,,,,,,,,,,,,,,,,,,,,,,,,,,,,,
179,7.0,17.0,10.0,0.0,5.0,10.0,6.0,15.0,9.0,16.0,0.0,24.0,12.0,0.0,19.0,63.0,12.0,0.0,6.0,15.0,125.0,18.0,0.0,0.0,20.0,0.0,0.0,,,,,,,,,,,,,,,,,,,,,,,,,,,,,,,,,,,,,,,,,,,,,,,,,,,,,,,,,,,,,,,,,,,,,,,,,,,
180,20.0,8.0,13.0,4.0,3.0,20.0,7.0,43.0,134.0,7.0,17.0,27.0,15.0,20.0,115.0,57.0,0.0,31.0,7.0,8.0,30.0,27.0,11.0,32.0,29.0,3.0,94.0,63.0,76.0,33.0,52.0,85.0,203.0,8.0,460.0,464.0,4.0,61.0,0.0,0.0,0.0,0.0,0.0,,,,,,,,,,,,,,,,,,,,,,,,,,,,,,,,,,,,,,,,,,,,,,,,,,,,,,,,,,,
181,31.0,5.0,12.0,20.0,13.0,5.0,13.0,0.0,9.0,27.0,0.0,29.0,20.0,32.0,20.0,8.0,49.0,0.0,242.0,0.0,32.0,0.0,2.0,55.0,0.0,24.0,39.0,40.0,67.0,19.0,4.0,11.0,89.0,49.0,0.0,31.0,76.0,12.0,0.0,0.0,0.0,78.0,24.0,9.0,413.0,30.0,0.0,38.0,50.0,63.0,32.0,,,,,,,,,,,,,,,,,,,,,,,,,,,,,,,,,,,,,,,,,,,,,,,,,,,
182,3.0,26.0,17.0,7.0,0.0,27.0,44.0,0.0,26.0,8.0,0.0,0.0,0.0,0.0,98.0,0.0,0.0,6.0,0.0,0.0,0.0,0.0,0.0,0.0,0.0,0.0,,,,,,,,,,,,,,,,,,,,,,,,,,,,,,,,,,,,,,,,,,,,,,,,,,,,,,,,,,,,,,,,,,,,,,,,,,,,
183,2.0,0.0,36.0,0.0,51.0,2.0,32.0,54.0,12.0,59.0,1.0,8.0,36.0,17.0,7.0,17.0,91.0,18.0,0.0,19.0,111.0,0.0,96.0,23.0,0.0,0.0,0.0,0.0,7.0,0.0,39.0,0.0,18.0,0.0,0.0,169.0,56.0,0.0,61.0,57.0,88.0,54.0,169.0,47.0,102.0,109.0,103.0,3.0,8.0,17.0,0.0,23.0,33.0,0.0,33.0,61.0,104.0,195.0,86.0,107.0,18.0,0.0,0.0,,,,,,,,,,,,,,,,,,,,,,,,,,,,,,,,,,,,,,,
184,3.0,10.0,11.0,0.0,0.0,0.0,0.0,6.0,11.0,0.0,9.0,71.0,40.0,3.0,0.0,42.0,0.0,7.0,0.0,0.0,0.0,34.0,0.0,0.0,,,,,,,,,,,,,,,,,,,,,,,,,,,,,,,,,,,,,,,,,,,,,,,,,,,,,,,,,,,,,,,,,,,,,,,,,,,,,,
185,5.0,2.0,3.0,24.0,20.0,28.0,1.0,14.0,0.0,8.0,0.0,0.0,32.0,0.0,6.0,18.0,59.0,10.0,0.0,0.0,10.0,21.0,31.0,0.0,0.0,0.0,,,,,,,,,,,,,,,,,,,,,,,,,,,,,,,,,,,,,,,,,,,,,,,,,,,,,,,,,,,,,,,,,,,,,,,,,,,,
186,11.0,0.0,18.0,12.0,9.0,4.0,17.0,24.0,36.0,0.0,23.0,0.0,10.0,111.0,19.0,112.0,0.0,67.0,7.0,0.0,37.0,0.0,6.0,138.0,0.0,0.0,0.0,0.0,52.0,187.0,0.0,0.0,30.0,0.0,0.0,0.0,0.0,0.0,0.0,0.0,0.0,0.0,0.0,,,,,,,,,,,,,,,,,,,,,,,,,,,,,,,,,,,,,,,,,,,,,,,,,,,,,,,,,,,
187,17.0,7.0,0.0,0.0,11.0,8.0,13.0,10.0,10.0,3.0,0.0,17.0,13.0,33.0,8.0,29.0,7.0,12.0,0.0,83.0,27.0,137.0,0.0,0.0,0.0,0.0,98.0,0.0,0.0,,,,,,,,,,,,,,,,,,,,,,,,,,,,,,,,,,,,,,,,,,,,,,,,,,,,,,,,,,,,,,,,,,,,,,,,,
188,10.0,27.0,5.0,16.0,17.0,12.0,6.0,53.0,31.0,0.0,0.0,21.0,0.0,4.0,60.0,4.0,18.0,33.0,0.0,5.0,33.0,7.0,2.0,0.0,0.0,0.0,13.0,0.0,97.0,7.0,11.0,0.0,25.0,0.0,9.0,12.0,0.0,14.0,0.0,0.0,0.0,51.0,0.0,,,,,,,,,,,,,,,,,,,,,,,,,,,,,,,,,,,,,,,,,,,,,,,,,,,,,,,,,,,
189,0.0,8.0,9.0,6.0,62.0,0.0,34.0,12.0,13.0,8.0,0.0,30.0,18.0,28.0,18.0,35.0,30.0,29.0,15.0,11.0,9.0,0.0,0.0,20.0,17.0,0.0,72.0,21.0,28.0,25.0,0.0,0.0,27.0,77.0,16.0,8.0,0.0,1.0,9.0,20.0,2.0,25.0,0.0,0.0,0.0,0.0,0.0,1.0,0.0,0.0,31.0,65.0,0.0,0.0,0.0,0.0,0.0,0.0,,,,,,,,,,,,,,,,,,,,,,,,,,,,,,,,,,,,,,,,,,,,
190,13.0,10.0,12.0,9.0,31.0,11.0,31.0,4.0,19.0,0.0,15.0,3.0,10.0,30.0,42.0,2.0,71.0,0.0,11.0,11.0,15.0,44.0,65.0,34.0,0.0,35.0,8.0,0.0,19.0,0.0,4.0,88.0,52.0,31.0,8.0,46.0,95.0,117.0,55.0,28.0,20.0,0.0,7.0,0.0,73.0,5.0,0.0,1.0,118.0,0.0,45.0,19.0,0.0,0.0,0.0,0.0,0.0,0.0,0.0,0.0,,,,,,,,,,,,,,,,,,,,,,,,,,,,,,,,,,,,,,,,,,
191,6.0,0.0,2.0,14.0,1.0,19.0,0.0,56.0,23.0,25.0,41.0,33.0,24.0,10.0,104.0,111.0,36.0,12.0,3.0,7.0,63.0,0.0,50.0,0.0,0.0,60.0,47.0,11.0,0.0,0.0,0.0,322.0,0.0,0.0,0.0,,,,,,,,,,,,,,,,,,,,,,,,,,,,,,,,,,,,,,,,,,,,,,,,,,,,,,,,,,,,,,,,,,,
192,8.0,17.0,12.0,23.0,29.0,23.0,6.0,1.0,23.0,0.0,18.0,12.0,59.0,12.0,27.0,9.0,0.0,3.0,0.0,6.0,55.0,7.0,24.0,34.0,0.0,0.0,0.0,0.0,67.0,7.0,27.0,6.0,40.0,17.0,,,,,,,,,,,,,,,,,,,,,,,,,,,,,,,,,,,,,,,,,,,,,,,,,,,,,,,,,,,,,,,,,,,,
193,5.0,13.0,13.0,37.0,6.0,6.0,48.0,70.0,22.0,32.0,56.0,28.0,0.0,0.0,34.0,0.0,23.0,0.0,0.0,38.0,4.0,0.0,0.0,0.0,0.0,19.0,0.0,60.0,19.0,6.0,0.0,0.0,16.0,183.0,164.0,7.0,35.0,13.0,0.0,10.0,0.0,0.0,36.0,0.0,0.0,,,,,,,,,,,,,,,,,,,,,,,,,,,,,,,,,,,,,,,,,,,,,,,,,,,,,,,,,
194,16.0,7.0,30.0,6.0,25.0,1.0,8.0,6.0,17.0,0.0,26.0,0.0,5.0,0.0,54.0,0.0,0.0,64.0,4.0,0.0,37.0,27.0,,,,,,,,,,,,,,,,,,,,,,,,,,,,,,,,,,,,,,,,,,,,,,,,,,,,,,,,,,,,,,,,,,,,,,,,,,,,,,,,
195,19.0,9.0,13.0,34.0,18.0,20.0,27.0,14.0,15.0,14.0,6.0,109.0,44.0,30.0,0.0,5.0,16.0,15.0,18.0,0.0,0.0,0.0,2.0,16.0,0.0,0.0,0.0,0.0,0.0,0.0,0.0,0.0,,,,,,,,,,,,,,,,,,,,,,,,,,,,,,,,,,,,,,,,,,,,,,,,,,,,,,,,,,,,,,,,,,,,,,
196,17.0,18.0,18.0,13.0,8.0,16.0,13.0,7.0,0.0,68.0,2.0,10.0,20.0,27.0,12.0,41.0,19.0,13.0,13.0,16.0,12.0,40.0,60.0,0.0,14.0,0.0,5.0,29.0,74.0,102.0,67.0,102.0,323.0,111.0,56.0,42.0,470.0,292.0,88.0,0.0,0.0,26.0,9.0,0.0,1.0,0.0,0.0,0.0,0.0,0.0,0.0,0.0,0.0,0.0,0.0,,,,,,,,,,,,,,,,,,,,,,,,,,,,,,,,,,,,,,,,,,,,,,,
197,4.0,12.0,6.0,42.0,3.0,0.0,0.0,7.0,18.0,0.0,39.0,22.0,5.0,0.0,28.0,3.0,8.0,5.0,101.0,26.0,75.0,0.0,2.0,56.0,16.0,4.0,0.0,0.0,0.0,2.0,0.0,0.0,7.0,10.0,99.0,23.0,6.0,126.0,0.0,117.0,0.0,0.0,0.0,20.0,0.0,,,,,,,,,,,,,,,,,,,,,,,,,,,,,,,,,,,,,,,,,,,,,,,,,,,,,,,,,
198,9.0,24.0,16.0,17.0,5.0,15.0,10.0,14.0,5.0,7.0,11.0,9.0,8.0,0.0,53.0,34.0,25.0,0.0,62.0,0.0,27.0,43.0,0.0,30.0,20.0,14.0,0.0,0.0,0.0,6.0,0.0,123.0,52.0,163.0,374.0,1000.0,0.0,,,,,,,,,,,,,,,,,,,,,,,,,,,,,,,,,,,,,,,,,,,,,,,,,,,,,,,,,,,,,,,,,
199,10.0,22.0,17.0,13.0,27.0,17.0,20.0,22.0,21.0,19.0,0.0,9.0,0.0,0.0,2.0,0.0,0.0,0.0,0.0,177.0,0.0,39.0,6.0,0.0,10.0,0.0,,,,,,,,,,,,,,,,,,,,,,,,,,,,,,,,,,,,,,,,,,,,,,,,,,,,,,,,,,,,,,,,,,,,,,,,,,,,
200,12.0,12.0,11.0,21.0,6.0,5.0,6.0,4.0,19.0,9.0,37.0,12.0,17.0,3.0,4.0,11.0,3.0,3.0,0.0,20.0,13.0,29.0,1.0,116.0,9.0,104.0,29.0,10.0,87.0,42.0,21.0,36.0,0.0,22.0,0.0,55.0,0.0,0.0,0.0,0.0,,,,,,,,,,,,,,,,,,,,,,,,,,,,,,,,,,,,,,,,,,,,,,,,,,,,,,,,,,,,,,
201,1.0,6.0,4.0,0.0,8.0,14.0,0.0,11.0,0.0,4.0,44.0,17.0,40.0,21.0,96.0,8.0,0.0,66.0,47.0,12.0,0.0,17.0,0.0,85.0,0.0,0.0,0.0,496.0,0.0,525.0,39.0,7.0,0.0,,,,,,,,,,,,,,,,,,,,,,,,,,,,,,,,,,,,,,,,,,,,,,,,,,,,,,,,,,,,,,,,,,,,,
202,14.0,4.0,4.0,0.0,22.0,2.0,24.0,0.0,51.0,76.0,0.0,23.0,8.0,0.0,10.0,0.0,0.0,22.0,0.0,0.0,,,,,,,,,,,,,,,,,,,,,,,,,,,,,,,,,,,,,,,,,,,,,,,,,,,,,,,,,,,,,,,,,,,,,,,,,,,,,,,,,,
203,7.0,10.0,14.0,6.0,4.0,0.0,25.0,18.0,10.0,3.0,6.0,2.0,7.0,9.0,0.0,0.0,34.0,30.0,9.0,0.0,0.0,12.0,0.0,22.0,0.0,25.0,,,,,,,,,,,,,,,,,,,,,,,,,,,,,,,,,,,,,,,,,,,,,,,,,,,,,,,,,,,,,,,,,,,,,,,,,,,,
204,33.0,16.0,18.0,23.0,10.0,13.0,4.0,14.0,0.0,16.0,40.0,0.0,0.0,17.0,20.0,22.0,14.0,86.0,3.0,75.0,18.0,77.0,2.0,170.0,50.0,35.0,11.0,0.0,34.0,0.0,28.0,68.0,8.0,39.0,0.0,0.0,80.0,8.0,19.0,22.0,,,,,,,,,,,,,,,,,,,,,,,,,,,,,,,,,,,,,,,,,,,,,,,,,,,,,,,,,,,,,,
205,5.0,14.0,40.0,2.0,33.0,14.0,23.0,24.0,10.0,39.0,170.0,22.0,10.0,30.0,0.0,90.0,0.0,20.0,0.0,22.0,77.0,32.0,17.0,26.0,0.0,10.0,65.0,,,,,,,,,,,,,,,,,,,,,,,,,,,,,,,,,,,,,,,,,,,,,,,,,,,,,,,,,,,,,,,,,,,,,,,,,,,
206,23.0,18.0,10.0,12.0,2.0,32.0,13.0,16.0,28.0,47.0,0.0,18.0,6.0,17.0,14.0,2.0,0.0,71.0,1.0,,,,,,,,,,,,,,,,,,,,,,,,,,,,,,,,,,,,,,,,,,,,,,,,,,,,,,,,,,,,,,,,,,,,,,,,,,,,,,,,,,,
207,33.0,18.0,3.0,23.0,46.0,20.0,29.0,17.0,43.0,49.0,7.0,0.0,20.0,2.0,0.0,26.0,0.0,0.0,16.0,69.0,0.0,60.0,32.0,0.0,2.0,,,,,,,,,,,,,,,,,,,,,,,,,,,,,,,,,,,,,,,,,,,,,,,,,,,,,,,,,,,,,,,,,,,,,,,,,,,,,
208,8.0,23.0,5.0,5.0,0.0,0.0,13.0,19.0,32.0,17.0,0.0,0.0,0.0,10.0,139.0,7.0,38.0,48.0,37.0,23.0,63.0,201.0,34.0,100.0,0.0,19.0,111.0,25.0,29.0,0.0,0.0,5.0,24.0,42.0,0.0,42.0,16.0,0.0,8.0,87.0,0.0,0.0,0.0,0.0,0.0,0.0,0.0,0.0,0.0,,,,,,,,,,,,,,,,,,,,,,,,,,,,,,,,,,,,,,,,,,,,,,,,,,,,,
209,17.0,27.0,0.0,0.0,12.0,22.0,12.0,19.0,46.0,20.0,33.0,21.0,99.0,13.0,22.0,13.0,0.0,0.0,39.0,7.0,56.0,125.0,55.0,30.0,72.0,1.0,42.0,47.0,0.0,17.0,66.0,13.0,13.0,46.0,23.0,26.0,272.0,11.0,0.0,151.0,0.0,14.0,54.0,28.0,16.0,3.0,98.0,0.0,,,,,,,,,,,,,,,,,,,,,,,,,,,,,,,,,,,,,,,,,,,,,,,,,,,,,,
210,9.0,8.0,26.0,16.0,2.0,57.0,14.0,46.0,79.0,48.0,47.0,13.0,12.0,11.0,101.0,0.0,6.0,82.0,139.0,22.0,0.0,129.0,8.0,16.0,14.0,0.0,,,,,,,,,,,,,,,,,,,,,,,,,,,,,,,,,,,,,,,,,,,,,,,,,,,,,,,,,,,,,,,,,,,,,,,,,,,,
211,5.0,0.0,11.0,28.0,0.0,13.0,40.0,14.0,31.0,39.0,13.0,7.0,18.0,19.0,14.0,22.0,18.0,10.0,21.0,73.0,0.0,116.0,0.0,0.0,0.0,0.0,0.0,0.0,0.0,0.0,,,,,,,,,,,,,,,,,,,,,,,,,,,,,,,,,,,,,,,,,,,,,,,,,,,,,,,,,,,,,,,,,,,,,,,,
212,6.0,13.0,13.0,28.0,19.0,0.0,0.0,0.0,38.0,0.0,18.0,0.0,0.0,33.0,0.0,150.0,14.0,169.0,33.0,2.0,0.0,48.0,0.0,,,,,,,,,,,,,,,,,,,,,,,,,,,,,,,,,,,,,,,,,,,,,,,,,,,,,,,,,,,,,,,,,,,,,,,,,,,,,,,
213,2.0,10.0,0.0,8.0,22.0,1.0,3.0,15.0,8.0,2.0,7.0,30.0,29.0,13.0,0.0,6.0,157.0,9.0,0.0,12.0,5.0,145.0,39.0,0.0,4.0,0.0,0.0,0.0,0.0,0.0,0.0,,,,,,,,,,,,,,,,,,,,,,,,,,,,,,,,,,,,,,,,,,,,,,,,,,,,,,,,,,,,,,,,,,,,,,,
214,18.0,0.0,13.0,29.0,1.0,17.0,18.0,6.0,0.0,42.0,27.0,0.0,96.0,29.0,13.0,18.0,19.0,8.0,196.0,174.0,29.0,0.0,78.0,1.0,17.0,0.0,81.0,2.0,23.0,0.0,0.0,0.0,0.0,0.0,0.0,86.0,0.0,0.0,0.0,460.0,31.0,0.0,0.0,0.0,,,,,,,,,,,,,,,,,,,,,,,,,,,,,,,,,,,,,,,,,,,,,,,,,,,,,,,,,,
215,7.0,6.0,14.0,21.0,11.0,4.0,7.0,13.0,0.0,2.0,2.0,0.0,11.0,24.0,10.0,37.0,0.0,0.0,8.0,16.0,28.0,0.0,30.0,19.0,0.0,59.0,0.0,0.0,1.0,0.0,8.0,0.0,0.0,0.0,0.0,0.0,35.0,25.0,93.0,0.0,0.0,0.0,79.0,0.0,0.0,270.0,15.0,13.0,0.0,17.0,6.0,0.0,66.0,0.0,0.0,115.0,10.0,18.0,0.0,7.0,0.0,0.0,0.0,0.0,0.0,0.0,0.0,0.0,0.0,0.0,0.0,,,,,,,,,,,,,,,,,,,,,,,,,,,,,,,
216,8.0,3.0,7.0,13.0,14.0,7.0,24.0,0.0,8.0,22.0,5.0,4.0,0.0,8.0,7.0,92.0,18.0,84.0,5.0,0.0,48.0,65.0,39.0,0.0,34.0,19.0,1.0,6.0,7.0,1.0,1.0,0.0,3.0,8.0,2.0,0.0,0.0,0.0,4.0,0.0,12.0,8.0,,,,,,,,,,,,,,,,,,,,,,,,,,,,,,,,,,,,,,,,,,,,,,,,,,,,,,,,,,,,
217,18.0,16.0,3.0,8.0,18.0,0.0,29.0,23.0,2.0,28.0,2.0,,,,,,,,,,,,,,,,,,,,,,,,,,,,,,,,,,,,,,,,,,,,,,,,,,,,,,,,,,,,,,,,,,,,,,,,,,,,,,,,,,,,,,,,,,,
218,13.0,14.0,1.0,3.0,8.0,18.0,7.0,22.0,7.0,48.0,19.0,32.0,64.0,0.0,41.0,11.0,12.0,17.0,22.0,76.0,10.0,24.0,40.0,9.0,46.0,11.0,0.0,33.0,12.0,0.0,5.0,0.0,144.0,118.0,15.0,0.0,18.0,0.0,0.0,0.0,46.0,52.0,36.0,15.0,0.0,0.0,5.0,0.0,13.0,0.0,0.0,0.0,,,,,,,,,,,,,,,,,,,,,,,,,,,,,,,,,,,,,,,,,,,,,,,,,,
219,14.0,29.0,32.0,80.0,21.0,5.0,41.0,19.0,0.0,7.0,2.0,19.0,44.0,2.0,0.0,15.0,0.0,4.0,56.0,0.0,4.0,59.0,0.0,10.0,53.0,63.0,0.0,13.0,0.0,50.0,0.0,24.0,0.0,463.0,0.0,,,,,,,,,,,,,,,,,,,,,,,,,,,,,,,,,,,,,,,,,,,,,,,,,,,,,,,,,,,,,,,,,,,
220,0.0,0.0,16.0,13.0,11.0,14.0,34.0,0.0,5.0,0.0,24.0,10.0,10.0,0.0,5.0,18.0,0.0,36.0,27.0,47.0,30.0,9.0,2.0,0.0,51.0,0.0,0.0,45.0,137.0,0.0,7.0,50.0,0.0,35.0,10.0,0.0,0.0,0.0,33.0,,,,,,,,,,,,,,,,,,,,,,,,,,,,,,,,,,,,,,,,,,,,,,,,,,,,,,,,,,,,,,,
221,15.0,5.0,11.0,16.0,4.0,21.0,13.0,2.0,42.0,2.0,31.0,0.0,3.0,6.0,4.0,27.0,12.0,5.0,3.0,17.0,10.0,8.0,0.0,30.0,14.0,15.0,0.0,8.0,11.0,10.0,0.0,8.0,29.0,0.0,0.0,45.0,32.0,35.0,157.0,17.0,0.0,0.0,0.0,0.0,0.0,0.0,,,,,,,,,,,,,,,,,,,,,,,,,,,,,,,,,,,,,,,,,,,,,,,,,,,,,,,,
222,31.0,8.0,12.0,21.0,24.0,0.0,12.0,23.0,10.0,23.0,0.0,30.0,8.0,40.0,0.0,7.0,2.0,58.0,4.0,0.0,7.0,7.0,0.0,0.0,0.0,0.0,0.0,0.0,0.0,,,,,,,,,,,,,,,,,,,,,,,,,,,,,,,,,,,,,,,,,,,,,,,,,,,,,,,,,,,,,,,,,,,,,,,,,
223,22.0,22.0,5.0,36.0,13.0,17.0,30.0,16.0,54.0,32.0,11.0,8.0,4.0,23.0,8.0,11.0,46.0,78.0,2.0,13.0,0.0,7.0,39.0,27.0,18.0,70.0,2.0,0.0,0.0,20.0,0.0,54.0,0.0,121.0,0.0,0.0,0.0,0.0,10.0,,,,,,,,,,,,,,,,,,,,,,,,,,,,,,,,,,,,,,,,,,,,,,,,,,,,,,,,,,,,,,,
224,22.0,0.0,7.0,18.0,5.0,41.0,0.0,25.0,0.0,65.0,17.0,0.0,0.0,20.0,61.0,10.0,0.0,69.0,1.0,91.0,93.0,11.0,30.0,62.0,106.0,132.0,102.0,212.0,,,,,,,,,,,,,,,,,,,,,,,,,,,,,,,,,,,,,,,,,,,,,,,,,,,,,,,,,,,,,,,,,,,,,,,,,,
225,10.0,1.0,7.0,24.0,22.0,30.0,12.0,40.0,18.0,10.0,8.0,3.0,18.0,57.0,74.0,47.0,0.0,58.0,54.0,0.0,111.0,11.0,30.0,0.0,0.0,42.0,3.0,0.0,14.0,18.0,4.0,7.0,29.0,12.0,10.0,0.0,1.0,4.0,10.0,0.0,0.0,0.0,0.0,2.0,0.0,13.0,0.0,0.0,0.0,0.0,0.0,0.0,0.0,0.0,11.0,0.0,,,,,,,,,,,,,,,,,,,,,,,,,,,,,,,,,,,,,,,,,,,,,,
226,11.0,10.0,16.0,0.0,38.0,18.0,31.0,7.0,0.0,39.0,32.0,21.0,59.0,8.0,13.0,0.0,0.0,0.0,72.0,8.0,50.0,7.0,0.0,18.0,7.0,0.0,45.0,0.0,26.0,33.0,79.0,0.0,0.0,1.0,56.0,0.0,85.0,0.0,36.0,39.0,25.0,26.0,14.0,68.0,93.0,10.0,45.0,99.0,52.0,0.0,47.0,0.0,35.0,5.0,0.0,16.0,0.0,0.0,0.0,0.0,0.0,0.0,0.0,0.0,0.0,0.0,0.0,,,,,,,,,,,,,,,,,,,,,,,,,,,,,,,,,,,
227,22.0,16.0,31.0,9.0,0.0,2.0,11.0,3.0,27.0,16.0,29.0,9.0,10.0,7.0,8.0,57.0,68.0,50.0,50.0,20.0,0.0,1.0,12.0,11.0,10.0,15.0,30.0,9.0,18.0,87.0,93.0,0.0,48.0,2.0,19.0,1.0,23.0,8.0,23.0,95.0,0.0,32.0,3.0,0.0,0.0,22.0,0.0,,,,,,,,,,,,,,,,,,,,,,,,,,,,,,,,,,,,,,,,,,,,,,,,,,,,,,,
228,16.0,9.0,9.0,0.0,7.0,17.0,0.0,0.0,21.0,10.0,5.0,5.0,7.0,17.0,29.0,23.0,13.0,3.0,38.0,35.0,21.0,0.0,19.0,88.0,,,,,,,,,,,,,,,,,,,,,,,,,,,,,,,,,,,,,,,,,,,,,,,,,,,,,,,,,,,,,,,,,,,,,,,,,,,,,,
229,27.0,6.0,3.0,6.0,9.0,30.0,13.0,5.0,20.0,70.0,0.0,6.0,8.0,1.0,38.0,0.0,8.0,0.0,32.0,16.0,40.0,18.0,0.0,11.0,14.0,52.0,28.0,0.0,57.0,2.0,5.0,0.0,0.0,0.0,0.0,0.0,0.0,0.0,194.0,20.0,0.0,0.0,32.0,0.0,0.0,36.0,0.0,258.0,156.0,9.0,39.0,52.0,57.0,213.0,22.0,0.0,0.0,0.0,21.0,0.0,0.0,0.0,0.0,,,,,,,,,,,,,,,,,,,,,,,,,,,,,,,,,,,,,,,
230,24.0,2.0,10.0,10.0,17.0,3.0,34.0,57.0,16.0,105.0,53.0,34.0,18.0,10.0,5.0,45.0,0.0,86.0,131.0,20.0,0.0,16.0,9.0,27.0,275.0,343.0,48.0,97.0,33.0,0.0,0.0,,,,,,,,,,,,,,,,,,,,,,,,,,,,,,,,,,,,,,,,,,,,,,,,,,,,,,,,,,,,,,,,,,,,,,,
231,10.0,2.0,8.0,0.0,36.0,0.0,29.0,58.0,72.0,29.0,6.0,27.0,16.0,40.0,6.0,0.0,0.0,0.0,0.0,0.0,,,,,,,,,,,,,,,,,,,,,,,,,,,,,,,,,,,,,,,,,,,,,,,,,,,,,,,,,,,,,,,,,,,,,,,,,,,,,,,,,,
232,29.0,3.0,44.0,0.0,25.0,4.0,32.0,9.0,16.0,29.0,21.0,0.0,1.0,38.0,21.0,11.0,35.0,56.0,0.0,15.0,0.0,19.0,28.0,18.0,11.0,102.0,0.0,55.0,10.0,0.0,0.0,3.0,13.0,38.0,7.0,26.0,30.0,36.0,,,,,,,,,,,,,,,,,,,,,,,,,,,,,,,,,,,,,,,,,,,,,,,,,,,,,,,,,,,,,,,,
233,28.0,21.0,5.0,21.0,14.0,0.0,24.0,3.0,50.0,42.0,17.0,10.0,52.0,33.0,0.0,33.0,3.0,45.0,7.0,64.0,82.0,0.0,3.0,33.0,13.0,10.0,18.0,17.0,0.0,28.0,23.0,0.0,4.0,4.0,0.0,0.0,0.0,0.0,0.0,0.0,0.0,0.0,0.0,0.0,0.0,8.0,0.0,3.0,1.0,0.0,0.0,0.0,0.0,0.0,0.0,0.0,0.0,0.0,1.0,0.0,2.0,0.0,0.0,,,,,,,,,,,,,,,,,,,,,,,,,,,,,,,,,,,,,,,
234,10.0,6.0,0.0,0.0,15.0,15.0,65.0,57.0,14.0,154.0,0.0,59.0,29.0,110.0,164.0,0.0,69.0,0.0,63.0,0.0,13.0,0.0,0.0,22.0,0.0,8.0,0.0,11.0,0.0,7.0,0.0,25.0,0.0,54.0,123.0,,,,,,,,,,,,,,,,,,,,,,,,,,,,,,,,,,,,,,,,,,,,,,,,,,,,,,,,,,,,,,,,,,,
235,16.0,18.0,43.0,0.0,23.0,18.0,12.0,108.0,53.0,15.0,2.0,1.0,15.0,11.0,0.0,41.0,36.0,26.0,45.0,16.0,0.0,6.0,1.0,0.0,5.0,1.0,5.0,0.0,12.0,0.0,16.0,0.0,0.0,0.0,,,,,,,,,,,,,,,,,,,,,,,,,,,,,,,,,,,,,,,,,,,,,,,,,,,,,,,,,,,,,,,,,,,,
236,13.0,0.0,13.0,13.0,18.0,9.0,0.0,11.0,7.0,4.0,61.0,12.0,11.0,0.0,0.0,129.0,70.0,1.0,66.0,0.0,14.0,29.0,3.0,56.0,18.0,36.0,70.0,90.0,46.0,104.0,96.0,35.0,0.0,8.0,6.0,57.0,0.0,20.0,38.0,28.0,13.0,0.0,4.0,0.0,0.0,2.0,0.0,0.0,0.0,2.0,0.0,0.0,0.0,,,,,,,,,,,,,,,,,,,,,,,,,,,,,,,,,,,,,,,,,,,,,,,,,
237,0.0,13.0,15.0,18.0,39.0,17.0,0.0,16.0,9.0,0.0,13.0,0.0,21.0,69.0,48.0,11.0,2.0,4.0,9.0,16.0,10.0,66.0,24.0,29.0,42.0,63.0,11.0,2.0,13.0,11.0,41.0,6.0,0.0,0.0,388.0,6.0,0.0,0.0,0.0,0.0,0.0,,,,,,,,,,,,,,,,,,,,,,,,,,,,,,,,,,,,,,,,,,,,,,,,,,,,,,,,,,,,,
238,6.0,12.0,0.0,37.0,14.0,5.0,31.0,12.0,8.0,6.0,0.0,12.0,12.0,17.0,13.0,31.0,56.0,4.0,15.0,12.0,25.0,0.0,20.0,24.0,2.0,23.0,0.0,36.0,56.0,28.0,15.0,19.0,222.0,218.0,14.0,0.0,0.0,139.0,,,,,,,,,,,,,,,,,,,,,,,,,,,,,,,,,,,,,,,,,,,,,,,,,,,,,,,,,,,,,,,,
239,5.0,3.0,18.0,6.0,12.0,21.0,4.0,10.0,11.0,5.0,80.0,6.0,39.0,17.0,7.0,1.0,14.0,21.0,50.0,2.0,33.0,164.0,47.0,47.0,0.0,0.0,29.0,0.0,109.0,,,,,,,,,,,,,,,,,,,,,,,,,,,,,,,,,,,,,,,,,,,,,,,,,,,,,,,,,,,,,,,,,,,,,,,,,
240,17.0,16.0,24.0,0.0,16.0,17.0,0.0,32.0,6.0,16.0,45.0,43.0,2.0,17.0,49.0,6.0,41.0,53.0,19.0,76.0,0.0,18.0,29.0,0.0,0.0,0.0,33.0,20.0,,,,,,,,,,,,,,,,,,,,,,,,,,,,,,,,,,,,,,,,,,,,,,,,,,,,,,,,,,,,,,,,,,,,,,,,,,
241,20.0,23.0,7.0,8.0,4.0,12.0,33.0,0.0,22.0,0.0,9.0,13.0,22.0,12.0,0.0,4.0,22.0,22.0,39.0,8.0,10.0,6.0,3.0,0.0,0.0,213.0,0.0,34.0,0.0,39.0,51.0,228.0,0.0,24.0,29.0,94.0,0.0,118.0,8.0,0.0,5.0,26.0,0.0,57.0,117.0,128.0,0.0,0.0,0.0,0.0,0.0,0.0,0.0,,,,,,,,,,,,,,,,,,,,,,,,,,,,,,,,,,,,,,,,,,,,,,,,,
242,9.0,14.0,7.0,3.0,43.0,5.0,3.0,3.0,28.0,31.0,5.0,0.0,14.0,14.0,11.0,9.0,8.0,27.0,19.0,17.0,16.0,6.0,13.0,18.0,21.0,44.0,28.0,6.0,29.0,0.0,60.0,9.0,6.0,8.0,16.0,40.0,0.0,27.0,14.0,2.0,44.0,17.0,15.0,42.0,0.0,0.0,16.0,10.0,68.0,0.0,0.0,,,,,,,,,,,,,,,,,,,,,,,,,,,,,,,,,,,,,,,,,,,,,,,,,,,
243,11.0,3.0,3.0,0.0,24.0,8.0,8.0,8.0,3.0,8.0,2.0,23.0,1.0,0.0,0.0,37.0,20.0,0.0,9.0,3.0,6.0,0.0,16.0,0.0,8.0,0.0,61.0,0.0,9.0,13.0,12.0,3.0,41.0,0.0,3.0,29.0,0.0,50.0,0.0,0.0,0.0,25.0,0.0,0.0,0.0,0.0,0.0,0.0,0.0,0.0,0.0,0.0,0.0,0.0,0.0,0.0,0.0,0.0,0.0,0.0,0.0,0.0,0.0,0.0,0.0,0.0,0.0,0.0,0.0,0.0,0.0,0.0,0.0,,,,,,,,,,,,,,,,,,,,,,,,,,,,,
244,7.0,4.0,9.0,31.0,25.0,3.0,46.0,10.0,11.0,53.0,11.0,0.0,3.0,25.0,0.0,45.0,15.0,9.0,2.0,0.0,0.0,36.0,52.0,14.0,0.0,4.0,0.0,27.0,0.0,0.0,153.0,31.0,0.0,0.0,,,,,,,,,,,,,,,,,,,,,,,,,,,,,,,,,,,,,,,,,,,,,,,,,,,,,,,,,,,,,,,,,,,,
245,11.0,5.0,8.0,0.0,0.0,48.0,56.0,71.0,12.0,9.0,3.0,5.0,0.0,5.0,16.0,23.0,18.0,5.0,2.0,0.0,0.0,49.0,0.0,17.0,0.0,38.0,37.0,68.0,0.0,34.0,30.0,0.0,0.0,115.0,0.0,48.0,0.0,15.0,,,,,,,,,,,,,,,,,,,,,,,,,,,,,,,,,,,,,,,,,,,,,,,,,,,,,,,,,,,,,,,,
246,23.0,0.0,7.0,0.0,0.0,9.0,35.0,52.0,13.0,46.0,55.0,82.0,18.0,192.0,22.0,7.0,0.0,21.0,150.0,10.0,0.0,262.0,0.0,2.0,0.0,12.0,20.0,41.0,62.0,191.0,40.0,0.0,0.0,0.0,362.0,0.0,0.0,0.0,0.0,0.0,0.0,,,,,,,,,,,,,,,,,,,,,,,,,,,,,,,,,,,,,,,,,,,,,,,,,,,,,,,,,,,,,
247,8.0,2.0,9.0,27.0,0.0,3.0,4.0,3.0,0.0,8.0,2.0,25.0,2.0,13.0,0.0,51.0,10.0,0.0,0.0,21.0,1.0,20.0,0.0,0.0,72.0,18.0,0.0,82.0,4.0,0.0,0.0,0.0,0.0,0.0,0.0,216.0,0.0,75.0,20.0,32.0,0.0,0.0,0.0,0.0,0.0,0.0,0.0,,,,,,,,,,,,,,,,,,,,,,,,,,,,,,,,,,,,,,,,,,,,,,,,,,,,,,,
248,0.0,2.0,7.0,10.0,31.0,10.0,17.0,59.0,0.0,0.0,0.0,0.0,0.0,0.0,0.0,0.0,0.0,0.0,,,,,,,,,,,,,,,,,,,,,,,,,,,,,,,,,,,,,,,,,,,,,,,,,,,,,,,,,,,,,,,,,,,,,,,,,,,,,,,,,,,,
249,7.0,0.0,5.0,0.0,32.0,12.0,18.0,60.0,0.0,0.0,19.0,18.0,20.0,2.0,0.0,3.0,19.0,58.0,0.0,11.0,18.0,38.0,81.0,15.0,38.0,0.0,18.0,0.0,61.0,31.0,43.0,64.0,65.0,104.0,68.0,23.0,27.0,1.0,2.0,0.0,0.0,12.0,0.0,118.0,0.0,0.0,0.0,0.0,0.0,,,,,,,,,,,,,,,,,,,,,,,,,,,,,,,,,,,,,,,,,,,,,,,,,,,,,
250,17.0,0.0,21.0,0.0,6.0,0.0,17.0,5.0,0.0,49.0,23.0,25.0,13.0,0.0,11.0,19.0,90.0,28.0,0.0,62.0,12.0,10.0,1.0,79.0,39.0,56.0,24.0,0.0,12.0,35.0,19.0,36.0,0.0,142.0,139.0,0.0,343.0,175.0,70.0,169.0,33.0,6.0,35.0,,,,,,,,,,,,,,,,,,,,,,,,,,,,,,,,,,,,,,,,,,,,,,,,,,,,,,,,,,,
251,16.0,11.0,3.0,7.0,34.0,18.0,27.0,13.0,0.0,36.0,0.0,81.0,14.0,0.0,19.0,12.0,18.0,8.0,0.0,9.0,10.0,18.0,71.0,11.0,31.0,0.0,0.0,0.0,7.0,13.0,0.0,0.0,2.0,0.0,0.0,195.0,0.0,0.0,0.0,0.0,2.0,0.0,0.0,0.0,69.0,3.0,16.0,0.0,3.0,6.0,0.0,3.0,15.0,0.0,0.0,0.0,0.0,0.0,0.0,0.0,0.0,0.0,0.0,0.0,0.0,0.0,0.0,,,,,,,,,,,,,,,,,,,,,,,,,,,,,,,,,,,
252,7.0,12.0,6.0,7.0,2.0,1.0,10.0,2.0,9.0,9.0,3.0,0.0,18.0,0.0,17.0,70.0,39.0,2.0,0.0,21.0,4.0,2.0,24.0,44.0,6.0,0.0,8.0,6.0,2.0,0.0,20.0,15.0,8.0,49.0,7.0,0.0,0.0,0.0,0.0,,,,,,,,,,,,,,,,,,,,,,,,,,,,,,,,,,,,,,,,,,,,,,,,,,,,,,,,,,,,,,,
253,32.0,12.0,23.0,11.0,6.0,15.0,8.0,15.0,4.0,29.0,0.0,2.0,1.0,12.0,5.0,0.0,55.0,66.0,0.0,40.0,2.0,136.0,3.0,0.0,0.0,0.0,12.0,12.0,9.0,0.0,17.0,185.0,86.0,68.0,39.0,0.0,20.0,26.0,6.0,12.0,2.0,10.0,0.0,59.0,9.0,15.0,0.0,52.0,274.0,11.0,33.0,92.0,0.0,12.0,18.0,26.0,,,,,,,,,,,,,,,,,,,,,,,,,,,,,,,,,,,,,,,,,,,,,,
254,13.0,8.0,46.0,12.0,14.0,27.0,29.0,29.0,25.0,150.0,20.0,54.0,40.0,0.0,20.0,36.0,133.0,133.0,0.0,5.0,4.0,20.0,15.0,79.0,63.0,0.0,53.0,17.0,0.0,0.0,2.0,3.0,4.0,7.0,0.0,32.0,0.0,0.0,0.0,0.0,0.0,,,,,,,,,,,,,,,,,,,,,,,,,,,,,,,,,,,,,,,,,,,,,,,,,,,,,,,,,,,,,
255,20.0,32.0,0.0,8.0,26.0,0.0,23.0,32.0,14.0,0.0,52.0,20.0,55.0,0.0,10.0,17.0,66.0,3.0,15.0,15.0,0.0,66.0,1.0,0.0,9.0,13.0,0.0,10.0,0.0,0.0,0.0,0.0,0.0,6.0,208.0,91.0,98.0,0.0,,,,,,,,,,,,,,,,,,,,,,,,,,,,,,,,,,,,,,,,,,,,,,,,,,,,,,,,,,,,,,,,
256,18.0,25.0,0.0,6.0,60.0,0.0,4.0,0.0,22.0,31.0,6.0,12.0,24.0,54.0,8.0,0.0,2.0,0.0,19.0,15.0,14.0,0.0,19.0,22.0,116.0,92.0,95.0,0.0,0.0,9.0,144.0,81.0,0.0,0.0,0.0,0.0,0.0,,,,,,,,,,,,,,,,,,,,,,,,,,,,,,,,,,,,,,,,,,,,,,,,,,,,,,,,,,,,,,,,,
257,24.0,4.0,10.0,26.0,30.0,40.0,2.0,21.0,0.0,0.0,0.0,0.0,57.0,4.0,35.0,0.0,13.0,0.0,0.0,0.0,20.0,0.0,0.0,6.0,0.0,0.0,0.0,14.0,0.0,279.0,6.0,0.0,0.0,,,,,,,,,,,,,,,,,,,,,,,,,,,,,,,,,,,,,,,,,,,,,,,,,,,,,,,,,,,,,,,,,,,,,
258,10.0,21.0,11.0,6.0,30.0,20.0,9.0,30.0,36.0,49.0,15.0,62.0,0.0,0.0,16.0,10.0,15.0,8.0,30.0,9.0,0.0,0.0,14.0,4.0,25.0,26.0,4.0,0.0,4.0,46.0,28.0,0.0,87.0,0.0,31.0,137.0,2.0,0.0,36.0,0.0,149.0,108.0,0.0,9.0,,,,,,,,,,,,,,,,,,,,,,,,,,,,,,,,,,,,,,,,,,,,,,,,,,,,,,,,,,
259,20.0,15.0,10.0,27.0,17.0,17.0,12.0,3.0,29.0,40.0,1.0,49.0,0.0,6.0,27.0,11.0,19.0,50.0,5.0,73.0,0.0,159.0,0.0,21.0,0.0,0.0,0.0,23.0,16.0,0.0,116.0,10.0,14.0,0.0,11.0,11.0,8.0,9.0,0.0,0.0,,,,,,,,,,,,,,,,,,,,,,,,,,,,,,,,,,,,,,,,,,,,,,,,,,,,,,,,,,,,,,
260,23.0,0.0,14.0,3.0,7.0,0.0,11.0,45.0,0.0,1.0,15.0,30.0,4.0,16.0,0.0,5.0,14.0,0.0,0.0,0.0,20.0,2.0,0.0,33.0,40.0,0.0,1.0,0.0,26.0,55.0,52.0,51.0,19.0,54.0,19.0,30.0,0.0,75.0,71.0,0.0,0.0,221.0,21.0,0.0,0.0,,,,,,,,,,,,,,,,,,,,,,,,,,,,,,,,,,,,,,,,,,,,,,,,,,,,,,,,,
261,24.0,16.0,0.0,2.0,9.0,0.0,0.0,21.0,0.0,45.0,56.0,24.0,9.0,33.0,0.0,45.0,12.0,15.0,0.0,10.0,34.0,33.0,17.0,16.0,36.0,18.0,11.0,23.0,0.0,21.0,2.0,0.0,0.0,0.0,123.0,0.0,12.0,16.0,0.0,7.0,0.0,0.0,0.0,0.0,0.0,,,,,,,,,,,,,,,,,,,,,,,,,,,,,,,,,,,,,,,,,,,,,,,,,,,,,,,,,
262,0.0,44.0,2.0,35.0,13.0,19.0,0.0,24.0,17.0,15.0,4.0,16.0,0.0,8.0,18.0,0.0,15.0,0.0,0.0,11.0,5.0,0.0,14.0,0.0,1.0,0.0,0.0,0.0,27.0,0.0,0.0,0.0,0.0,,,,,,,,,,,,,,,,,,,,,,,,,,,,,,,,,,,,,,,,,,,,,,,,,,,,,,,,,,,,,,,,,,,,,
263,5.0,0.0,4.0,18.0,8.0,11.0,5.0,13.0,33.0,4.0,44.0,0.0,39.0,65.0,0.0,0.0,0.0,21.0,2.0,22.0,0.0,0.0,0.0,7.0,0.0,32.0,270.0,33.0,55.0,43.0,14.0,37.0,143.0,2.0,19.0,0.0,34.0,0.0,0.0,83.0,180.0,60.0,104.0,153.0,22.0,76.0,0.0,20.0,0.0,0.0,0.0,0.0,0.0,0.0,0.0,0.0,0.0,0.0,0.0,0.0,0.0,76.0,24.0,8.0,8.0,12.0,103.0,26.0,0.0,3.0,908.0,,,,,,,,,,,,,,,,,,,,,,,,,,,,,,,
264,0.0,12.0,22.0,13.0,20.0,5.0,0.0,0.0,29.0,41.0,17.0,25.0,1.0,0.0,8.0,1.0,0.0,6.0,6.0,9.0,5.0,0.0,0.0,0.0,0.0,0.0,3.0,0.0,8.0,0.0,6.0,0.0,0.0,0.0,0.0,0.0,5.0,3.0,11.0,4.0,4.0,0.0,0.0,0.0,3.0,0.0,8.0,0.0,0.0,0.0,0.0,0.0,0.0,0.0,0.0,8.0,0.0,1.0,9.0,2.0,0.0,9.0,0.0,0.0,0.0,0.0,0.0,2.0,0.0,0.0,0.0,0.0,0.0,0.0,,,,,,,,,,,,,,,,,,,,,,,,,,,,
265,11.0,0.0,7.0,10.0,0.0,10.0,0.0,20.0,27.0,42.0,24.0,15.0,21.0,0.0,14.0,22.0,0.0,53.0,16.0,2.0,0.0,9.0,24.0,27.0,72.0,15.0,0.0,13.0,6.0,198.0,0.0,14.0,0.0,6.0,369.0,0.0,1.0,31.0,133.0,1.0,0.0,0.0,0.0,0.0,0.0,0.0,0.0,0.0,0.0,0.0,,,,,,,,,,,,,,,,,,,,,,,,,,,,,,,,,,,,,,,,,,,,,,,,,,,,
266,0.0,9.0,0.0,0.0,8.0,15.0,23.0,1.0,0.0,16.0,6.0,26.0,72.0,20.0,10.0,18.0,5.0,6.0,44.0,0.0,1.0,40.0,7.0,12.0,0.0,0.0,21.0,8.0,0.0,,,,,,,,,,,,,,,,,,,,,,,,,,,,,,,,,,,,,,,,,,,,,,,,,,,,,,,,,,,,,,,,,,,,,,,,,
267,22.0,14.0,15.0,22.0,16.0,5.0,15.0,24.0,32.0,0.0,29.0,3.0,1.0,12.0,0.0,2.0,31.0,11.0,23.0,32.0,60.0,178.0,11.0,25.0,14.0,12.0,1.0,48.0,18.0,56.0,137.0,0.0,28.0,0.0,2.0,44.0,0.0,339.0,403.0,0.0,,,,,,,,,,,,,,,,,,,,,,,,,,,,,,,,,,,,,,,,,,,,,,,,,,,,,,,,,,,,,,
268,19.0,19.0,16.0,26.0,27.0,0.0,7.0,0.0,8.0,6.0,24.0,33.0,0.0,0.0,14.0,1.0,0.0,0.0,0.0,67.0,0.0,0.0,38.0,146.0,183.0,25.0,0.0,0.0,0.0,42.0,381.0,0.0,190.0,0.0,139.0,39.0,39.0,46.0,109.0,116.0,59.0,15.0,36.0,179.0,0.0,145.0,0.0,,,,,,,,,,,,,,,,,,,,,,,,,,,,,,,,,,,,,,,,,,,,,,,,,,,,,,,
269,9.0,15.0,6.0,11.0,2.0,2.0,55.0,62.0,14.0,8.0,65.0,14.0,16.0,110.0,0.0,0.0,123.0,14.0,0.0,163.0,143.0,0.0,45.0,25.0,33.0,1.0,139.0,0.0,,,,,,,,,,,,,,,,,,,,,,,,,,,,,,,,,,,,,,,,,,,,,,,,,,,,,,,,,,,,,,,,,,,,,,,,,,
270,8.0,4.0,31.0,24.0,31.0,12.0,25.0,8.0,0.0,34.0,3.0,13.0,12.0,51.0,0.0,34.0,43.0,107.0,36.0,11.0,57.0,61.0,154.0,13.0,0.0,39.0,0.0,0.0,37.0,0.0,0.0,21.0,0.0,343.0,89.0,39.0,0.0,0.0,29.0,1.0,,,,,,,,,,,,,,,,,,,,,,,,,,,,,,,,,,,,,,,,,,,,,,,,,,,,,,,,,,,,,,
271,22.0,0.0,11.0,16.0,18.0,9.0,0.0,11.0,1.0,32.0,0.0,4.0,0.0,41.0,22.0,30.0,21.0,68.0,51.0,6.0,36.0,26.0,0.0,250.0,15.0,0.0,44.0,17.0,98.0,47.0,17.0,0.0,16.0,56.0,0.0,0.0,0.0,0.0,0.0,0.0,0.0,0.0,,,,,,,,,,,,,,,,,,,,,,,,,,,,,,,,,,,,,,,,,,,,,,,,,,,,,,,,,,,,
272,14.0,10.0,10.0,25.0,20.0,13.0,14.0,13.0,20.0,12.0,22.0,16.0,27.0,42.0,90.0,29.0,35.0,89.0,19.0,8.0,24.0,23.0,33.0,0.0,6.0,0.0,14.0,89.0,0.0,0.0,48.0,0.0,0.0,0.0,0.0,0.0,,,,,,,,,,,,,,,,,,,,,,,,,,,,,,,,,,,,,,,,,,,,,,,,,,,,,,,,,,,,,,,,,,
273,7.0,9.0,22.0,9.0,3.0,19.0,19.0,5.0,59.0,0.0,19.0,45.0,25.0,9.0,59.0,44.0,16.0,20.0,41.0,91.0,34.0,93.0,4.0,0.0,5.0,0.0,0.0,21.0,75.0,6.0,15.0,34.0,15.0,39.0,21.0,0.0,0.0,18.0,0.0,0.0,0.0,5.0,0.0,3.0,1.0,20.0,0.0,7.0,9.0,1.0,0.0,0.0,0.0,0.0,0.0,0.0,,,,,,,,,,,,,,,,,,,,,,,,,,,,,,,,,,,,,,,,,,,,,,
274,0.0,8.0,0.0,15.0,4.0,18.0,16.0,1.0,0.0,17.0,14.0,0.0,2.0,8.0,4.0,65.0,4.0,19.0,38.0,11.0,61.0,10.0,13.0,82.0,0.0,0.0,0.0,0.0,0.0,,,,,,,,,,,,,,,,,,,,,,,,,,,,,,,,,,,,,,,,,,,,,,,,,,,,,,,,,,,,,,,,,,,,,,,,,
275,18.0,20.0,0.0,12.0,15.0,29.0,0.0,0.0,21.0,31.0,39.0,42.0,50.0,68.0,8.0,50.0,0.0,27.0,27.0,73.0,11.0,1.0,29.0,51.0,0.0,0.0,58.0,0.0,27.0,63.0,0.0,0.0,0.0,0.0,0.0,66.0,0.0,78.0,43.0,,,,,,,,,,,,,,,,,,,,,,,,,,,,,,,,,,,,,,,,,,,,,,,,,,,,,,,,,,,,,,,
276,20.0,11.0,0.0,34.0,3.0,13.0,9.0,8.0,6.0,7.0,9.0,22.0,0.0,9.0,16.0,21.0,11.0,0.0,0.0,0.0,10.0,11.0,0.0,44.0,0.0,80.0,0.0,0.0,0.0,,,,,,,,,,,,,,,,,,,,,,,,,,,,,,,,,,,,,,,,,,,,,,,,,,,,,,,,,,,,,,,,,,,,,,,,,
277,16.0,0.0,0.0,54.0,21.0,20.0,18.0,0.0,110.0,7.0,3.0,2.0,11.0,16.0,5.0,35.0,91.0,0.0,6.0,63.0,56.0,82.0,0.0,0.0,38.0,5.0,76.0,2.0,51.0,,,,,,,,,,,,,,,,,,,,,,,,,,,,,,,,,,,,,,,,,,,,,,,,,,,,,,,,,,,,,,,,,,,,,,,,,
278,17.0,0.0,25.0,1.0,11.0,10.0,6.0,6.0,0.0,13.0,27.0,15.0,125.0,46.0,9.0,27.0,1.0,0.0,0.0,0.0,12.0,22.0,0.0,0.0,16.0,6.0,18.0,9.0,8.0,37.0,19.0,60.0,53.0,63.0,38.0,0.0,20.0,20.0,66.0,135.0,16.0,13.0,0.0,21.0,24.0,29.0,0.0,17.0,16.0,0.0,0.0,0.0,0.0,0.0,0.0,0.0,,,,,,,,,,,,,,,,,,,,,,,,,,,,,,,,,,,,,,,,,,,,,,
279,17.0,34.0,1.0,11.0,56.0,0.0,0.0,0.0,0.0,16.0,0.0,0.0,27.0,65.0,4.0,178.0,23.0,35.0,40.0,21.0,43.0,11.0,72.0,41.0,0.0,35.0,32.0,0.0,121.0,11.0,153.0,0.0,44.0,52.0,7.0,0.0,0.0,101.0,,,,,,,,,,,,,,,,,,,,,,,,,,,,,,,,,,,,,,,,,,,,,,,,,,,,,,,,,,,,,,,,
280,7.0,13.0,23.0,31.0,18.0,5.0,9.0,7.0,0.0,3.0,1.0,0.0,2.0,30.0,14.0,6.0,23.0,9.0,0.0,6.0,2.0,24.0,29.0,17.0,5.0,0.0,0.0,0.0,8.0,0.0,,,,,,,,,,,,,,,,,,,,,,,,,,,,,,,,,,,,,,,,,,,,,,,,,,,,,,,,,,,,,,,,,,,,,,,,
281,6.0,0.0,7.0,11.0,24.0,53.0,1.0,15.0,8.0,0.0,4.0,26.0,0.0,21.0,4.0,6.0,13.0,0.0,0.0,12.0,3.0,9.0,21.0,25.0,0.0,13.0,0.0,3.0,7.0,6.0,6.0,0.0,11.0,11.0,98.0,23.0,0.0,53.0,0.0,3.0,0.0,0.0,0.0,0.0,21.0,37.0,0.0,454.0,6.0,0.0,16.0,24.0,0.0,0.0,0.0,0.0,0.0,0.0,0.0,0.0,0.0,0.0,0.0,0.0,,,,,,,,,,,,,,,,,,,,,,,,,,,,,,,,,,,,,,
