,0,1,2,3,4,5,6,7,8,9,10,11,12,13,14,15,16,17,18,19,20,21,22,23,24,25,26,27,28,29,30,31,32,33,34,35,36,37,38,39,40,41,42,43,44,45,46,47,48,49,50,51,52,53,54,55,56,57,58,59,60,61,62,63,64,65,66,67,68,69,70,71,72,73,74,75,76,77,78,79,80,81,82,83,84,85,86,87,88,89,90,91,92,93,94,95,96,97,98
0,8.0,1.0,0.0,2.0,3.0,14.0,44.0,9.0,100.0,48.0,32.0,25.0,8.0,10.0,19.0,0.0,0.0,8.0,31.0,32.0,15.0,18.0,8.0,0.0,0.0,18.0,15.0,4.0,18.0,0.0,12.0,19.0,0.0,0.0,0.0,14.0,38.0,60.0,0.0,16.0,0.0,0.0,,,,,,,,,,,,,,,,,,,,,,,,,,,,,,,,,,,,,,,,,,,,,,,,,,,,,,,,,
1,9.0,24.0,8.0,35.0,4.0,5.0,19.0,25.0,9.0,10.0,79.0,25.0,22.0,9.0,19.0,31.0,17.0,0.0,135.0,48.0,23.0,0.0,6.0,37.0,0.0,0.0,55.0,0.0,0.0,0.0,8.0,32.0,3.0,82.0,278.0,22.0,82.0,10.0,0.0,0.0,59.0,41.0,10.0,0.0,0.0,31.0,21.0,41.0,18.0,20.0,0.0,21.0,15.0,146.0,33.0,11.0,0.0,0.0,0.0,0.0,0.0,82.0,0.0,0.0,,,,,,,,,,,,,,,,,,,,,,,,,,,,,,,,,,,
2,30.0,11.0,0.0,21.0,25.0,37.0,8.0,20.0,41.0,3.0,7.0,2.0,19.0,20.0,15.0,9.0,8.0,0.0,0.0,0.0,24.0,0.0,86.0,78.0,14.0,2.0,84.0,0.0,36.0,9.0,18.0,4.0,15.0,26.0,0.0,11.0,77.0,16.0,0.0,41.0,88.0,208.0,31.0,32.0,29.0,0.0,49.0,20.0,45.0,0.0,19.0,35.0,13.0,101.0,0.0,0.0,440.0,0.0,81.0,3.0,16.0,22.0,29.0,0.0,398.0,0.0,0.0,0.0,0.0,0.0,0.0,,,,,,,,,,,,,,,,,,,,,,,,,,,,
3,48.0,44.0,0.0,18.0,0.0,2.0,9.0,0.0,32.0,14.0,3.0,0.0,23.0,77.0,12.0,0.0,4.0,12.0,0.0,0.0,12.0,0.0,0.0,0.0,157.0,33.0,59.0,0.0,17.0,0.0,17.0,,,,,,,,,,,,,,,,,,,,,,,,,,,,,,,,,,,,,,,,,,,,,,,,,,,,,,,,,,,,,,,,,,,,
4,26.0,3.0,59.0,0.0,19.0,19.0,7.0,29.0,0.0,55.0,12.0,227.0,92.0,38.0,22.0,15.0,8.0,39.0,57.0,153.0,216.0,922.0,0.0,0.0,0.0,5.0,0.0,,,,,,,,,,,,,,,,,,,,,,,,,,,,,,,,,,,,,,,,,,,,,,,,,,,,,,,,,,,,,,,,,,,,,,,,
5,0.0,17.0,20.0,1.0,0.0,6.0,1.0,0.0,0.0,3.0,5.0,11.0,16.0,18.0,22.0,17.0,54.0,3.0,49.0,16.0,110.0,118.0,0.0,0.0,10.0,1.0,8.0,71.0,28.0,70.0,0.0,124.0,101.0,0.0,58.0,0.0,0.0,0.0,13.0,380.0,255.0,31.0,160.0,0.0,93.0,,,,,,,,,,,,,,,,,,,,,,,,,,,,,,,,,,,,,,,,,,,,,,,,,,,,,,
6,24.0,26.0,0.0,0.0,7.0,124.0,23.0,45.0,18.0,107.0,23.0,7.0,0.0,83.0,37.0,0.0,21.0,106.0,40.0,0.0,0.0,0.0,,,,,,,,,,,,,,,,,,,,,,,,,,,,,,,,,,,,,,,,,,,,,,,,,,,,,,,,,,,,,,,,,,,,,,,,,,,,,
7,4.0,17.0,24.0,0.0,23.0,0.0,7.0,,,,,,,,,,,,,,,,,,,,,,,,,,,,,,,,,,,,,,,,,,,,,,,,,,,,,,,,,,,,,,,,,,,,,,,,,,,,,,,,,,,,,,,,,,,,
8,14.0,23.0,29.0,2.0,6.0,14.0,20.0,26.0,67.0,12.0,1.0,23.0,0.0,18.0,0.0,25.0,6.0,0.0,0.0,2.0,7.0,10.0,9.0,85.0,0.0,153.0,24.0,16.0,81.0,30.0,179.0,26.0,20.0,9.0,93.0,2.0,47.0,14.0,0.0,0.0,0.0,0.0,0.0,0.0,2.0,,,,,,,,,,,,,,,,,,,,,,,,,,,,,,,,,,,,,,,,,,,,,,,,,,,,,,
9,36.0,12.0,50.0,25.0,7.0,15.0,17.0,34.0,21.0,0.0,21.0,0.0,12.0,0.0,35.0,14.0,21.0,19.0,5.0,9.0,162.0,124.0,0.0,0.0,0.0,0.0,,,,,,,,,,,,,,,,,,,,,,,,,,,,,,,,,,,,,,,,,,,,,,,,,,,,,,,,,,,,,,,,,,,,,,,,,
10,32.0,24.0,37.0,0.0,20.0,15.0,6.0,5.0,44.0,34.0,3.0,61.0,16.0,0.0,16.0,0.0,38.0,62.0,0.0,58.0,4.0,5.0,28.0,0.0,0.0,19.0,0.0,0.0,113.0,0.0,33.0,8.0,5.0,5.0,0.0,0.0,2.0,0.0,12.0,0.0,5.0,12.0,0.0,7.0,10.0,0.0,0.0,2.0,0.0,9.0,0.0,3.0,3.0,10.0,0.0,0.0,0.0,0.0,0.0,0.0,0.0,0.0,0.0,0.0,0.0,0.0,1.0,0.0,0.0,0.0,22.0,3.0,3.0,0.0,0.0,18.0,12.0,0.0,7.0,0.0,0.0,0.0,0.0,0.0,0.0,0.0,0.0,0.0,0.0,0.0,0.0,,,,,,,,
11,0.0,3.0,14.0,19.0,27.0,24.0,35.0,14.0,16.0,31.0,9.0,21.0,12.0,1.0,6.0,4.0,0.0,0.0,0.0,38.0,0.0,0.0,0.0,7.0,118.0,16.0,0.0,38.0,131.0,10.0,,,,,,,,,,,,,,,,,,,,,,,,,,,,,,,,,,,,,,,,,,,,,,,,,,,,,,,,,,,,,,,,,,,,,
12,37.0,24.0,0.0,83.0,36.0,12.0,30.0,32.0,0.0,25.0,37.0,0.0,13.0,57.0,0.0,3.0,3.0,0.0,28.0,0.0,63.0,27.0,0.0,34.0,0.0,0.0,16.0,0.0,0.0,0.0,0.0,12.0,2.0,6.0,0.0,51.0,49.0,0.0,11.0,0.0,15.0,0.0,23.0,21.0,0.0,0.0,0.0,0.0,0.0,0.0,,,,,,,,,,,,,,,,,,,,,,,,,,,,,,,,,,,,,,,,,,,,,,,,,
13,26.0,14.0,3.0,46.0,7.0,21.0,8.0,0.0,0.0,35.0,13.0,0.0,0.0,101.0,53.0,47.0,0.0,24.0,25.0,15.0,2.0,0.0,0.0,0.0,14.0,0.0,41.0,26.0,169.0,14.0,0.0,36.0,4.0,64.0,0.0,0.0,140.0,0.0,0.0,47.0,12.0,0.0,21.0,0.0,19.0,15.0,0.0,8.0,10.0,,,,,,,,,,,,,,,,,,,,,,,,,,,,,,,,,,,,,,,,,,,,,,,,,,
14,37.0,7.0,10.0,14.0,20.0,0.0,16.0,44.0,45.0,55.0,8.0,0.0,33.0,45.0,21.0,0.0,56.0,30.0,20.0,40.0,0.0,9.0,17.0,24.0,28.0,0.0,0.0,0.0,,,,,,,,,,,,,,,,,,,,,,,,,,,,,,,,,,,,,,,,,,,,,,,,,,,,,,,,,,,,,,,,,,,,,,,
15,24.0,14.0,0.0,31.0,14.0,,,,,,,,,,,,,,,,,,,,,,,,,,,,,,,,,,,,,,,,,,,,,,,,,,,,,,,,,,,,,,,,,,,,,,,,,,,,,,,,,,,,,,,,,,,,,,
16,33.0,3.0,11.0,27.0,29.0,7.0,45.0,6.0,40.0,14.0,5.0,38.0,0.0,116.0,14.0,0.0,0.0,23.0,9.0,0.0,11.0,112.0,0.0,128.0,82.0,15.0,0.0,1.0,1.0,4.0,19.0,0.0,38.0,40.0,21.0,0.0,45.0,0.0,12.0,0.0,17.0,0.0,0.0,0.0,0.0,0.0,0.0,0.0,0.0,0.0,0.0,0.0,0.0,0.0,0.0,0.0,,,,,,,,,,,,,,,,,,,,,,,,,,,,,,,,,,,,,,,,,,,
17,6.0,5.0,6.0,10.0,36.0,,,,,,,,,,,,,,,,,,,,,,,,,,,,,,,,,,,,,,,,,,,,,,,,,,,,,,,,,,,,,,,,,,,,,,,,,,,,,,,,,,,,,,,,,,,,,,
18,6.0,22.0,0.0,9.0,14.0,0.0,13.0,0.0,17.0,3.0,33.0,0.0,4.0,0.0,0.0,16.0,83.0,6.0,9.0,0.0,5.0,9.0,0.0,0.0,15.0,0.0,0.0,,,,,,,,,,,,,,,,,,,,,,,,,,,,,,,,,,,,,,,,,,,,,,,,,,,,,,,,,,,,,,,,,,,,,,,,
19,0.0,23.0,16.0,9.0,2.0,60.0,0.0,11.0,3.0,19.0,0.0,8.0,70.0,28.0,0.0,6.0,0.0,53.0,40.0,21.0,0.0,7.0,1.0,32.0,15.0,0.0,82.0,56.0,122.0,0.0,0.0,46.0,6.0,10.0,13.0,12.0,6.0,0.0,0.0,0.0,0.0,0.0,0.0,16.0,,,,,,,,,,,,,,,,,,,,,,,,,,,,,,,,,,,,,,,,,,,,,,,,,,,,,,,
20,22.0,22.0,0.0,9.0,6.0,2.0,0.0,77.0,13.0,0.0,11.0,10.0,33.0,33.0,10.0,17.0,25.0,4.0,0.0,9.0,45.0,18.0,12.0,4.0,10.0,10.0,28.0,31.0,0.0,34.0,0.0,6.0,0.0,12.0,0.0,44.0,13.0,0.0,0.0,65.0,437.0,0.0,0.0,56.0,0.0,29.0,16.0,226.0,0.0,,,,,,,,,,,,,,,,,,,,,,,,,,,,,,,,,,,,,,,,,,,,,,,,,,
21,17.0,28.0,11.0,0.0,0.0,27.0,49.0,29.0,9.0,10.0,0.0,18.0,17.0,147.0,25.0,80.0,56.0,11.0,171.0,0.0,1.0,33.0,88.0,0.0,17.0,53.0,99.0,47.0,0.0,23.0,18.0,63.0,0.0,0.0,11.0,0.0,0.0,0.0,0.0,0.0,,,,,,,,,,,,,,,,,,,,,,,,,,,,,,,,,,,,,,,,,,,,,,,,,,,,,,,,,,,
22,0.0,15.0,44.0,53.0,23.0,0.0,23.0,20.0,0.0,10.0,38.0,33.0,118.0,64.0,34.0,12.0,18.0,66.0,5.0,109.0,29.0,4.0,11.0,20.0,46.0,0.0,14.0,0.0,28.0,45.0,0.0,33.0,0.0,0.0,0.0,0.0,0.0,54.0,0.0,12.0,,,,,,,,,,,,,,,,,,,,,,,,,,,,,,,,,,,,,,,,,,,,,,,,,,,,,,,,,,,
23,0.0,5.0,14.0,20.0,1.0,11.0,84.0,1.0,37.0,44.0,14.0,56.0,3.0,4.0,4.0,83.0,1.0,21.0,7.0,23.0,11.0,10.0,5.0,12.0,0.0,0.0,3.0,0.0,0.0,74.0,1.0,57.0,21.0,0.0,48.0,104.0,0.0,16.0,0.0,49.0,151.0,12.0,27.0,0.0,0.0,109.0,75.0,43.0,112.0,149.0,0.0,12.0,25.0,11.0,149.0,25.0,129.0,19.0,15.0,10.0,24.0,216.0,46.0,241.0,6.0,7.0,0.0,0.0,0.0,0.0,0.0,0.0,0.0,0.0,0.0,2.0,0.0,244.0,715.0,61.0,0.0,0.0,0.0,0.0,,,,,,,,,,,,,,,
24,10.0,9.0,0.0,8.0,24.0,25.0,10.0,14.0,4.0,5.0,0.0,22.0,9.0,14.0,0.0,0.0,9.0,40.0,0.0,0.0,0.0,44.0,273.0,50.0,0.0,0.0,113.0,0.0,1.0,39.0,10.0,52.0,159.0,0.0,0.0,2.0,0.0,0.0,0.0,0.0,,,,,,,,,,,,,,,,,,,,,,,,,,,,,,,,,,,,,,,,,,,,,,,,,,,,,,,,,,,
25,17.0,28.0,19.0,0.0,64.0,64.0,48.0,11.0,1.0,9.0,129.0,1.0,9.0,0.0,0.0,21.0,27.0,0.0,114.0,38.0,0.0,10.0,110.0,9.0,0.0,163.0,86.0,0.0,76.0,0.0,464.0,1.0,0.0,363.0,2.0,0.0,14.0,0.0,,,,,,,,,,,,,,,,,,,,,,,,,,,,,,,,,,,,,,,,,,,,,,,,,,,,,,,,,,,,,
26,7.0,0.0,32.0,10.0,10.0,25.0,40.0,1.0,8.0,0.0,7.0,28.0,21.0,9.0,6.0,0.0,0.0,28.0,32.0,0.0,72.0,52.0,53.0,23.0,0.0,7.0,35.0,24.0,12.0,17.0,64.0,14.0,11.0,22.0,4.0,0.0,10.0,108.0,65.0,0.0,0.0,180.0,10.0,254.0,11.0,22.0,0.0,0.0,0.0,0.0,4.0,0.0,13.0,88.0,54.0,0.0,0.0,6.0,5.0,0.0,29.0,8.0,0.0,2.0,114.0,76.0,38.0,0.0,0.0,0.0,0.0,25.0,22.0,0.0,0.0,278.0,105.0,99.0,45.0,0.0,250.0,56.0,120.0,50.0,0.0,0.0,0.0,0.0,0.0,0.0,0.0,0.0,10.0,0.0,770.0,,,,
27,26.0,0.0,70.0,16.0,5.0,13.0,15.0,38.0,0.0,6.0,48.0,6.0,4.0,0.0,56.0,67.0,0.0,6.0,24.0,20.0,10.0,28.0,19.0,8.0,0.0,0.0,7.0,0.0,53.0,51.0,122.0,0.0,71.0,152.0,0.0,100.0,35.0,11.0,23.0,22.0,0.0,63.0,26.0,2.0,1.0,6.0,24.0,40.0,34.0,29.0,5.0,0.0,4.0,313.0,10.0,11.0,0.0,0.0,0.0,,,,,,,,,,,,,,,,,,,,,,,,,,,,,,,,,,,,,,,,
28,31.0,12.0,0.0,0.0,24.0,18.0,10.0,16.0,46.0,92.0,85.0,151.0,133.0,31.0,37.0,26.0,82.0,10.0,0.0,71.0,0.0,79.0,209.0,511.0,99.0,,,,,,,,,,,,,,,,,,,,,,,,,,,,,,,,,,,,,,,,,,,,,,,,,,,,,,,,,,,,,,,,,,,,,,,,,,
29,3.0,0.0,21.0,32.0,32.0,14.0,28.0,46.0,0.0,51.0,0.0,36.0,17.0,0.0,0.0,305.0,5.0,76.0,0.0,186.0,14.0,0.0,22.0,22.0,20.0,16.0,0.0,37.0,16.0,150.0,27.0,170.0,0.0,20.0,0.0,65.0,50.0,0.0,0.0,26.0,8.0,5.0,96.0,8.0,37.0,61.0,145.0,226.0,15.0,0.0,118.0,8.0,0.0,16.0,10.0,0.0,392.0,191.0,13.0,6.0,9.0,7.0,14.0,0.0,0.0,0.0,0.0,0.0,0.0,0.0,0.0,0.0,0.0,0.0,0.0,0.0,0.0,0.0,40.0,44.0,0.0,0.0,77.0,0.0,0.0,0.0,,,,,,,,,,,,,
30,33.0,0.0,25.0,0.0,10.0,0.0,1.0,19.0,8.0,8.0,29.0,24.0,4.0,0.0,127.0,30.0,27.0,104.0,0.0,5.0,43.0,0.0,0.0,0.0,,,,,,,,,,,,,,,,,,,,,,,,,,,,,,,,,,,,,,,,,,,,,,,,,,,,,,,,,,,,,,,,,,,,,,,,,,,
31,28.0,11.0,13.0,12.0,23.0,6.0,18.0,8.0,0.0,53.0,42.0,0.0,12.0,74.0,0.0,69.0,0.0,51.0,13.0,0.0,16.0,0.0,0.0,33.0,143.0,234.0,53.0,10.0,31.0,36.0,0.0,0.0,135.0,263.0,0.0,0.0,0.0,0.0,0.0,0.0,0.0,0.0,0.0,0.0,,,,,,,,,,,,,,,,,,,,,,,,,,,,,,,,,,,,,,,,,,,,,,,,,,,,,,,
32,25.0,30.0,4.0,24.0,12.0,15.0,16.0,6.0,10.0,6.0,3.0,4.0,51.0,11.0,0.0,101.0,50.0,35.0,6.0,10.0,24.0,0.0,18.0,20.0,18.0,0.0,206.0,293.0,0.0,43.0,27.0,224.0,23.0,0.0,8.0,25.0,0.0,16.0,0.0,0.0,0.0,0.0,0.0,88.0,0.0,0.0,0.0,98.0,0.0,0.0,179.0,517.0,29.0,0.0,0.0,0.0,0.0,0.0,0.0,,,,,,,,,,,,,,,,,,,,,,,,,,,,,,,,,,,,,,,,
33,37.0,16.0,9.0,24.0,15.0,22.0,53.0,36.0,23.0,17.0,5.0,4.0,34.0,140.0,12.0,69.0,22.0,2.0,0.0,6.0,95.0,36.0,0.0,96.0,156.0,0.0,115.0,0.0,0.0,21.0,29.0,72.0,30.0,0.0,21.0,296.0,149.0,0.0,,,,,,,,,,,,,,,,,,,,,,,,,,,,,,,,,,,,,,,,,,,,,,,,,,,,,,,,,,,,,
34,4.0,29.0,25.0,14.0,3.0,10.0,5.0,0.0,12.0,8.0,17.0,16.0,10.0,9.0,13.0,0.0,4.0,5.0,0.0,67.0,95.0,76.0,8.0,19.0,4.0,20.0,26.0,5.0,3.0,20.0,10.0,3.0,10.0,5.0,147.0,0.0,18.0,18.0,48.0,0.0,295.0,6.0,0.0,0.0,61.0,3.0,0.0,0.0,0.0,0.0,0.0,0.0,0.0,0.0,0.0,0.0,0.0,0.0,0.0,0.0,,,,,,,,,,,,,,,,,,,,,,,,,,,,,,,,,,,,,,,
35,31.0,15.0,0.0,14.0,22.0,13.0,20.0,0.0,24.0,38.0,4.0,49.0,11.0,24.0,56.0,5.0,11.0,0.0,12.0,0.0,41.0,22.0,6.0,93.0,98.0,0.0,0.0,0.0,0.0,580.0,23.0,0.0,0.0,0.0,1.0,0.0,22.0,0.0,72.0,0.0,84.0,194.0,0.0,0.0,188.0,43.0,0.0,0.0,,,,,,,,,,,,,,,,,,,,,,,,,,,,,,,,,,,,,,,,,,,,,,,,,,,
36,0.0,17.0,0.0,32.0,15.0,16.0,16.0,14.0,0.0,12.0,48.0,14.0,36.0,17.0,7.0,0.0,64.0,30.0,0.0,5.0,28.0,0.0,0.0,0.0,0.0,0.0,10.0,245.0,0.0,15.0,0.0,0.0,17.0,0.0,20.0,,,,,,,,,,,,,,,,,,,,,,,,,,,,,,,,,,,,,,,,,,,,,,,,,,,,,,,,,,,,,,,,
37,15.0,0.0,16.0,0.0,18.0,40.0,3.0,10.0,0.0,7.0,11.0,31.0,11.0,23.0,0.0,30.0,38.0,8.0,0.0,3.0,46.0,1.0,42.0,11.0,0.0,0.0,20.0,13.0,0.0,17.0,19.0,0.0,0.0,0.0,178.0,40.0,16.0,27.0,0.0,59.0,0.0,11.0,0.0,5.0,125.0,0.0,0.0,0.0,22.0,7.0,0.0,0.0,0.0,0.0,0.0,0.0,,,,,,,,,,,,,,,,,,,,,,,,,,,,,,,,,,,,,,,,,,,
38,8.0,15.0,6.0,2.0,19.0,18.0,117.0,17.0,29.0,68.0,10.0,0.0,14.0,60.0,9.0,1.0,34.0,0.0,33.0,25.0,0.0,190.0,17.0,58.0,35.0,199.0,12.0,61.0,67.0,0.0,,,,,,,,,,,,,,,,,,,,,,,,,,,,,,,,,,,,,,,,,,,,,,,,,,,,,,,,,,,,,,,,,,,,,
39,5.0,20.0,0.0,0.0,0.0,33.0,19.0,12.0,60.0,0.0,0.0,0.0,33.0,15.0,26.0,0.0,0.0,0.0,46.0,19.0,34.0,62.0,0.0,14.0,15.0,0.0,0.0,73.0,0.0,30.0,,,,,,,,,,,,,,,,,,,,,,,,,,,,,,,,,,,,,,,,,,,,,,,,,,,,,,,,,,,,,,,,,,,,,
40,13.0,0.0,34.0,0.0,0.0,19.0,10.0,22.0,4.0,8.0,45.0,0.0,9.0,2.0,1.0,1.0,49.0,0.0,72.0,52.0,20.0,23.0,6.0,13.0,0.0,27.0,0.0,3.0,86.0,0.0,63.0,122.0,18.0,127.0,3.0,27.0,20.0,10.0,0.0,0.0,249.0,83.0,122.0,40.0,0.0,6.0,8.0,0.0,0.0,0.0,0.0,1.0,7.0,7.0,,,,,,,,,,,,,,,,,,,,,,,,,,,,,,,,,,,,,,,,,,,,,
41,36.0,0.0,23.0,47.0,0.0,1.0,3.0,13.0,17.0,91.0,0.0,0.0,79.0,0.0,26.0,12.0,16.0,0.0,9.0,0.0,103.0,96.0,0.0,0.0,38.0,27.0,79.0,0.0,15.0,107.0,0.0,60.0,5.0,331.0,47.0,166.0,33.0,0.0,0.0,50.0,454.0,47.0,0.0,4.0,6.0,0.0,0.0,0.0,0.0,0.0,0.0,,,,,,,,,,,,,,,,,,,,,,,,,,,,,,,,,,,,,,,,,,,,,,,,
42,32.0,0.0,13.0,1.0,16.0,12.0,4.0,26.0,33.0,24.0,10.0,7.0,18.0,4.0,5.0,7.0,11.0,37.0,46.0,54.0,66.0,0.0,0.0,0.0,99.0,31.0,0.0,0.0,29.0,20.0,0.0,31.0,54.0,0.0,6.0,0.0,0.0,74.0,55.0,0.0,0.0,0.0,31.0,196.0,0.0,24.0,10.0,18.0,3.0,3.0,1.0,17.0,5.0,14.0,0.0,0.0,5.0,33.0,0.0,17.0,7.0,0.0,175.0,95.0,28.0,3.0,11.0,32.0,0.0,0.0,0.0,13.0,0.0,7.0,9.0,0.0,3.0,0.0,0.0,0.0,1.0,0.0,0.0,5.0,0.0,0.0,199.0,0.0,5.0,0.0,2.0,0.0,248.0,,,,,,
43,22.0,6.0,10.0,3.0,24.0,14.0,30.0,2.0,27.0,43.0,27.0,12.0,15.0,20.0,36.0,39.0,0.0,25.0,10.0,10.0,32.0,,,,,,,,,,,,,,,,,,,,,,,,,,,,,,,,,,,,,,,,,,,,,,,,,,,,,,,,,,,,,,,,,,,,,,,,,,,,,,
44,17.0,21.0,12.0,1.0,28.0,7.0,9.0,0.0,0.0,4.0,4.0,13.0,27.0,15.0,86.0,0.0,5.0,0.0,23.0,30.0,17.0,15.0,3.0,0.0,25.0,7.0,13.0,0.0,36.0,0.0,0.0,30.0,28.0,214.0,0.0,0.0,0.0,52.0,82.0,54.0,52.0,18.0,30.0,0.0,50.0,48.0,1.0,8.0,0.0,28.0,0.0,0.0,31.0,14.0,0.0,14.0,4.0,10.0,0.0,628.0,116.0,29.0,0.0,,,,,,,,,,,,,,,,,,,,,,,,,,,,,,,,,,,,
45,10.0,7.0,0.0,20.0,67.0,147.0,81.0,0.0,40.0,29.0,10.0,88.0,242.0,28.0,240.0,0.0,0.0,8.0,12.0,86.0,112.0,18.0,0.0,4.0,0.0,0.0,0.0,25.0,0.0,0.0,0.0,0.0,0.0,0.0,0.0,0.0,0.0,0.0,0.0,0.0,0.0,0.0,0.0,0.0,0.0,0.0,0.0,0.0,,,,,,,,,,,,,,,,,,,,,,,,,,,,,,,,,,,,,,,,,,,,,,,,,,,
46,0.0,0.0,16.0,16.0,21.0,46.0,8.0,27.0,8.0,0.0,34.0,78.0,25.0,96.0,14.0,225.0,58.0,6.0,30.0,54.0,0.0,0.0,0.0,0.0,,,,,,,,,,,,,,,,,,,,,,,,,,,,,,,,,,,,,,,,,,,,,,,,,,,,,,,,,,,,,,,,,,,,,,,,,,,
47,21.0,13.0,25.0,0.0,29.0,0.0,6.0,8.0,15.0,14.0,97.0,10.0,9.0,12.0,15.0,16.0,0.0,27.0,21.0,6.0,0.0,17.0,49.0,79.0,32.0,87.0,40.0,0.0,28.0,0.0,20.0,0.0,4.0,11.0,5.0,0.0,115.0,14.0,0.0,0.0,86.0,0.0,0.0,,,,,,,,,,,,,,,,,,,,,,,,,,,,,,,,,,,,,,,,,,,,,,,,,,,,,,,,
48,50.0,13.0,0.0,10.0,18.0,0.0,32.0,48.0,21.0,56.0,21.0,49.0,22.0,0.0,55.0,11.0,19.0,21.0,46.0,18.0,0.0,37.0,72.0,0.0,0.0,349.0,2.0,4.0,31.0,23.0,0.0,82.0,18.0,0.0,10.0,75.0,59.0,149.0,0.0,23.0,0.0,0.0,4.0,0.0,0.0,0.0,0.0,0.0,0.0,0.0,0.0,,,,,,,,,,,,,,,,,,,,,,,,,,,,,,,,,,,,,,,,,,,,,,,,
49,11.0,2.0,11.0,6.0,9.0,26.0,8.0,25.0,0.0,9.0,0.0,49.0,,,,,,,,,,,,,,,,,,,,,,,,,,,,,,,,,,,,,,,,,,,,,,,,,,,,,,,,,,,,,,,,,,,,,,,,,,,,,,,,,,,,,,,
50,11.0,7.0,0.0,25.0,3.0,6.0,0.0,0.0,0.0,220.0,66.0,74.0,1.0,60.0,39.0,64.0,21.0,8.0,0.0,11.0,0.0,0.0,0.0,0.0,25.0,0.0,0.0,0.0,0.0,193.0,0.0,87.0,0.0,0.0,101.0,0.0,93.0,,,,,,,,,,,,,,,,,,,,,,,,,,,,,,,,,,,,,,,,,,,,,,,,,,,,,,,,,,,,,,
51,7.0,7.0,15.0,45.0,6.0,13.0,39.0,2.0,13.0,10.0,13.0,51.0,6.0,14.0,19.0,7.0,97.0,39.0,26.0,1.0,100.0,34.0,7.0,0.0,9.0,20.0,15.0,15.0,23.0,11.0,0.0,11.0,23.0,15.0,0.0,9.0,10.0,7.0,13.0,0.0,32.0,216.0,56.0,150.0,319.0,0.0,0.0,0.0,0.0,0.0,0.0,0.0,0.0,,,,,,,,,,,,,,,,,,,,,,,,,,,,,,,,,,,,,,,,,,,,,,
52,32.0,10.0,0.0,3.0,0.0,0.0,9.0,0.0,0.0,4.0,6.0,15.0,0.0,36.0,4.0,25.0,15.0,0.0,2.0,15.0,14.0,5.0,0.0,5.0,18.0,0.0,0.0,18.0,10.0,0.0,,,,,,,,,,,,,,,,,,,,,,,,,,,,,,,,,,,,,,,,,,,,,,,,,,,,,,,,,,,,,,,,,,,,,
53,0.0,9.0,30.0,18.0,0.0,24.0,32.0,7.0,56.0,21.0,24.0,87.0,0.0,52.0,58.0,56.0,81.0,102.0,222.0,17.0,9.0,13.0,16.0,0.0,11.0,11.0,0.0,26.0,59.0,38.0,43.0,53.0,0.0,112.0,246.0,175.0,22.0,0.0,5.0,26.0,0.0,0.0,0.0,2.0,3.0,0.0,14.0,0.0,0.0,0.0,0.0,0.0,,,,,,,,,,,,,,,,,,,,,,,,,,,,,,,,,,,,,,,,,,,,,,,
54,14.0,8.0,40.0,29.0,21.0,48.0,16.0,0.0,1.0,14.0,7.0,29.0,16.0,11.0,22.0,0.0,17.0,4.0,28.0,0.0,2.0,0.0,0.0,14.0,5.0,0.0,0.0,22.0,117.0,42.0,0.0,0.0,0.0,0.0,0.0,802.0,0.0,0.0,0.0,0.0,0.0,85.0,0.0,0.0,0.0,0.0,0.0,0.0,,,,,,,,,,,,,,,,,,,,,,,,,,,,,,,,,,,,,,,,,,,,,,,,,,,
55,26.0,34.0,17.0,22.0,37.0,0.0,25.0,0.0,23.0,24.0,22.0,18.0,93.0,13.0,35.0,59.0,7.0,114.0,32.0,76.0,46.0,43.0,8.0,0.0,67.0,,,,,,,,,,,,,,,,,,,,,,,,,,,,,,,,,,,,,,,,,,,,,,,,,,,,,,,,,,,,,,,,,,,,,,,,,,
56,2.0,12.0,0.0,14.0,15.0,0.0,53.0,32.0,43.0,44.0,43.0,29.0,83.0,0.0,0.0,0.0,0.0,113.0,120.0,26.0,252.0,41.0,,,,,,,,,,,,,,,,,,,,,,,,,,,,,,,,,,,,,,,,,,,,,,,,,,,,,,,,,,,,,,,,,,,,,,,,,,,,,
57,21.0,13.0,22.0,9.0,1.0,14.0,24.0,0.0,19.0,9.0,8.0,20.0,12.0,12.0,72.0,0.0,32.0,88.0,0.0,0.0,0.0,4.0,7.0,14.0,6.0,293.0,,,,,,,,,,,,,,,,,,,,,,,,,,,,,,,,,,,,,,,,,,,,,,,,,,,,,,,,,,,,,,,,,,,,,,,,,
58,6.0,11.0,17.0,22.0,5.0,18.0,21.0,26.0,10.0,17.0,6.0,24.0,11.0,22.0,46.0,3.0,27.0,20.0,11.0,26.0,17.0,47.0,4.0,41.0,64.0,26.0,94.0,31.0,19.0,0.0,6.0,0.0,0.0,0.0,328.0,0.0,0.0,18.0,20.0,136.0,0.0,86.0,0.0,15.0,0.0,153.0,0.0,0.0,,,,,,,,,,,,,,,,,,,,,,,,,,,,,,,,,,,,,,,,,,,,,,,,,,,
59,21.0,23.0,21.0,2.0,33.0,33.0,8.0,0.0,18.0,27.0,4.0,19.0,9.0,2.0,15.0,20.0,197.0,0.0,2.0,0.0,2.0,0.0,76.0,0.0,0.0,0.0,0.0,253.0,0.0,9.0,0.0,,,,,,,,,,,,,,,,,,,,,,,,,,,,,,,,,,,,,,,,,,,,,,,,,,,,,,,,,,,,,,,,,,,,
60,0.0,16.0,6.0,0.0,44.0,13.0,19.0,0.0,0.0,0.0,0.0,0.0,39.0,9.0,43.0,0.0,23.0,64.0,0.0,90.0,6.0,46.0,16.0,111.0,22.0,13.0,1.0,20.0,0.0,0.0,106.0,0.0,0.0,262.0,280.0,0.0,17.0,0.0,0.0,0.0,0.0,0.0,0.0,0.0,0.0,0.0,0.0,0.0,0.0,0.0,0.0,0.0,0.0,0.0,395.0,0.0,0.0,10.0,0.0,0.0,0.0,0.0,0.0,0.0,0.0,0.0,0.0,0.0,0.0,0.0,0.0,,,,,,,,,,,,,,,,,,,,,,,,,,,,
61,9.0,6.0,18.0,25.0,10.0,22.0,7.0,37.0,25.0,8.0,13.0,23.0,22.0,15.0,8.0,47.0,5.0,0.0,11.0,10.0,39.0,7.0,5.0,14.0,0.0,0.0,0.0,61.0,0.0,0.0,2.0,,,,,,,,,,,,,,,,,,,,,,,,,,,,,,,,,,,,,,,,,,,,,,,,,,,,,,,,,,,,,,,,,,,,
62,10.0,11.0,0.0,15.0,25.0,66.0,31.0,0.0,25.0,22.0,0.0,30.0,99.0,39.0,39.0,95.0,94.0,3.0,0.0,7.0,74.0,27.0,30.0,51.0,133.0,45.0,38.0,19.0,22.0,97.0,37.0,77.0,74.0,5.0,6.0,535.0,0.0,30.0,113.0,61.0,22.0,177.0,47.0,59.0,84.0,33.0,0.0,17.0,20.0,14.0,8.0,16.0,27.0,22.0,24.0,0.0,42.0,36.0,,,,,,,,,,,,,,,,,,,,,,,,,,,,,,,,,,,,,,,,,
63,0.0,18.0,21.0,0.0,13.0,5.0,38.0,39.0,8.0,6.0,1.0,33.0,8.0,20.0,6.0,24.0,17.0,6.0,0.0,63.0,59.0,16.0,22.0,0.0,39.0,6.0,40.0,59.0,0.0,43.0,0.0,0.0,48.0,92.0,1.0,12.0,0.0,21.0,231.0,19.0,0.0,35.0,0.0,21.0,0.0,0.0,0.0,0.0,53.0,0.0,1.0,,,,,,,,,,,,,,,,,,,,,,,,,,,,,,,,,,,,,,,,,,,,,,,,
64,4.0,22.0,3.0,1.0,26.0,30.0,5.0,1.0,26.0,6.0,56.0,0.0,18.0,18.0,44.0,,,,,,,,,,,,,,,,,,,,,,,,,,,,,,,,,,,,,,,,,,,,,,,,,,,,,,,,,,,,,,,,,,,,,,,,,,,,,,,,,,,,
65,11.0,0.0,13.0,15.0,0.0,16.0,6.0,32.0,8.0,138.0,49.0,6.0,0.0,68.0,32.0,5.0,0.0,15.0,13.0,47.0,18.0,7.0,0.0,8.0,0.0,0.0,43.0,0.0,34.0,7.0,0.0,22.0,14.0,8.0,5.0,18.0,55.0,0.0,150.0,70.0,48.0,8.0,56.0,11.0,0.0,18.0,0.0,22.0,0.0,16.0,0.0,1.0,0.0,0.0,32.0,0.0,5.0,0.0,3.0,0.0,0.0,3.0,3.0,0.0,6.0,0.0,16.0,10.0,11.0,60.0,391.0,36.0,47.0,4.0,18.0,0.0,21.0,108.0,0.0,0.0,,,,,,,,,,,,,,,,,,,
66,8.0,14.0,15.0,11.0,16.0,1.0,29.0,0.0,0.0,13.0,52.0,22.0,0.0,5.0,0.0,75.0,0.0,21.0,71.0,28.0,0.0,0.0,0.0,70.0,0.0,40.0,0.0,0.0,0.0,,,,,,,,,,,,,,,,,,,,,,,,,,,,,,,,,,,,,,,,,,,,,,,,,,,,,,,,,,,,,,,,,,,,,,
67,19.0,44.0,10.0,6.0,22.0,5.0,11.0,11.0,0.0,29.0,11.0,0.0,10.0,11.0,0.0,31.0,0.0,0.0,4.0,7.0,27.0,0.0,77.0,13.0,0.0,0.0,0.0,19.0,54.0,9.0,83.0,166.0,386.0,,,,,,,,,,,,,,,,,,,,,,,,,,,,,,,,,,,,,,,,,,,,,,,,,,,,,,,,,,,,,,,,,,
68,19.0,11.0,20.0,19.0,19.0,2.0,9.0,52.0,5.0,7.0,9.0,18.0,10.0,46.0,17.0,65.0,0.0,34.0,12.0,0.0,0.0,0.0,0.0,0.0,0.0,8.0,6.0,4.0,4.0,0.0,16.0,3.0,43.0,0.0,0.0,39.0,16.0,6.0,0.0,14.0,6.0,6.0,5.0,42.0,,,,,,,,,,,,,,,,,,,,,,,,,,,,,,,,,,,,,,,,,,,,,,,,,,,,,,,
69,0.0,19.0,32.0,1.0,0.0,9.0,10.0,18.0,0.0,1.0,24.0,0.0,39.0,54.0,6.0,5.0,7.0,27.0,6.0,124.0,0.0,48.0,28.0,0.0,1.0,3.0,0.0,0.0,0.0,0.0,0.0,,,,,,,,,,,,,,,,,,,,,,,,,,,,,,,,,,,,,,,,,,,,,,,,,,,,,,,,,,,,,,,,,,,,
70,7.0,10.0,3.0,9.0,6.0,18.0,14.0,11.0,67.0,17.0,16.0,0.0,20.0,0.0,66.0,10.0,10.0,16.0,21.0,0.0,45.0,37.0,0.0,3.0,1.0,32.0,8.0,19.0,24.0,0.0,11.0,44.0,34.0,5.0,0.0,0.0,0.0,2.0,8.0,5.0,7.0,20.0,17.0,0.0,32.0,0.0,0.0,0.0,0.0,0.0,0.0,0.0,0.0,0.0,0.0,0.0,0.0,0.0,0.0,0.0,9.0,0.0,1.0,2.0,,,,,,,,,,,,,,,,,,,,,,,,,,,,,,,,,,,
71,16.0,46.0,6.0,32.0,10.0,1.0,28.0,12.0,8.0,11.0,14.0,12.0,2.0,8.0,31.0,95.0,43.0,33.0,15.0,92.0,0.0,39.0,30.0,0.0,10.0,20.0,2.0,58.0,0.0,26.0,44.0,92.0,187.0,26.0,148.0,74.0,79.0,0.0,65.0,49.0,104.0,105.0,20.0,47.0,26.0,29.0,190.0,110.0,16.0,15.0,0.0,99.0,19.0,0.0,5.0,113.0,29.0,0.0,413.0,24.0,0.0,0.0,0.0,,,,,,,,,,,,,,,,,,,,,,,,,,,,,,,,,,,,
72,22.0,0.0,0.0,18.0,21.0,5.0,0.0,31.0,26.0,16.0,63.0,18.0,137.0,6.0,105.0,0.0,206.0,162.0,99.0,97.0,20.0,61.0,33.0,0.0,0.0,74.0,362.0,75.0,119.0,35.0,34.0,25.0,0.0,36.0,0.0,13.0,2.0,0.0,5.0,14.0,,,,,,,,,,,,,,,,,,,,,,,,,,,,,,,,,,,,,,,,,,,,,,,,,,,,,,,,,,,
73,21.0,26.0,36.0,18.0,10.0,32.0,24.0,12.0,39.0,6.0,11.0,42.0,10.0,27.0,17.0,52.0,50.0,17.0,116.0,82.0,77.0,0.0,31.0,,,,,,,,,,,,,,,,,,,,,,,,,,,,,,,,,,,,,,,,,,,,,,,,,,,,,,,,,,,,,,,,,,,,,,,,,,,,
74,12.0,0.0,13.0,27.0,12.0,4.0,9.0,12.0,11.0,18.0,20.0,16.0,21.0,6.0,38.0,9.0,0.0,15.0,0.0,51.0,50.0,9.0,3.0,8.0,38.0,149.0,0.0,20.0,41.0,0.0,0.0,0.0,0.0,18.0,0.0,112.0,72.0,166.0,15.0,100.0,48.0,2.0,89.0,21.0,0.0,0.0,1.0,0.0,,,,,,,,,,,,,,,,,,,,,,,,,,,,,,,,,,,,,,,,,,,,,,,,,,,
75,18.0,13.0,17.0,21.0,1.0,0.0,18.0,0.0,0.0,40.0,54.0,36.0,337.0,230.0,282.0,260.0,6.0,18.0,37.0,66.0,50.0,20.0,,,,,,,,,,,,,,,,,,,,,,,,,,,,,,,,,,,,,,,,,,,,,,,,,,,,,,,,,,,,,,,,,,,,,,,,,,,,,
76,6.0,14.0,19.0,8.0,51.0,4.0,0.0,3.0,0.0,11.0,26.0,19.0,3.0,2.0,1.0,28.0,0.0,30.0,24.0,0.0,4.0,37.0,10.0,7.0,3.0,2.0,4.0,0.0,2.0,3.0,0.0,5.0,0.0,0.0,3.0,0.0,0.0,0.0,0.0,0.0,0.0,0.0,0.0,0.0,0.0,0.0,0.0,0.0,0.0,0.0,2.0,9.0,0.0,0.0,0.0,0.0,,,,,,,,,,,,,,,,,,,,,,,,,,,,,,,,,,,,,,,,,,,
77,16.0,18.0,4.0,0.0,9.0,6.0,12.0,10.0,16.0,13.0,14.0,0.0,13.0,42.0,16.0,1.0,0.0,10.0,22.0,4.0,0.0,3.0,11.0,33.0,56.0,1.0,0.0,0.0,0.0,0.0,0.0,0.0,0.0,12.0,77.0,,,,,,,,,,,,,,,,,,,,,,,,,,,,,,,,,,,,,,,,,,,,,,,,,,,,,,,,,,,,,,,,
78,15.0,29.0,9.0,31.0,54.0,3.0,5.0,8.0,0.0,0.0,11.0,28.0,9.0,7.0,23.0,29.0,29.0,38.0,20.0,24.0,21.0,0.0,0.0,36.0,53.0,24.0,5.0,0.0,15.0,12.0,1.0,16.0,0.0,0.0,0.0,0.0,0.0,246.0,64.0,164.0,21.0,0.0,11.0,0.0,444.0,137.0,0.0,351.0,10.0,0.0,4.0,0.0,3.0,2.0,0.0,0.0,0.0,0.0,0.0,9.0,0.0,0.0,4.0,0.0,0.0,,,,,,,,,,,,,,,,,,,,,,,,,,,,,,,,,,
79,19.0,0.0,0.0,0.0,0.0,19.0,42.0,36.0,60.0,32.0,72.0,6.0,35.0,17.0,22.0,13.0,23.0,,,,,,,,,,,,,,,,,,,,,,,,,,,,,,,,,,,,,,,,,,,,,,,,,,,,,,,,,,,,,,,,,,,,,,,,,,,,,,,,,,
80,0.0,4.0,13.0,10.0,7.0,27.0,58.0,33.0,50.0,0.0,15.0,70.0,15.0,19.0,55.0,8.0,29.0,19.0,18.0,110.0,21.0,79.0,97.0,4.0,59.0,0.0,5.0,29.0,0.0,0.0,0.0,,,,,,,,,,,,,,,,,,,,,,,,,,,,,,,,,,,,,,,,,,,,,,,,,,,,,,,,,,,,,,,,,,,,
81,0.0,16.0,24.0,41.0,0.0,0.0,34.0,,,,,,,,,,,,,,,,,,,,,,,,,,,,,,,,,,,,,,,,,,,,,,,,,,,,,,,,,,,,,,,,,,,,,,,,,,,,,,,,,,,,,,,,,,,,
82,18.0,6.0,7.0,0.0,33.0,0.0,0.0,15.0,27.0,20.0,3.0,36.0,4.0,41.0,2.0,41.0,,,,,,,,,,,,,,,,,,,,,,,,,,,,,,,,,,,,,,,,,,,,,,,,,,,,,,,,,,,,,,,,,,,,,,,,,,,,,,,,,,,
83,8.0,17.0,7.0,21.0,16.0,16.0,12.0,20.0,11.0,6.0,48.0,,,,,,,,,,,,,,,,,,,,,,,,,,,,,,,,,,,,,,,,,,,,,,,,,,,,,,,,,,,,,,,,,,,,,,,,,,,,,,,,,,,,,,,,
84,22.0,18.0,34.0,8.0,26.0,0.0,35.0,21.0,1.0,0.0,4.0,12.0,1.0,0.0,0.0,3.0,40.0,8.0,20.0,8.0,10.0,32.0,31.0,0.0,0.0,89.0,0.0,21.0,0.0,32.0,0.0,0.0,5.0,0.0,0.0,0.0,,,,,,,,,,,,,,,,,,,,,,,,,,,,,,,,,,,,,,,,,,,,,,,,,,,,,,,,,,,,,,,
85,0.0,24.0,21.0,5.0,33.0,18.0,114.0,11.0,47.0,3.0,14.0,106.0,27.0,55.0,2.0,54.0,16.0,0.0,150.0,3.0,121.0,30.0,3.0,8.0,27.0,12.0,0.0,84.0,30.0,43.0,0.0,23.0,95.0,0.0,4.0,0.0,0.0,,,,,,,,,,,,,,,,,,,,,,,,,,,,,,,,,,,,,,,,,,,,,,,,,,,,,,,,,,,,,,
86,16.0,0.0,5.0,0.0,12.0,12.0,2.0,58.0,12.0,22.0,0.0,1.0,0.0,17.0,57.0,8.0,0.0,38.0,0.0,124.0,2.0,39.0,14.0,0.0,1.0,105.0,138.0,144.0,31.0,4.0,0.0,0.0,0.0,0.0,1.0,0.0,0.0,,,,,,,,,,,,,,,,,,,,,,,,,,,,,,,,,,,,,,,,,,,,,,,,,,,,,,,,,,,,,,
87,0.0,36.0,0.0,19.0,2.0,11.0,24.0,31.0,5.0,0.0,21.0,0.0,0.0,0.0,4.0,13.0,3.0,8.0,21.0,32.0,0.0,0.0,9.0,7.0,9.0,4.0,13.0,0.0,3.0,11.0,18.0,7.0,1.0,0.0,0.0,15.0,0.0,0.0,0.0,23.0,20.0,0.0,0.0,9.0,0.0,0.0,0.0,0.0,0.0,0.0,0.0,0.0,0.0,0.0,0.0,0.0,0.0,0.0,0.0,0.0,0.0,0.0,0.0,0.0,0.0,0.0,0.0,0.0,0.0,0.0,0.0,0.0,0.0,0.0,0.0,0.0,5.0,0.0,0.0,0.0,0.0,0.0,13.0,0.0,0.0,0.0,,,,,,,,,,,,,
88,22.0,29.0,0.0,17.0,22.0,2.0,13.0,0.0,67.0,13.0,0.0,0.0,4.0,49.0,10.0,38.0,1.0,0.0,5.0,101.0,23.0,25.0,0.0,0.0,0.0,4.0,0.0,0.0,0.0,0.0,17.0,0.0,0.0,63.0,0.0,3.0,11.0,97.0,71.0,34.0,7.0,1.0,30.0,0.0,2.0,39.0,0.0,1.0,30.0,45.0,,,,,,,,,,,,,,,,,,,,,,,,,,,,,,,,,,,,,,,,,,,,,,,,,
89,9.0,12.0,26.0,0.0,36.0,0.0,48.0,0.0,0.0,0.0,0.0,0.0,0.0,0.0,31.0,0.0,28.0,0.0,105.0,0.0,300.0,61.0,22.0,134.0,0.0,30.0,1.0,17.0,13.0,54.0,0.0,28.0,15.0,11.0,0.0,1.0,374.0,94.0,13.0,0.0,0.0,0.0,11.0,0.0,5.0,41.0,0.0,25.0,19.0,0.0,0.0,262.0,84.0,374.0,0.0,250.0,15.0,0.0,248.0,63.0,0.0,,,,,,,,,,,,,,,,,,,,,,,,,,,,,,,,,,,,,,
90,5.0,4.0,33.0,11.0,13.0,11.0,13.0,7.0,18.0,29.0,10.0,19.0,0.0,38.0,7.0,53.0,15.0,0.0,0.0,0.0,19.0,49.0,0.0,65.0,9.0,5.0,0.0,9.0,12.0,153.0,603.0,0.0,0.0,0.0,,,,,,,,,,,,,,,,,,,,,,,,,,,,,,,,,,,,,,,,,,,,,,,,,,,,,,,,,,,,,,,,,
91,26.0,17.0,14.0,0.0,9.0,30.0,13.0,0.0,5.0,6.0,160.0,112.0,23.0,81.0,61.0,61.0,0.0,36.0,31.0,78.0,23.0,189.0,27.0,130.0,,,,,,,,,,,,,,,,,,,,,,,,,,,,,,,,,,,,,,,,,,,,,,,,,,,,,,,,,,,,,,,,,,,,,,,,,,,
92,24.0,3.0,8.0,0.0,1.0,10.0,21.0,0.0,11.0,5.0,0.0,22.0,0.0,31.0,0.0,15.0,3.0,30.0,0.0,45.0,3.0,4.0,18.0,67.0,54.0,42.0,41.0,2.0,41.0,0.0,210.0,40.0,67.0,0.0,43.0,48.0,3.0,0.0,0.0,1.0,98.0,0.0,0.0,0.0,0.0,0.0,0.0,0.0,0.0,328.0,70.0,0.0,45.0,18.0,36.0,447.0,317.0,0.0,33.0,38.0,42.0,49.0,,,,,,,,,,,,,,,,,,,,,,,,,,,,,,,,,,,,,
93,14.0,2.0,8.0,25.0,8.0,26.0,2.0,3.0,43.0,44.0,14.0,0.0,42.0,15.0,7.0,39.0,52.0,24.0,0.0,43.0,31.0,5.0,6.0,33.0,5.0,0.0,0.0,199.0,3.0,14.0,5.0,24.0,25.0,0.0,27.0,21.0,0.0,26.0,,,,,,,,,,,,,,,,,,,,,,,,,,,,,,,,,,,,,,,,,,,,,,,,,,,,,,,,,,,,,
94,48.0,12.0,23.0,2.0,10.0,32.0,7.0,50.0,18.0,9.0,15.0,13.0,0.0,0.0,13.0,149.0,71.0,37.0,77.0,68.0,11.0,112.0,0.0,29.0,19.0,58.0,33.0,29.0,15.0,4.0,29.0,45.0,62.0,13.0,7.0,84.0,0.0,0.0,84.0,298.0,25.0,0.0,0.0,0.0,0.0,,,,,,,,,,,,,,,,,,,,,,,,,,,,,,,,,,,,,,,,,,,,,,,,,,,,,,
95,10.0,5.0,0.0,16.0,11.0,15.0,21.0,0.0,10.0,18.0,6.0,21.0,26.0,15.0,107.0,0.0,24.0,12.0,0.0,0.0,0.0,0.0,0.0,3.0,17.0,39.0,42.0,0.0,0.0,0.0,69.0,24.0,28.0,116.0,72.0,0.0,0.0,0.0,,,,,,,,,,,,,,,,,,,,,,,,,,,,,,,,,,,,,,,,,,,,,,,,,,,,,,,,,,,,,
96,11.0,19.0,9.0,9.0,16.0,15.0,15.0,6.0,34.0,13.0,0.0,27.0,4.0,18.0,15.0,16.0,15.0,0.0,0.0,0.0,50.0,25.0,2.0,77.0,300.0,524.0,21.0,0.0,17.0,0.0,0.0,,,,,,,,,,,,,,,,,,,,,,,,,,,,,,,,,,,,,,,,,,,,,,,,,,,,,,,,,,,,,,,,,,,,
97,8.0,6.0,0.0,5.0,0.0,0.0,41.0,0.0,0.0,2.0,38.0,24.0,16.0,12.0,6.0,0.0,10.0,109.0,85.0,15.0,56.0,64.0,0.0,0.0,20.0,0.0,12.0,0.0,90.0,0.0,0.0,,,,,,,,,,,,,,,,,,,,,,,,,,,,,,,,,,,,,,,,,,,,,,,,,,,,,,,,,,,,,,,,,,,,
98,9.0,12.0,0.0,26.0,54.0,24.0,48.0,10.0,0.0,12.0,0.0,0.0,0.0,55.0,6.0,37.0,10.0,133.0,0.0,8.0,10.0,75.0,7.0,63.0,0.0,31.0,0.0,0.0,299.0,16.0,21.0,0.0,0.0,4.0,64.0,0.0,105.0,18.0,0.0,3.0,14.0,117.0,37.0,36.0,0.0,,,,,,,,,,,,,,,,,,,,,,,,,,,,,,,,,,,,,,,,,,,,,,,,,,,,,,
99,6.0,15.0,18.0,7.0,24.0,13.0,14.0,9.0,2.0,2.0,38.0,14.0,15.0,68.0,18.0,78.0,47.0,0.0,0.0,23.0,18.0,37.0,16.0,0.0,29.0,26.0,39.0,9.0,0.0,11.0,46.0,12.0,185.0,0.0,54.0,19.0,6.0,0.0,124.0,0.0,,,,,,,,,,,,,,,,,,,,,,,,,,,,,,,,,,,,,,,,,,,,,,,,,,,,,,,,,,,
100,2.0,0.0,18.0,3.0,22.0,4.0,0.0,22.0,35.0,15.0,0.0,8.0,50.0,16.0,17.0,0.0,99.0,0.0,14.0,12.0,0.0,0.0,145.0,0.0,38.0,0.0,7.0,0.0,0.0,0.0,0.0,,,,,,,,,,,,,,,,,,,,,,,,,,,,,,,,,,,,,,,,,,,,,,,,,,,,,,,,,,,,,,,,,,,,
101,9.0,3.0,22.0,14.0,10.0,12.0,14.0,9.0,41.0,0.0,86.0,0.0,7.0,3.0,0.0,0.0,14.0,3.0,0.0,0.0,0.0,6.0,7.0,0.0,9.0,0.0,0.0,2.0,0.0,14.0,4.0,426.0,9.0,0.0,0.0,0.0,0.0,0.0,0.0,,,,,,,,,,,,,,,,,,,,,,,,,,,,,,,,,,,,,,,,,,,,,,,,,,,,,,,,,,,,
102,41.0,39.0,0.0,7.0,2.0,15.0,1.0,9.0,25.0,3.0,8.0,0.0,43.0,40.0,0.0,40.0,0.0,12.0,30.0,0.0,21.0,1.0,0.0,40.0,0.0,28.0,0.0,0.0,,,,,,,,,,,,,,,,,,,,,,,,,,,,,,,,,,,,,,,,,,,,,,,,,,,,,,,,,,,,,,,,,,,,,,,
103,4.0,32.0,10.0,0.0,67.0,0.0,13.0,33.0,20.0,12.0,27.0,11.0,6.0,0.0,0.0,7.0,0.0,0.0,27.0,49.0,11.0,66.0,0.0,13.0,46.0,0.0,0.0,47.0,0.0,9.0,,,,,,,,,,,,,,,,,,,,,,,,,,,,,,,,,,,,,,,,,,,,,,,,,,,,,,,,,,,,,,,,,,,,,
104,17.0,12.0,0.0,10.0,22.0,57.0,14.0,7.0,51.0,7.0,2.0,39.0,94.0,60.0,140.0,60.0,0.0,0.0,0.0,17.0,21.0,0.0,10.0,33.0,37.0,62.0,78.0,53.0,110.0,22.0,54.0,2.0,102.0,48.0,167.0,135.0,19.0,82.0,326.0,124.0,0.0,0.0,0.0,0.0,0.0,,,,,,,,,,,,,,,,,,,,,,,,,,,,,,,,,,,,,,,,,,,,,,,,,,,,,,
105,19.0,8.0,17.0,3.0,53.0,34.0,25.0,0.0,26.0,7.0,57.0,3.0,236.0,334.0,362.0,129.0,0.0,25.0,66.0,101.0,170.0,0.0,406.0,0.0,42.0,55.0,11.0,160.0,0.0,0.0,0.0,0.0,0.0,0.0,,,,,,,,,,,,,,,,,,,,,,,,,,,,,,,,,,,,,,,,,,,,,,,,,,,,,,,,,,,,,,,,,
106,24.0,18.0,16.0,12.0,28.0,13.0,17.0,5.0,61.0,0.0,23.0,0.0,61.0,12.0,10.0,0.0,0.0,197.0,,,,,,,,,,,,,,,,,,,,,,,,,,,,,,,,,,,,,,,,,,,,,,,,,,,,,,,,,,,,,,,,,,,,,,,,,,,,,,,,,
107,7.0,30.0,51.0,22.0,0.0,0.0,0.0,23.0,21.0,15.0,19.0,24.0,0.0,63.0,1.0,0.0,21.0,42.0,12.0,4.0,0.0,0.0,0.0,6.0,21.0,3.0,146.0,20.0,18.0,,,,,,,,,,,,,,,,,,,,,,,,,,,,,,,,,,,,,,,,,,,,,,,,,,,,,,,,,,,,,,,,,,,,,,
108,17.0,22.0,10.0,27.0,13.0,12.0,11.0,20.0,10.0,0.0,13.0,101.0,12.0,6.0,7.0,0.0,5.0,0.0,32.0,0.0,0.0,0.0,27.0,117.0,7.0,62.0,0.0,0.0,1.0,105.0,0.0,0.0,0.0,0.0,,,,,,,,,,,,,,,,,,,,,,,,,,,,,,,,,,,,,,,,,,,,,,,,,,,,,,,,,,,,,,,,,
109,5.0,80.0,0.0,132.0,57.0,5.0,0.0,22.0,56.0,39.0,7.0,0.0,0.0,74.0,5.0,69.0,0.0,4.0,52.0,141.0,11.0,28.0,148.0,0.0,509.0,45.0,222.0,3.0,21.0,0.0,29.0,134.0,51.0,234.0,13.0,47.0,89.0,20.0,64.0,,,,,,,,,,,,,,,,,,,,,,,,,,,,,,,,,,,,,,,,,,,,,,,,,,,,,,,,,,,,
110,6.0,4.0,22.0,6.0,12.0,0.0,16.0,0.0,0.0,0.0,12.0,15.0,67.0,29.0,2.0,12.0,26.0,0.0,11.0,0.0,6.0,0.0,1.0,23.0,23.0,0.0,14.0,0.0,23.0,0.0,0.0,7.0,0.0,0.0,552.0,0.0,0.0,1.0,119.0,735.0,14.0,170.0,45.0,0.0,0.0,0.0,0.0,0.0,0.0,0.0,0.0,0.0,,,,,,,,,,,,,,,,,,,,,,,,,,,,,,,,,,,,,,,,,,,,,,,
111,11.0,0.0,0.0,16.0,15.0,4.0,30.0,15.0,15.0,12.0,18.0,22.0,11.0,0.0,11.0,103.0,0.0,0.0,33.0,6.0,12.0,0.0,0.0,0.0,0.0,0.0,0.0,,,,,,,,,,,,,,,,,,,,,,,,,,,,,,,,,,,,,,,,,,,,,,,,,,,,,,,,,,,,,,,,,,,,,,,,
112,19.0,0.0,0.0,17.0,12.0,8.0,36.0,8.0,0.0,12.0,0.0,0.0,2.0,66.0,3.0,27.0,21.0,5.0,4.0,5.0,68.0,3.0,89.0,39.0,4.0,55.0,14.0,78.0,70.0,5.0,27.0,17.0,11.0,0.0,0.0,23.0,102.0,0.0,32.0,13.0,14.0,0.0,0.0,8.0,0.0,0.0,0.0,0.0,3.0,0.0,0.0,0.0,0.0,0.0,0.0,0.0,0.0,0.0,0.0,0.0,,,,,,,,,,,,,,,,,,,,,,,,,,,,,,,,,,,,,,,
113,0.0,15.0,2.0,11.0,8.0,8.0,24.0,0.0,0.0,2.0,5.0,35.0,6.0,10.0,20.0,14.0,82.0,9.0,31.0,28.0,4.0,67.0,54.0,3.0,16.0,20.0,15.0,4.0,207.0,18.0,0.0,0.0,4.0,12.0,25.0,57.0,1.0,0.0,0.0,2.0,61.0,85.0,91.0,44.0,8.0,70.0,40.0,17.0,187.0,20.0,35.0,0.0,9.0,0.0,0.0,71.0,10.0,24.0,0.0,0.0,0.0,3.0,2.0,0.0,0.0,,,,,,,,,,,,,,,,,,,,,,,,,,,,,,,,,,
114,9.0,27.0,18.0,0.0,22.0,26.0,2.0,22.0,58.0,21.0,169.0,29.0,0.0,30.0,15.0,25.0,0.0,2.0,0.0,42.0,58.0,81.0,54.0,288.0,78.0,49.0,121.0,22.0,5.0,205.0,20.0,26.0,208.0,303.0,0.0,0.0,,,,,,,,,,,,,,,,,,,,,,,,,,,,,,,,,,,,,,,,,,,,,,,,,,,,,,,,,,,,,,,
115,49.0,9.0,14.0,0.0,21.0,10.0,4.0,7.0,0.0,56.0,39.0,0.0,18.0,55.0,42.0,70.0,0.0,10.0,0.0,32.0,80.0,17.0,53.0,14.0,6.0,4.0,0.0,0.0,30.0,27.0,52.0,28.0,0.0,28.0,22.0,0.0,0.0,11.0,33.0,0.0,372.0,0.0,61.0,164.0,49.0,25.0,46.0,14.0,20.0,0.0,16.0,79.0,23.0,122.0,70.0,0.0,59.0,0.0,,,,,,,,,,,,,,,,,,,,,,,,,,,,,,,,,,,,,,,,,
116,27.0,3.0,6.0,0.0,65.0,59.0,14.0,1.0,0.0,29.0,9.0,0.0,0.0,63.0,0.0,17.0,7.0,98.0,1.0,13.0,88.0,10.0,40.0,103.0,0.0,0.0,18.0,0.0,0.0,,,,,,,,,,,,,,,,,,,,,,,,,,,,,,,,,,,,,,,,,,,,,,,,,,,,,,,,,,,,,,,,,,,,,,
117,6.0,0.0,40.0,13.0,43.0,2.0,36.0,0.0,24.0,0.0,65.0,18.0,30.0,57.0,15.0,1.0,7.0,0.0,0.0,6.0,0.0,0.0,18.0,60.0,140.0,0.0,11.0,14.0,11.0,14.0,17.0,0.0,7.0,0.0,5.0,13.0,9.0,27.0,26.0,0.0,112.0,66.0,27.0,89.0,43.0,48.0,114.0,30.0,235.0,14.0,163.0,22.0,0.0,20.0,15.0,0.0,0.0,0.0,10.0,0.0,0.0,2.0,0.0,18.0,130.0,0.0,2.0,,,,,,,,,,,,,,,,,,,,,,,,,,,,,,,,
118,1.0,15.0,0.0,0.0,15.0,0.0,15.0,5.0,11.0,5.0,62.0,31.0,0.0,69.0,23.0,0.0,7.0,17.0,2.0,38.0,20.0,185.0,0.0,0.0,6.0,0.0,0.0,0.0,0.0,,,,,,,,,,,,,,,,,,,,,,,,,,,,,,,,,,,,,,,,,,,,,,,,,,,,,,,,,,,,,,,,,,,,,,
119,2.0,20.0,5.0,17.0,5.0,15.0,0.0,0.0,24.0,4.0,0.0,,,,,,,,,,,,,,,,,,,,,,,,,,,,,,,,,,,,,,,,,,,,,,,,,,,,,,,,,,,,,,,,,,,,,,,,,,,,,,,,,,,,,,,,
120,0.0,14.0,19.0,11.0,2.0,63.0,0.0,0.0,0.0,0.0,23.0,5.0,7.0,3.0,12.0,21.0,14.0,6.0,39.0,0.0,21.0,34.0,6.0,64.0,83.0,31.0,9.0,21.0,59.0,0.0,25.0,31.0,0.0,10.0,22.0,13.0,5.0,1.0,0.0,0.0,5.0,0.0,15.0,11.0,0.0,0.0,0.0,0.0,0.0,7.0,1.0,12.0,0.0,0.0,5.0,0.0,0.0,0.0,0.0,0.0,0.0,,,,,,,,,,,,,,,,,,,,,,,,,,,,,,,,,,,,,,
121,13.0,10.0,6.0,0.0,6.0,0.0,2.0,0.0,29.0,15.0,0.0,2.0,0.0,56.0,0.0,0.0,28.0,9.0,27.0,5.0,0.0,0.0,88.0,0.0,17.0,2.0,77.0,0.0,0.0,0.0,130.0,9.0,1.0,0.0,0.0,7.0,15.0,19.0,0.0,0.0,0.0,0.0,0.0,0.0,0.0,0.0,0.0,0.0,0.0,0.0,,,,,,,,,,,,,,,,,,,,,,,,,,,,,,,,,,,,,,,,,,,,,,,,,
122,9.0,8.0,25.0,25.0,21.0,0.0,5.0,37.0,0.0,25.0,21.0,2.0,0.0,12.0,0.0,27.0,0.0,1.0,5.0,12.0,0.0,0.0,8.0,14.0,0.0,0.0,69.0,,,,,,,,,,,,,,,,,,,,,,,,,,,,,,,,,,,,,,,,,,,,,,,,,,,,,,,,,,,,,,,,,,,,,,,,
123,19.0,5.0,6.0,3.0,16.0,13.0,0.0,25.0,8.0,5.0,11.0,6.0,27.0,32.0,0.0,39.0,0.0,57.0,151.0,229.0,21.0,6.0,63.0,50.0,0.0,0.0,56.0,88.0,0.0,68.0,19.0,8.0,257.0,27.0,11.0,0.0,0.0,26.0,0.0,0.0,0.0,0.0,0.0,0.0,0.0,0.0,0.0,0.0,0.0,8.0,1.0,0.0,0.0,0.0,0.0,0.0,0.0,,,,,,,,,,,,,,,,,,,,,,,,,,,,,,,,,,,,,,,,,,
124,38.0,18.0,8.0,2.0,12.0,0.0,11.0,18.0,29.0,47.0,0.0,137.0,0.0,0.0,23.0,49.0,0.0,52.0,38.0,9.0,0.0,13.0,22.0,60.0,12.0,18.0,0.0,2.0,0.0,0.0,5.0,20.0,673.0,37.0,37.0,126.0,140.0,0.0,213.0,435.0,,,,,,,,,,,,,,,,,,,,,,,,,,,,,,,,,,,,,,,,,,,,,,,,,,,,,,,,,,,
125,28.0,27.0,39.0,0.0,1.0,0.0,29.0,10.0,16.0,5.0,2.0,19.0,6.0,9.0,16.0,21.0,11.0,0.0,0.0,243.0,0.0,0.0,0.0,,,,,,,,,,,,,,,,,,,,,,,,,,,,,,,,,,,,,,,,,,,,,,,,,,,,,,,,,,,,,,,,,,,,,,,,,,,,
126,0.0,0.0,17.0,7.0,14.0,28.0,0.0,4.0,20.0,23.0,106.0,26.0,5.0,119.0,61.0,17.0,27.0,43.0,0.0,25.0,12.0,0.0,29.0,0.0,0.0,12.0,65.0,25.0,35.0,20.0,0.0,0.0,35.0,45.0,30.0,8.0,,,,,,,,,,,,,,,,,,,,,,,,,,,,,,,,,,,,,,,,,,,,,,,,,,,,,,,,,,,,,,,
127,6.0,9.0,15.0,43.0,40.0,26.0,87.0,0.0,4.0,8.0,28.0,1.0,28.0,43.0,34.0,90.0,0.0,0.0,20.0,31.0,91.0,577.0,0.0,54.0,0.0,80.0,0.0,4.0,21.0,250.0,6.0,139.0,32.0,270.0,0.0,663.0,0.0,417.0,661.0,,,,,,,,,,,,,,,,,,,,,,,,,,,,,,,,,,,,,,,,,,,,,,,,,,,,,,,,,,,,
128,18.0,10.0,7.0,25.0,0.0,6.0,22.0,35.0,56.0,0.0,0.0,38.0,41.0,23.0,0.0,5.0,12.0,0.0,57.0,6.0,0.0,0.0,36.0,3.0,5.0,7.0,9.0,54.0,166.0,45.0,0.0,16.0,0.0,1.0,128.0,0.0,0.0,34.0,64.0,11.0,90.0,26.0,55.0,248.0,42.0,247.0,440.0,0.0,59.0,0.0,18.0,0.0,0.0,0.0,0.0,0.0,0.0,0.0,7.0,0.0,9.0,0.0,0.0,0.0,0.0,0.0,0.0,0.0,0.0,0.0,0.0,0.0,0.0,0.0,0.0,0.0,0.0,0.0,0.0,0.0,0.0,0.0,0.0,0.0,0.0,,,,,,,,,,,,,,
129,34.0,59.0,10.0,5.0,1.0,0.0,46.0,18.0,4.0,11.0,10.0,39.0,23.0,18.0,56.0,0.0,11.0,27.0,39.0,7.0,0.0,0.0,0.0,0.0,2.0,164.0,0.0,0.0,0.0,167.0,0.0,0.0,0.0,,,,,,,,,,,,,,,,,,,,,,,,,,,,,,,,,,,,,,,,,,,,,,,,,,,,,,,,,,,,,,,,,,
130,6.0,18.0,14.0,11.0,0.0,14.0,29.0,7.0,0.0,8.0,45.0,0.0,9.0,0.0,188.0,13.0,15.0,27.0,0.0,25.0,0.0,29.0,19.0,15.0,32.0,47.0,12.0,0.0,15.0,0.0,184.0,0.0,97.0,170.0,0.0,3.0,28.0,0.0,13.0,,,,,,,,,,,,,,,,,,,,,,,,,,,,,,,,,,,,,,,,,,,,,,,,,,,,,,,,,,,,
131,10.0,2.0,6.0,36.0,15.0,0.0,4.0,3.0,42.0,20.0,25.0,0.0,46.0,41.0,16.0,21.0,21.0,4.0,21.0,41.0,0.0,135.0,5.0,104.0,0.0,73.0,60.0,3.0,13.0,0.0,9.0,0.0,0.0,31.0,0.0,,,,,,,,,,,,,,,,,,,,,,,,,,,,,,,,,,,,,,,,,,,,,,,,,,,,,,,,,,,,,,,,
132,13.0,0.0,34.0,16.0,6.0,7.0,77.0,25.0,11.0,26.0,28.0,0.0,3.0,10.0,19.0,17.0,27.0,2.0,17.0,38.0,12.0,7.0,17.0,1.0,7.0,,,,,,,,,,,,,,,,,,,,,,,,,,,,,,,,,,,,,,,,,,,,,,,,,,,,,,,,,,,,,,,,,,,,,,,,,,
133,4.0,22.0,0.0,4.0,8.0,11.0,35.0,15.0,61.0,17.0,3.0,0.0,0.0,24.0,106.0,94.0,36.0,18.0,80.0,20.0,11.0,0.0,0.0,25.0,8.0,140.0,111.0,0.0,0.0,5.0,34.0,412.0,13.0,32.0,21.0,65.0,14.0,0.0,0.0,0.0,0.0,0.0,10.0,54.0,0.0,93.0,0.0,0.0,281.0,0.0,57.0,0.0,0.0,0.0,0.0,14.0,4.0,8.0,0.0,1.0,42.0,0.0,20.0,,,,,,,,,,,,,,,,,,,,,,,,,,,,,,,,,,,,
134,0.0,19.0,18.0,6.0,0.0,17.0,23.0,64.0,70.0,60.0,1.0,50.0,40.0,19.0,29.0,53.0,23.0,1.0,16.0,25.0,0.0,26.0,79.0,0.0,0.0,0.0,33.0,5.0,0.0,76.0,,,,,,,,,,,,,,,,,,,,,,,,,,,,,,,,,,,,,,,,,,,,,,,,,,,,,,,,,,,,,,,,,,,,,
135,10.0,9.0,36.0,14.0,41.0,3.0,0.0,33.0,9.0,4.0,26.0,94.0,20.0,10.0,6.0,16.0,0.0,0.0,21.0,0.0,0.0,34.0,0.0,16.0,13.0,98.0,22.0,26.0,134.0,8.0,66.0,91.0,42.0,6.0,22.0,4.0,405.0,298.0,94.0,22.0,165.0,79.0,8.0,25.0,10.0,16.0,0.0,0.0,0.0,0.0,,,,,,,,,,,,,,,,,,,,,,,,,,,,,,,,,,,,,,,,,,,,,,,,,
136,26.0,11.0,7.0,0.0,13.0,0.0,22.0,15.0,52.0,0.0,8.0,4.0,10.0,1.0,15.0,9.0,20.0,11.0,68.0,24.0,1.0,23.0,8.0,0.0,0.0,40.0,44.0,0.0,71.0,0.0,0.0,109.0,20.0,17.0,0.0,31.0,0.0,0.0,6.0,79.0,0.0,0.0,0.0,281.0,0.0,0.0,0.0,0.0,0.0,0.0,0.0,0.0,0.0,,,,,,,,,,,,,,,,,,,,,,,,,,,,,,,,,,,,,,,,,,,,,,
137,4.0,26.0,27.0,2.0,29.0,92.0,0.0,12.0,10.0,9.0,59.0,3.0,1.0,21.0,7.0,60.0,23.0,0.0,68.0,90.0,32.0,0.0,32.0,0.0,0.0,146.0,0.0,0.0,44.0,134.0,58.0,0.0,148.0,23.0,0.0,0.0,0.0,0.0,,,,,,,,,,,,,,,,,,,,,,,,,,,,,,,,,,,,,,,,,,,,,,,,,,,,,,,,,,,,,
138,16.0,12.0,5.0,0.0,14.0,8.0,52.0,13.0,9.0,5.0,6.0,34.0,45.0,5.0,22.0,9.0,7.0,40.0,5.0,314.0,22.0,0.0,19.0,0.0,10.0,0.0,0.0,0.0,0.0,0.0,29.0,22.0,33.0,13.0,107.0,3.0,0.0,149.0,93.0,24.0,30.0,28.0,117.0,0.0,267.0,0.0,122.0,0.0,345.0,0.0,0.0,268.0,0.0,0.0,0.0,0.0,0.0,19.0,0.0,0.0,0.0,0.0,0.0,,,,,,,,,,,,,,,,,,,,,,,,,,,,,,,,,,,,
139,0.0,20.0,1.0,0.0,20.0,24.0,75.0,17.0,5.0,3.0,46.0,19.0,28.0,12.0,35.0,0.0,141.0,46.0,114.0,57.0,26.0,0.0,19.0,5.0,125.0,0.0,18.0,0.0,0.0,0.0,0.0,0.0,0.0,0.0,36.0,2.0,0.0,0.0,2.0,2.0,30.0,1.0,0.0,,,,,,,,,,,,,,,,,,,,,,,,,,,,,,,,,,,,,,,,,,,,,,,,,,,,,,,,
140,22.0,1.0,3.0,32.0,9.0,27.0,49.0,33.0,35.0,14.0,16.0,42.0,31.0,20.0,106.0,77.0,0.0,0.0,118.0,14.0,0.0,134.0,45.0,98.0,0.0,0.0,0.0,588.0,190.0,0.0,0.0,0.0,117.0,0.0,0.0,7.0,0.0,14.0,0.0,8.0,9.0,0.0,0.0,68.0,0.0,0.0,0.0,0.0,0.0,0.0,,,,,,,,,,,,,,,,,,,,,,,,,,,,,,,,,,,,,,,,,,,,,,,,,
141,12.0,21.0,13.0,0.0,25.0,8.0,0.0,22.0,14.0,27.0,21.0,193.0,24.0,5.0,37.0,30.0,19.0,13.0,21.0,0.0,39.0,0.0,4.0,18.0,6.0,0.0,0.0,82.0,15.0,0.0,36.0,12.0,0.0,99.0,130.0,0.0,685.0,22.0,0.0,0.0,6.0,30.0,0.0,0.0,0.0,0.0,0.0,0.0,0.0,0.0,0.0,0.0,0.0,0.0,0.0,0.0,0.0,0.0,,,,,,,,,,,,,,,,,,,,,,,,,,,,,,,,,,,,,,,,,
142,6.0,8.0,23.0,13.0,0.0,0.0,67.0,5.0,48.0,28.0,39.0,4.0,3.0,2.0,20.0,23.0,32.0,15.0,4.0,0.0,19.0,9.0,166.0,0.0,15.0,18.0,0.0,228.0,0.0,85.0,0.0,0.0,0.0,0.0,0.0,0.0,7.0,0.0,33.0,,,,,,,,,,,,,,,,,,,,,,,,,,,,,,,,,,,,,,,,,,,,,,,,,,,,,,,,,,,,
143,11.0,0.0,18.0,2.0,22.0,64.0,24.0,13.0,22.0,27.0,0.0,134.0,95.0,14.0,0.0,0.0,123.0,39.0,7.0,106.0,50.0,0.0,0.0,44.0,0.0,48.0,26.0,31.0,64.0,10.0,0.0,38.0,19.0,260.0,168.0,50.0,108.0,441.0,18.0,10.0,55.0,0.0,15.0,1.0,88.0,0.0,0.0,4.0,19.0,0.0,5.0,479.0,20.0,43.0,0.0,0.0,0.0,19.0,0.0,10.0,9.0,6.0,7.0,0.0,7.0,0.0,0.0,0.0,0.0,0.0,0.0,0.0,0.0,0.0,,,,,,,,,,,,,,,,,,,,,,,,,
144,4.0,6.0,2.0,10.0,1.0,0.0,4.0,3.0,14.0,2.0,18.0,0.0,42.0,13.0,17.0,11.0,75.0,55.0,4.0,43.0,19.0,0.0,18.0,25.0,21.0,9.0,87.0,0.0,5.0,39.0,20.0,0.0,0.0,17.0,0.0,23.0,0.0,0.0,0.0,,,,,,,,,,,,,,,,,,,,,,,,,,,,,,,,,,,,,,,,,,,,,,,,,,,,,,,,,,,,
145,0.0,0.0,12.0,0.0,10.0,6.0,16.0,18.0,27.0,0.0,81.0,0.0,28.0,193.0,19.0,47.0,20.0,28.0,0.0,6.0,19.0,0.0,0.0,5.0,6.0,35.0,10.0,57.0,0.0,0.0,4.0,46.0,0.0,28.0,42.0,0.0,39.0,141.0,22.0,41.0,52.0,4.0,6.0,15.0,0.0,25.0,19.0,32.0,76.0,65.0,8.0,45.0,0.0,194.0,0.0,56.0,66.0,0.0,0.0,0.0,8.0,33.0,27.0,33.0,16.0,0.0,6.0,0.0,0.0,,,,,,,,,,,,,,,,,,,,,,,,,,,,,,
146,28.0,13.0,10.0,0.0,0.0,0.0,107.0,24.0,8.0,0.0,0.0,62.0,11.0,89.0,0.0,62.0,28.0,23.0,20.0,0.0,24.0,12.0,16.0,93.0,0.0,0.0,0.0,15.0,11.0,14.0,38.0,0.0,0.0,42.0,44.0,0.0,23.0,109.0,77.0,1.0,9.0,0.0,19.0,2.0,5.0,0.0,0.0,0.0,0.0,0.0,0.0,0.0,0.0,0.0,0.0,,,,,,,,,,,,,,,,,,,,,,,,,,,,,,,,,,,,,,,,,,,,
147,13.0,14.0,0.0,1.0,24.0,14.0,4.0,27.0,1.0,15.0,45.0,5.0,44.0,16.0,10.0,12.0,0.0,11.0,48.0,55.0,25.0,0.0,64.0,74.0,10.0,5.0,35.0,1.0,0.0,3.0,0.0,3.0,0.0,1.0,0.0,0.0,0.0,0.0,0.0,0.0,,,,,,,,,,,,,,,,,,,,,,,,,,,,,,,,,,,,,,,,,,,,,,,,,,,,,,,,,,,
148,23.0,15.0,0.0,7.0,1.0,4.0,13.0,1.0,16.0,7.0,41.0,3.0,28.0,0.0,3.0,1.0,15.0,0.0,2.0,0.0,,,,,,,,,,,,,,,,,,,,,,,,,,,,,,,,,,,,,,,,,,,,,,,,,,,,,,,,,,,,,,,,,,,,,,,,,,,,,,,
149,17.0,76.0,1.0,8.0,27.0,0.0,30.0,15.0,0.0,2.0,126.0,13.0,0.0,0.0,30.0,71.0,1.0,29.0,95.0,6.0,0.0,78.0,45.0,26.0,30.0,10.0,16.0,11.0,137.0,542.0,0.0,5.0,55.0,5.0,0.0,14.0,14.0,1.0,12.0,1.0,0.0,0.0,0.0,12.0,0.0,0.0,93.0,0.0,0.0,0.0,0.0,0.0,0.0,60.0,0.0,0.0,0.0,0.0,0.0,,,,,,,,,,,,,,,,,,,,,,,,,,,,,,,,,,,,,,,,
150,19.0,9.0,6.0,0.0,17.0,3.0,2.0,55.0,0.0,21.0,65.0,3.0,36.0,0.0,3.0,10.0,63.0,0.0,13.0,8.0,39.0,50.0,0.0,0.0,54.0,30.0,0.0,105.0,0.0,,,,,,,,,,,,,,,,,,,,,,,,,,,,,,,,,,,,,,,,,,,,,,,,,,,,,,,,,,,,,,,,,,,,,,
151,9.0,18.0,27.0,40.0,12.0,0.0,0.0,0.0,9.0,9.0,27.0,45.0,11.0,0.0,77.0,0.0,0.0,21.0,6.0,9.0,20.0,9.0,5.0,26.0,35.0,11.0,36.0,0.0,0.0,0.0,104.0,104.0,208.0,0.0,75.0,24.0,0.0,86.0,9.0,124.0,11.0,26.0,0.0,131.0,110.0,71.0,178.0,120.0,,,,,,,,,,,,,,,,,,,,,,,,,,,,,,,,,,,,,,,,,,,,,,,,,,,
152,22.0,0.0,17.0,10.0,2.0,0.0,0.0,1.0,54.0,12.0,16.0,26.0,7.0,12.0,13.0,31.0,0.0,72.0,48.0,46.0,2.0,3.0,11.0,13.0,0.0,7.0,3.0,39.0,10.0,18.0,38.0,71.0,0.0,23.0,0.0,5.0,58.0,10.0,0.0,0.0,0.0,12.0,0.0,10.0,15.0,17.0,23.0,0.0,121.0,0.0,0.0,10.0,95.0,32.0,0.0,0.0,69.0,0.0,0.0,0.0,0.0,0.0,0.0,0.0,0.0,0.0,,,,,,,,,,,,,,,,,,,,,,,,,,,,,,,,,
153,17.0,0.0,43.0,3.0,20.0,0.0,27.0,9.0,10.0,6.0,12.0,9.0,39.0,14.0,7.0,25.0,0.0,29.0,34.0,178.0,12.0,0.0,0.0,99.0,15.0,14.0,0.0,20.0,5.0,65.0,79.0,7.0,0.0,0.0,63.0,0.0,0.0,0.0,0.0,0.0,,,,,,,,,,,,,,,,,,,,,,,,,,,,,,,,,,,,,,,,,,,,,,,,,,,,,,,,,,,
154,8.0,16.0,11.0,2.0,44.0,9.0,17.0,15.0,13.0,10.0,0.0,34.0,21.0,4.0,142.0,21.0,229.0,0.0,0.0,23.0,16.0,130.0,16.0,22.0,5.0,10.0,0.0,14.0,677.0,29.0,226.0,19.0,0.0,,,,,,,,,,,,,,,,,,,,,,,,,,,,,,,,,,,,,,,,,,,,,,,,,,,,,,,,,,,,,,,,,,
155,15.0,13.0,3.0,17.0,6.0,0.0,5.0,10.0,15.0,0.0,10.0,44.0,4.0,16.0,10.0,9.0,0.0,1.0,19.0,28.0,75.0,15.0,42.0,0.0,7.0,20.0,25.0,0.0,0.0,48.0,0.0,0.0,22.0,0.0,128.0,34.0,4.0,13.0,0.0,0.0,0.0,0.0,0.0,0.0,0.0,0.0,0.0,,,,,,,,,,,,,,,,,,,,,,,,,,,,,,,,,,,,,,,,,,,,,,,,,,,,
156,7.0,15.0,18.0,22.0,2.0,30.0,0.0,0.0,5.0,3.0,8.0,4.0,26.0,7.0,93.0,0.0,15.0,17.0,33.0,11.0,5.0,28.0,10.0,14.0,2.0,0.0,0.0,32.0,34.0,49.0,0.0,9.0,0.0,0.0,0.0,0.0,0.0,0.0,0.0,0.0,0.0,0.0,79.0,0.0,0.0,0.0,5.0,0.0,0.0,0.0,0.0,0.0,0.0,0.0,0.0,0.0,0.0,0.0,0.0,0.0,0.0,0.0,0.0,0.0,0.0,0.0,0.0,0.0,0.0,0.0,0.0,0.0,,,,,,,,,,,,,,,,,,,,,,,,,,,
157,7.0,0.0,21.0,27.0,8.0,16.0,1.0,0.0,59.0,0.0,0.0,26.0,19.0,19.0,5.0,5.0,16.0,0.0,0.0,20.0,120.0,13.0,0.0,0.0,11.0,51.0,0.0,0.0,0.0,0.0,0.0,0.0,125.0,0.0,34.0,0.0,0.0,12.0,116.0,480.0,70.0,0.0,0.0,124.0,14.0,0.0,0.0,0.0,,,,,,,,,,,,,,,,,,,,,,,,,,,,,,,,,,,,,,,,,,,,,,,,,,,
158,6.0,0.0,0.0,49.0,13.0,9.0,4.0,22.0,32.0,73.0,0.0,11.0,29.0,43.0,31.0,88.0,1.0,25.0,0.0,10.0,38.0,30.0,13.0,0.0,0.0,20.0,0.0,0.0,57.0,0.0,112.0,0.0,0.0,0.0,0.0,12.0,0.0,6.0,5.0,74.0,0.0,0.0,0.0,0.0,0.0,0.0,0.0,0.0,,,,,,,,,,,,,,,,,,,,,,,,,,,,,,,,,,,,,,,,,,,,,,,,,,,
159,0.0,5.0,17.0,0.0,1.0,16.0,9.0,17.0,10.0,16.0,8.0,6.0,21.0,41.0,15.0,27.0,40.0,17.0,30.0,5.0,36.0,4.0,0.0,18.0,191.0,2.0,12.0,40.0,33.0,0.0,6.0,3.0,19.0,0.0,31.0,143.0,32.0,9.0,23.0,0.0,14.0,17.0,,,,,,,,,,,,,,,,,,,,,,,,,,,,,,,,,,,,,,,,,,,,,,,,,,,,,,,,,
160,1.0,6.0,0.0,15.0,31.0,10.0,58.0,0.0,14.0,0.0,3.0,29.0,0.0,154.0,31.0,98.0,216.0,3.0,8.0,0.0,15.0,90.0,165.0,21.0,89.0,0.0,170.0,138.0,28.0,,,,,,,,,,,,,,,,,,,,,,,,,,,,,,,,,,,,,,,,,,,,,,,,,,,,,,,,,,,,,,,,,,,,,,
161,19.0,18.0,13.0,15.0,20.0,26.0,22.0,12.0,32.0,14.0,14.0,0.0,29.0,0.0,110.0,30.0,0.0,50.0,25.0,1.0,33.0,75.0,65.0,93.0,58.0,3.0,74.0,0.0,37.0,22.0,31.0,0.0,0.0,0.0,,,,,,,,,,,,,,,,,,,,,,,,,,,,,,,,,,,,,,,,,,,,,,,,,,,,,,,,,,,,,,,,,
162,0.0,11.0,12.0,0.0,14.0,54.0,15.0,64.0,34.0,51.0,46.0,25.0,27.0,15.0,46.0,80.0,114.0,21.0,23.0,5.0,13.0,21.0,86.0,12.0,0.0,340.0,175.0,116.0,11.0,,,,,,,,,,,,,,,,,,,,,,,,,,,,,,,,,,,,,,,,,,,,,,,,,,,,,,,,,,,,,,,,,,,,,,
163,19.0,13.0,6.0,40.0,12.0,59.0,27.0,62.0,0.0,65.0,30.0,0.0,4.0,0.0,67.0,14.0,99.0,17.0,0.0,13.0,0.0,23.0,0.0,36.0,0.0,0.0,9.0,13.0,0.0,0.0,,,,,,,,,,,,,,,,,,,,,,,,,,,,,,,,,,,,,,,,,,,,,,,,,,,,,,,,,,,,,,,,,,,,,
164,14.0,9.0,19.0,5.0,15.0,15.0,20.0,11.0,0.0,42.0,19.0,2.0,0.0,6.0,2.0,36.0,8.0,8.0,14.0,9.0,1.0,75.0,28.0,41.0,20.0,157.0,17.0,0.0,47.0,0.0,102.0,9.0,0.0,0.0,0.0,0.0,0.0,,,,,,,,,,,,,,,,,,,,,,,,,,,,,,,,,,,,,,,,,,,,,,,,,,,,,,,,,,,,,,
165,10.0,7.0,31.0,19.0,27.0,5.0,3.0,0.0,13.0,14.0,30.0,48.0,16.0,72.0,28.0,0.0,22.0,16.0,65.0,56.0,0.0,15.0,13.0,21.0,47.0,21.0,0.0,0.0,0.0,18.0,227.0,0.0,0.0,,,,,,,,,,,,,,,,,,,,,,,,,,,,,,,,,,,,,,,,,,,,,,,,,,,,,,,,,,,,,,,,,,
166,35.0,7.0,17.0,13.0,14.0,76.0,85.0,107.0,0.0,0.0,0.0,0.0,26.0,0.0,47.0,27.0,23.0,34.0,25.0,223.0,22.0,17.0,128.0,22.0,0.0,0.0,0.0,0.0,20.0,20.0,0.0,0.0,0.0,,,,,,,,,,,,,,,,,,,,,,,,,,,,,,,,,,,,,,,,,,,,,,,,,,,,,,,,,,,,,,,,,,
167,16.0,17.0,5.0,6.0,15.0,33.0,0.0,15.0,30.0,0.0,47.0,11.0,15.0,10.0,0.0,0.0,29.0,0.0,74.0,,,,,,,,,,,,,,,,,,,,,,,,,,,,,,,,,,,,,,,,,,,,,,,,,,,,,,,,,,,,,,,,,,,,,,,,,,,,,,,,
168,0.0,33.0,2.0,0.0,9.0,61.0,12.0,3.0,2.0,0.0,27.0,3.0,57.0,20.0,8.0,0.0,0.0,17.0,24.0,19.0,50.0,0.0,11.0,0.0,25.0,56.0,0.0,59.0,15.0,11.0,12.0,7.0,0.0,0.0,0.0,28.0,12.0,31.0,0.0,0.0,0.0,0.0,0.0,,,,,,,,,,,,,,,,,,,,,,,,,,,,,,,,,,,,,,,,,,,,,,,,,,,,,,,,
169,1.0,0.0,19.0,0.0,0.0,0.0,31.0,25.0,54.0,3.0,0.0,0.0,8.0,29.0,0.0,0.0,6.0,30.0,4.0,0.0,0.0,0.0,4.0,0.0,0.0,0.0,0.0,0.0,,,,,,,,,,,,,,,,,,,,,,,,,,,,,,,,,,,,,,,,,,,,,,,,,,,,,,,,,,,,,,,,,,,,,,,
170,9.0,18.0,0.0,3.0,13.0,0.0,3.0,0.0,18.0,18.0,7.0,13.0,63.0,12.0,21.0,0.0,42.0,46.0,2.0,20.0,23.0,24.0,114.0,110.0,0.0,0.0,185.0,9.0,0.0,43.0,0.0,139.0,0.0,0.0,0.0,2.0,0.0,94.0,11.0,33.0,3.0,0.0,0.0,0.0,0.0,0.0,0.0,0.0,0.0,0.0,,,,,,,,,,,,,,,,,,,,,,,,,,,,,,,,,,,,,,,,,,,,,,,,,
171,8.0,15.0,6.0,21.0,1.0,16.0,0.0,6.0,12.0,7.0,0.0,1.0,20.0,19.0,8.0,43.0,16.0,32.0,0.0,0.0,48.0,24.0,47.0,0.0,1.0,6.0,30.0,57.0,18.0,60.0,77.0,16.0,0.0,37.0,15.0,63.0,39.0,98.0,16.0,5.0,0.0,5.0,0.0,0.0,5.0,3.0,0.0,0.0,0.0,0.0,58.0,0.0,0.0,0.0,0.0,0.0,,,,,,,,,,,,,,,,,,,,,,,,,,,,,,,,,,,,,,,,,,,
172,10.0,13.0,13.0,21.0,1.0,15.0,38.0,13.0,21.0,4.0,80.0,7.0,0.0,23.0,31.0,0.0,0.0,14.0,0.0,0.0,,,,,,,,,,,,,,,,,,,,,,,,,,,,,,,,,,,,,,,,,,,,,,,,,,,,,,,,,,,,,,,,,,,,,,,,,,,,,,,
173,13.0,9.0,5.0,33.0,1.0,12.0,9.0,2.0,4.0,22.0,20.0,19.0,19.0,17.0,0.0,0.0,40.0,0.0,4.0,4.0,50.0,0.0,0.0,0.0,8.0,0.0,11.0,19.0,73.0,23.0,14.0,15.0,3.0,0.0,35.0,33.0,13.0,8.0,12.0,21.0,16.0,1.0,0.0,4.0,6.0,0.0,90.0,74.0,0.0,20.0,0.0,3.0,121.0,19.0,391.0,24.0,0.0,0.0,0.0,0.0,0.0,0.0,0.0,,,,,,,,,,,,,,,,,,,,,,,,,,,,,,,,,,,,
174,8.0,19.0,7.0,14.0,27.0,0.0,8.0,2.0,12.0,32.0,5.0,22.0,11.0,28.0,14.0,29.0,13.0,17.0,31.0,40.0,49.0,0.0,7.0,8.0,4.0,6.0,0.0,134.0,0.0,2.0,0.0,0.0,28.0,15.0,40.0,0.0,18.0,0.0,7.0,39.0,5.0,0.0,102.0,22.0,77.0,11.0,1.0,48.0,9.0,0.0,259.0,0.0,0.0,45.0,451.0,,,,,,,,,,,,,,,,,,,,,,,,,,,,,,,,,,,,,,,,,,,,
175,28.0,23.0,18.0,6.0,30.0,16.0,0.0,13.0,0.0,11.0,14.0,65.0,18.0,5.0,8.0,0.0,0.0,7.0,21.0,11.0,0.0,0.0,42.0,0.0,0.0,8.0,0.0,200.0,29.0,8.0,18.0,0.0,70.0,26.0,35.0,58.0,23.0,79.0,101.0,0.0,0.0,9.0,0.0,0.0,0.0,79.0,13.0,0.0,,,,,,,,,,,,,,,,,,,,,,,,,,,,,,,,,,,,,,,,,,,,,,,,,,,
176,0.0,20.0,8.0,5.0,2.0,0.0,10.0,11.0,18.0,15.0,26.0,15.0,7.0,0.0,17.0,0.0,13.0,36.0,9.0,10.0,27.0,17.0,5.0,19.0,66.0,5.0,31.0,18.0,6.0,0.0,0.0,18.0,70.0,0.0,0.0,0.0,26.0,0.0,0.0,0.0,0.0,68.0,43.0,0.0,28.0,80.0,0.0,0.0,0.0,0.0,0.0,14.0,0.0,50.0,115.0,0.0,0.0,,,,,,,,,,,,,,,,,,,,,,,,,,,,,,,,,,,,,,,,,,
177,31.0,17.0,5.0,3.0,15.0,10.0,0.0,10.0,21.0,19.0,23.0,10.0,18.0,7.0,37.0,0.0,14.0,0.0,60.0,4.0,38.0,15.0,39.0,28.0,0.0,2.0,34.0,0.0,0.0,0.0,0.0,0.0,0.0,6.0,20.0,52.0,82.0,40.0,13.0,7.0,0.0,25.0,1.0,0.0,0.0,15.0,0.0,10.0,7.0,19.0,16.0,0.0,0.0,0.0,0.0,0.0,0.0,0.0,0.0,0.0,0.0,0.0,0.0,0.0,0.0,,,,,,,,,,,,,,,,,,,,,,,,,,,,,,,,,,
178,44.0,5.0,14.0,7.0,4.0,18.0,48.0,17.0,6.0,43.0,28.0,23.0,77.0,62.0,21.0,31.0,22.0,5.0,0.0,62.0,1.0,18.0,18.0,31.0,23.0,28.0,21.0,6.0,57.0,162.0,0.0,61.0,61.0,20.0,145.0,0.0,201.0,0.0,13.0,0.0,0.0,0.0,0.0,0.0,0.0,0.0,0.0,,,,,,,,,,,,,,,,,,,,,,,,,,,,,,,,,,,,,,,,,,,,,,,,,,,,
179,40.0,14.0,7.0,35.0,7.0,16.0,0.0,16.0,13.0,13.0,0.0,14.0,33.0,0.0,96.0,16.0,0.0,0.0,29.0,0.0,7.0,0.0,19.0,9.0,0.0,12.0,2.0,0.0,0.0,0.0,0.0,0.0,0.0,0.0,0.0,0.0,0.0,0.0,0.0,0.0,0.0,0.0,,,,,,,,,,,,,,,,,,,,,,,,,,,,,,,,,,,,,,,,,,,,,,,,,,,,,,,,,
180,20.0,0.0,9.0,0.0,23.0,0.0,19.0,31.0,10.0,10.0,0.0,121.0,21.0,0.0,4.0,0.0,35.0,0.0,7.0,34.0,19.0,34.0,45.0,3.0,4.0,0.0,23.0,25.0,137.0,0.0,0.0,0.0,0.0,3.0,397.0,0.0,2.0,414.0,270.0,0.0,0.0,0.0,134.0,0.0,0.0,0.0,0.0,0.0,0.0,0.0,,,,,,,,,,,,,,,,,,,,,,,,,,,,,,,,,,,,,,,,,,,,,,,,,
181,18.0,5.0,18.0,15.0,0.0,0.0,11.0,0.0,16.0,3.0,10.0,0.0,8.0,2.0,12.0,11.0,106.0,0.0,55.0,3.0,58.0,15.0,64.0,5.0,1.0,91.0,0.0,2.0,0.0,,,,,,,,,,,,,,,,,,,,,,,,,,,,,,,,,,,,,,,,,,,,,,,,,,,,,,,,,,,,,,,,,,,,,,
182,16.0,11.0,0.0,9.0,15.0,32.0,18.0,26.0,28.0,0.0,21.0,4.0,22.0,0.0,9.0,13.0,0.0,4.0,13.0,36.0,24.0,62.0,59.0,0.0,20.0,15.0,14.0,9.0,0.0,45.0,0.0,28.0,0.0,121.0,78.0,26.0,22.0,0.0,22.0,83.0,0.0,0.0,107.0,0.0,,,,,,,,,,,,,,,,,,,,,,,,,,,,,,,,,,,,,,,,,,,,,,,,,,,,,,,
183,14.0,6.0,5.0,44.0,37.0,11.0,1.0,29.0,0.0,0.0,9.0,7.0,47.0,26.0,25.0,12.0,0.0,0.0,1.0,0.0,0.0,5.0,22.0,88.0,0.0,0.0,0.0,0.0,11.0,4.0,2.0,,,,,,,,,,,,,,,,,,,,,,,,,,,,,,,,,,,,,,,,,,,,,,,,,,,,,,,,,,,,,,,,,,,,
184,35.0,8.0,32.0,12.0,6.0,24.0,0.0,19.0,0.0,30.0,9.0,0.0,11.0,16.0,16.0,0.0,12.0,6.0,10.0,23.0,9.0,0.0,0.0,12.0,12.0,0.0,0.0,0.0,0.0,0.0,0.0,0.0,0.0,0.0,,,,,,,,,,,,,,,,,,,,,,,,,,,,,,,,,,,,,,,,,,,,,,,,,,,,,,,,,,,,,,,,,
185,20.0,11.0,33.0,9.0,7.0,23.0,10.0,15.0,43.0,20.0,18.0,0.0,1.0,14.0,7.0,0.0,120.0,16.0,142.0,13.0,6.0,0.0,49.0,51.0,27.0,26.0,0.0,5.0,0.0,0.0,0.0,0.0,0.0,4.0,0.0,0.0,182.0,0.0,0.0,0.0,0.0,0.0,0.0,0.0,0.0,0.0,0.0,0.0,0.0,0.0,0.0,,,,,,,,,,,,,,,,,,,,,,,,,,,,,,,,,,,,,,,,,,,,,,,,
186,33.0,10.0,18.0,0.0,29.0,7.0,27.0,6.0,34.0,0.0,62.0,27.0,5.0,0.0,0.0,17.0,0.0,12.0,11.0,40.0,0.0,0.0,14.0,4.0,0.0,3.0,1.0,13.0,22.0,3.0,3.0,0.0,28.0,0.0,33.0,8.0,94.0,0.0,123.0,0.0,86.0,197.0,0.0,0.0,57.0,7.0,331.0,73.0,45.0,41.0,1.0,4.0,0.0,,,,,,,,,,,,,,,,,,,,,,,,,,,,,,,,,,,,,,,,,,,,,,
187,14.0,12.0,3.0,11.0,11.0,9.0,14.0,0.0,0.0,58.0,23.0,0.0,14.0,60.0,14.0,0.0,28.0,21.0,0.0,0.0,23.0,15.0,11.0,38.0,169.0,21.0,9.0,0.0,0.0,15.0,7.0,16.0,16.0,24.0,41.0,8.0,72.0,0.0,31.0,108.0,14.0,27.0,0.0,0.0,0.0,22.0,28.0,21.0,22.0,0.0,5.0,0.0,0.0,0.0,5.0,11.0,11.0,0.0,0.0,0.0,0.0,0.0,0.0,0.0,0.0,0.0,0.0,0.0,0.0,0.0,,,,,,,,,,,,,,,,,,,,,,,,,,,,,
188,13.0,6.0,6.0,33.0,96.0,87.0,0.0,0.0,0.0,0.0,4.0,0.0,32.0,38.0,16.0,0.0,8.0,8.0,45.0,2.0,22.0,0.0,60.0,68.0,18.0,12.0,0.0,0.0,79.0,0.0,0.0,11.0,10.0,0.0,25.0,29.0,30.0,0.0,29.0,0.0,43.0,6.0,8.0,53.0,27.0,0.0,0.0,,,,,,,,,,,,,,,,,,,,,,,,,,,,,,,,,,,,,,,,,,,,,,,,,,,,
189,23.0,7.0,7.0,20.0,12.0,30.0,1.0,8.0,5.0,8.0,18.0,3.0,19.0,69.0,2.0,30.0,45.0,101.0,0.0,0.0,6.0,59.0,2.0,94.0,26.0,92.0,0.0,0.0,20.0,7.0,0.0,0.0,0.0,3.0,0.0,19.0,9.0,0.0,21.0,8.0,0.0,0.0,38.0,144.0,64.0,0.0,0.0,,,,,,,,,,,,,,,,,,,,,,,,,,,,,,,,,,,,,,,,,,,,,,,,,,,,
190,22.0,16.0,0.0,15.0,7.0,12.0,0.0,38.0,41.0,22.0,54.0,0.0,24.0,54.0,62.0,26.0,83.0,72.0,96.0,1.0,227.0,0.0,69.0,3.0,89.0,0.0,0.0,0.0,0.0,0.0,0.0,,,,,,,,,,,,,,,,,,,,,,,,,,,,,,,,,,,,,,,,,,,,,,,,,,,,,,,,,,,,,,,,,,,,
191,8.0,6.0,18.0,15.0,21.0,5.0,5.0,11.0,0.0,0.0,42.0,29.0,21.0,0.0,0.0,43.0,0.0,0.0,0.0,76.0,0.0,0.0,0.0,1.0,16.0,4.0,85.0,0.0,0.0,0.0,,,,,,,,,,,,,,,,,,,,,,,,,,,,,,,,,,,,,,,,,,,,,,,,,,,,,,,,,,,,,,,,,,,,,
192,25.0,19.0,18.0,0.0,0.0,2.0,19.0,28.0,4.0,42.0,50.0,0.0,42.0,0.0,33.0,9.0,33.0,13.0,6.0,0.0,11.0,8.0,21.0,0.0,31.0,5.0,0.0,53.0,0.0,132.0,64.0,21.0,0.0,27.0,32.0,0.0,0.0,0.0,11.0,0.0,0.0,,,,,,,,,,,,,,,,,,,,,,,,,,,,,,,,,,,,,,,,,,,,,,,,,,,,,,,,,,
193,14.0,15.0,0.0,9.0,18.0,0.0,33.0,0.0,30.0,8.0,0.0,24.0,0.0,0.0,49.0,0.0,0.0,34.0,7.0,21.0,40.0,0.0,95.0,0.0,0.0,0.0,799.0,0.0,,,,,,,,,,,,,,,,,,,,,,,,,,,,,,,,,,,,,,,,,,,,,,,,,,,,,,,,,,,,,,,,,,,,,,,
194,17.0,12.0,6.0,16.0,9.0,0.0,8.0,11.0,6.0,1.0,7.0,6.0,10.0,0.0,43.0,16.0,62.0,5.0,0.0,4.0,9.0,0.0,84.0,2.0,0.0,0.0,87.0,76.0,28.0,,,,,,,,,,,,,,,,,,,,,,,,,,,,,,,,,,,,,,,,,,,,,,,,,,,,,,,,,,,,,,,,,,,,,,
195,12.0,7.0,0.0,11.0,15.0,0.0,0.0,0.0,11.0,0.0,6.0,15.0,61.0,15.0,12.0,25.0,42.0,0.0,66.0,18.0,0.0,59.0,0.0,45.0,42.0,0.0,0.0,0.0,0.0,331.0,0.0,19.0,0.0,0.0,0.0,0.0,0.0,,,,,,,,,,,,,,,,,,,,,,,,,,,,,,,,,,,,,,,,,,,,,,,,,,,,,,,,,,,,,,
196,25.0,7.0,13.0,28.0,4.0,3.0,19.0,11.0,4.0,0.0,10.0,34.0,17.0,15.0,64.0,32.0,0.0,78.0,9.0,11.0,0.0,0.0,30.0,0.0,0.0,11.0,47.0,51.0,58.0,0.0,15.0,25.0,0.0,9.0,9.0,0.0,43.0,80.0,83.0,3.0,19.0,0.0,,,,,,,,,,,,,,,,,,,,,,,,,,,,,,,,,,,,,,,,,,,,,,,,,,,,,,,,,
197,0.0,14.0,1.0,24.0,23.0,24.0,4.0,1.0,25.0,0.0,25.0,0.0,112.0,7.0,6.0,0.0,3.0,70.0,4.0,9.0,47.0,42.0,0.0,138.0,44.0,53.0,0.0,53.0,0.0,3.0,0.0,15.0,26.0,18.0,7.0,10.0,403.0,0.0,0.0,0.0,0.0,0.0,0.0,0.0,0.0,0.0,,,,,,,,,,,,,,,,,,,,,,,,,,,,,,,,,,,,,,,,,,,,,,,,,,,,,
198,2.0,0.0,0.0,22.0,10.0,21.0,26.0,11.0,21.0,0.0,19.0,0.0,33.0,8.0,10.0,19.0,11.0,11.0,0.0,0.0,22.0,39.0,0.0,29.0,0.0,0.0,0.0,2.0,27.0,0.0,0.0,0.0,0.0,0.0,3.0,0.0,0.0,0.0,0.0,0.0,0.0,0.0,0.0,0.0,0.0,0.0,0.0,4.0,0.0,19.0,7.0,0.0,4.0,10.0,5.0,6.0,0.0,4.0,0.0,11.0,0.0,0.0,36.0,0.0,183.0,0.0,280.0,2.0,1.0,0.0,11.0,139.0,3.0,0.0,,,,,,,,,,,,,,,,,,,,,,,,,
199,14.0,11.0,42.0,20.0,37.0,0.0,0.0,14.0,0.0,11.0,104.0,0.0,92.0,32.0,50.0,54.0,17.0,29.0,15.0,0.0,3.0,0.0,22.0,0.0,46.0,41.0,27.0,36.0,50.0,11.0,0.0,21.0,9.0,16.0,0.0,0.0,55.0,32.0,48.0,0.0,78.0,162.0,178.0,0.0,0.0,0.0,0.0,0.0,0.0,0.0,,,,,,,,,,,,,,,,,,,,,,,,,,,,,,,,,,,,,,,,,,,,,,,,,
200,4.0,0.0,7.0,17.0,0.0,8.0,16.0,21.0,6.0,0.0,18.0,25.0,21.0,0.0,0.0,0.0,1.0,26.0,0.0,29.0,0.0,0.0,0.0,0.0,0.0,0.0,98.0,23.0,0.0,7.0,0.0,81.0,0.0,0.0,0.0,0.0,0.0,,,,,,,,,,,,,,,,,,,,,,,,,,,,,,,,,,,,,,,,,,,,,,,,,,,,,,,,,,,,,,
201,6.0,6.0,15.0,8.0,8.0,0.0,23.0,29.0,13.0,23.0,27.0,0.0,0.0,104.0,25.0,5.0,84.0,0.0,0.0,89.0,0.0,49.0,0.0,0.0,0.0,35.0,0.0,44.0,0.0,25.0,5.0,0.0,36.0,0.0,0.0,0.0,0.0,0.0,0.0,0.0,0.0,0.0,0.0,0.0,0.0,0.0,0.0,9.0,0.0,2.0,0.0,0.0,0.0,0.0,6.0,6.0,4.0,0.0,0.0,4.0,0.0,0.0,0.0,0.0,0.0,0.0,0.0,0.0,0.0,0.0,0.0,0.0,0.0,0.0,0.0,,,,,,,,,,,,,,,,,,,,,,,,
202,16.0,6.0,24.0,18.0,23.0,3.0,24.0,16.0,45.0,26.0,44.0,5.0,10.0,28.0,2.0,9.0,64.0,70.0,63.0,7.0,0.0,65.0,0.0,0.0,6.0,0.0,33.0,3.0,63.0,0.0,28.0,14.0,18.0,0.0,66.0,31.0,0.0,0.0,0.0,0.0,0.0,0.0,98.0,0.0,11.0,144.0,148.0,0.0,137.0,0.0,0.0,0.0,0.0,0.0,0.0,0.0,0.0,,,,,,,,,,,,,,,,,,,,,,,,,,,,,,,,,,,,,,,,,,
203,16.0,0.0,8.0,20.0,42.0,0.0,10.0,37.0,27.0,98.0,8.0,31.0,0.0,18.0,0.0,26.0,15.0,21.0,0.0,,,,,,,,,,,,,,,,,,,,,,,,,,,,,,,,,,,,,,,,,,,,,,,,,,,,,,,,,,,,,,,,,,,,,,,,,,,,,,,,
204,17.0,5.0,0.0,16.0,32.0,21.0,21.0,75.0,18.0,0.0,80.0,83.0,222.0,21.0,15.0,18.0,0.0,75.0,15.0,0.0,8.0,0.0,0.0,7.0,0.0,0.0,21.0,98.0,0.0,,,,,,,,,,,,,,,,,,,,,,,,,,,,,,,,,,,,,,,,,,,,,,,,,,,,,,,,,,,,,,,,,,,,,,
205,28.0,19.0,0.0,41.0,24.0,12.0,93.0,0.0,0.0,30.0,0.0,59.0,23.0,69.0,4.0,27.0,33.0,30.0,82.0,9.0,90.0,70.0,3.0,133.0,0.0,0.0,0.0,0.0,1000.0,0.0,0.0,40.0,0.0,155.0,0.0,0.0,25.0,0.0,0.0,0.0,27.0,3.0,8.0,0.0,,,,,,,,,,,,,,,,,,,,,,,,,,,,,,,,,,,,,,,,,,,,,,,,,,,,,,,
206,19.0,15.0,21.0,23.0,20.0,8.0,0.0,7.0,4.0,14.0,8.0,44.0,50.0,0.0,4.0,29.0,18.0,14.0,5.0,0.0,50.0,43.0,121.0,0.0,11.0,36.0,0.0,0.0,2.0,1.0,7.0,0.0,0.0,0.0,0.0,,,,,,,,,,,,,,,,,,,,,,,,,,,,,,,,,,,,,,,,,,,,,,,,,,,,,,,,,,,,,,,,
207,15.0,3.0,22.0,0.0,34.0,0.0,18.0,4.0,1.0,22.0,35.0,22.0,16.0,1.0,13.0,9.0,140.0,0.0,236.0,0.0,0.0,29.0,238.0,74.0,0.0,0.0,0.0,22.0,137.0,93.0,0.0,0.0,0.0,249.0,0.0,254.0,0.0,180.0,13.0,76.0,0.0,0.0,0.0,0.0,0.0,,,,,,,,,,,,,,,,,,,,,,,,,,,,,,,,,,,,,,,,,,,,,,,,,,,,,,
208,43.0,12.0,0.0,33.0,49.0,7.0,0.0,25.0,6.0,0.0,12.0,0.0,15.0,0.0,76.0,61.0,55.0,24.0,25.0,28.0,6.0,29.0,34.0,20.0,107.0,38.0,0.0,0.0,10.0,17.0,76.0,0.0,20.0,3.0,94.0,0.0,0.0,98.0,78.0,55.0,73.0,0.0,10.0,136.0,139.0,4.0,21.0,0.0,20.0,4.0,12.0,0.0,0.0,0.0,0.0,0.0,8.0,0.0,0.0,0.0,750.0,0.0,15.0,0.0,0.0,21.0,0.0,0.0,20.0,6.0,25.0,0.0,26.0,0.0,0.0,,,,,,,,,,,,,,,,,,,,,,,,
209,10.0,16.0,4.0,12.0,5.0,0.0,19.0,9.0,90.0,20.0,17.0,15.0,0.0,8.0,13.0,16.0,75.0,5.0,14.0,51.0,23.0,41.0,8.0,2.0,0.0,0.0,0.0,0.0,7.0,9.0,29.0,41.0,1.0,0.0,0.0,0.0,0.0,0.0,11.0,0.0,26.0,270.0,0.0,0.0,,,,,,,,,,,,,,,,,,,,,,,,,,,,,,,,,,,,,,,,,,,,,,,,,,,,,,,
210,34.0,15.0,8.0,25.0,34.0,6.0,3.0,9.0,27.0,1.0,0.0,33.0,12.0,33.0,4.0,18.0,21.0,0.0,0.0,20.0,55.0,11.0,15.0,71.0,48.0,42.0,0.0,0.0,27.0,11.0,0.0,16.0,0.0,0.0,23.0,0.0,13.0,4.0,15.0,0.0,5.0,7.0,0.0,0.0,52.0,39.0,0.0,1.0,0.0,0.0,2.0,41.0,17.0,0.0,3.0,7.0,1.0,0.0,0.0,8.0,9.0,4.0,9.0,9.0,6.0,36.0,8.0,43.0,3.0,6.0,2.0,0.0,0.0,0.0,0.0,38.0,71.0,8.0,61.0,0.0,155.0,0.0,4.0,1.0,3.0,0.0,0.0,0.0,0.0,0.0,0.0,,,,,,,,
211,14.0,2.0,28.0,0.0,13.0,43.0,53.0,11.0,10.0,8.0,12.0,0.0,30.0,12.0,78.0,19.0,0.0,21.0,4.0,0.0,5.0,0.0,25.0,10.0,0.0,28.0,11.0,18.0,0.0,0.0,11.0,30.0,55.0,4.0,8.0,0.0,18.0,186.0,9.0,12.0,0.0,84.0,79.0,0.0,0.0,0.0,,,,,,,,,,,,,,,,,,,,,,,,,,,,,,,,,,,,,,,,,,,,,,,,,,,,,
212,10.0,15.0,10.0,15.0,3.0,0.0,42.0,3.0,35.0,48.0,53.0,7.0,0.0,9.0,14.0,209.0,0.0,16.0,0.0,0.0,0.0,68.0,0.0,0.0,0.0,167.0,0.0,0.0,0.0,0.0,0.0,0.0,0.0,,,,,,,,,,,,,,,,,,,,,,,,,,,,,,,,,,,,,,,,,,,,,,,,,,,,,,,,,,,,,,,,,,
213,0.0,0.0,0.0,62.0,13.0,29.0,8.0,81.0,45.0,17.0,0.0,0.0,0.0,0.0,0.0,330.0,16.0,8.0,0.0,121.0,64.0,55.0,100.0,77.0,0.0,0.0,0.0,51.0,39.0,7.0,185.0,145.0,13.0,191.0,13.0,0.0,,,,,,,,,,,,,,,,,,,,,,,,,,,,,,,,,,,,,,,,,,,,,,,,,,,,,,,,,,,,,,,
214,9.0,21.0,12.0,4.0,8.0,7.0,8.0,0.0,15.0,0.0,31.0,0.0,22.0,0.0,0.0,29.0,30.0,0.0,2.0,0.0,21.0,0.0,55.0,19.0,9.0,0.0,185.0,259.0,24.0,192.0,58.0,495.0,24.0,0.0,,,,,,,,,,,,,,,,,,,,,,,,,,,,,,,,,,,,,,,,,,,,,,,,,,,,,,,,,,,,,,,,,
215,9.0,1.0,27.0,8.0,23.0,0.0,28.0,15.0,0.0,32.0,17.0,57.0,2.0,0.0,46.0,16.0,16.0,3.0,12.0,0.0,5.0,6.0,14.0,22.0,0.0,0.0,2.0,,,,,,,,,,,,,,,,,,,,,,,,,,,,,,,,,,,,,,,,,,,,,,,,,,,,,,,,,,,,,,,,,,,,,,,,
216,6.0,11.0,0.0,7.0,20.0,17.0,0.0,7.0,25.0,38.0,6.0,6.0,26.0,18.0,36.0,19.0,9.0,2.0,8.0,3.0,13.0,0.0,26.0,15.0,20.0,0.0,0.0,11.0,8.0,48.0,0.0,18.0,17.0,220.0,14.0,20.0,56.0,0.0,0.0,0.0,45.0,0.0,8.0,41.0,11.0,0.0,73.0,0.0,18.0,0.0,0.0,0.0,0.0,23.0,0.0,0.0,0.0,0.0,0.0,,,,,,,,,,,,,,,,,,,,,,,,,,,,,,,,,,,,,,,,
217,39.0,17.0,5.0,22.0,5.0,37.0,0.0,26.0,41.0,46.0,0.0,66.0,3.0,7.0,72.0,39.0,0.0,33.0,6.0,9.0,0.0,17.0,177.0,68.0,12.0,3.0,10.0,4.0,0.0,7.0,14.0,32.0,5.0,20.0,9.0,17.0,7.0,4.0,0.0,9.0,0.0,0.0,,,,,,,,,,,,,,,,,,,,,,,,,,,,,,,,,,,,,,,,,,,,,,,,,,,,,,,,,
218,34.0,3.0,19.0,0.0,8.0,9.0,11.0,12.0,30.0,6.0,6.0,0.0,12.0,,,,,,,,,,,,,,,,,,,,,,,,,,,,,,,,,,,,,,,,,,,,,,,,,,,,,,,,,,,,,,,,,,,,,,,,,,,,,,,,,,,,,,
219,0.0,25.0,10.0,0.0,13.0,13.0,12.0,19.0,29.0,32.0,0.0,26.0,0.0,15.0,34.0,37.0,0.0,59.0,0.0,19.0,29.0,20.0,0.0,0.0,0.0,0.0,17.0,0.0,0.0,42.0,0.0,0.0,75.0,0.0,0.0,0.0,64.0,9.0,0.0,0.0,0.0,108.0,0.0,8.0,,,,,,,,,,,,,,,,,,,,,,,,,,,,,,,,,,,,,,,,,,,,,,,,,,,,,,,
220,12.0,17.0,13.0,1.0,1.0,18.0,9.0,2.0,37.0,28.0,18.0,50.0,51.0,0.0,120.0,0.0,104.0,14.0,51.0,2.0,65.0,28.0,159.0,178.0,4.0,26.0,39.0,77.0,17.0,202.0,,,,,,,,,,,,,,,,,,,,,,,,,,,,,,,,,,,,,,,,,,,,,,,,,,,,,,,,,,,,,,,,,,,,,
221,5.0,15.0,6.0,4.0,39.0,0.0,25.0,17.0,54.0,51.0,46.0,6.0,42.0,13.0,6.0,0.0,29.0,4.0,9.0,25.0,73.0,40.0,110.0,21.0,4.0,3.0,0.0,0.0,0.0,24.0,0.0,0.0,0.0,,,,,,,,,,,,,,,,,,,,,,,,,,,,,,,,,,,,,,,,,,,,,,,,,,,,,,,,,,,,,,,,,,
222,0.0,8.0,0.0,0.0,13.0,0.0,37.0,6.0,13.0,18.0,0.0,2.0,26.0,19.0,108.0,0.0,4.0,19.0,18.0,114.0,4.0,27.0,1.0,55.0,25.0,4.0,14.0,0.0,25.0,19.0,6.0,9.0,59.0,20.0,14.0,3.0,43.0,38.0,78.0,29.0,7.0,0.0,19.0,17.0,,,,,,,,,,,,,,,,,,,,,,,,,,,,,,,,,,,,,,,,,,,,,,,,,,,,,,,
223,15.0,6.0,8.0,18.0,3.0,0.0,40.0,0.0,2.0,39.0,14.0,9.0,25.0,0.0,45.0,35.0,82.0,12.0,41.0,37.0,37.0,23.0,54.0,41.0,0.0,29.0,19.0,14.0,1.0,10.0,27.0,88.0,106.0,0.0,37.0,0.0,54.0,0.0,28.0,21.0,262.0,0.0,0.0,0.0,68.0,600.0,4.0,0.0,0.0,13.0,0.0,0.0,0.0,0.0,0.0,0.0,0.0,0.0,0.0,0.0,0.0,0.0,0.0,0.0,0.0,0.0,,,,,,,,,,,,,,,,,,,,,,,,,,,,,,,,,
224,31.0,0.0,24.0,3.0,8.0,0.0,6.0,11.0,0.0,0.0,0.0,0.0,46.0,33.0,36.0,7.0,21.0,14.0,0.0,11.0,60.0,8.0,27.0,12.0,4.0,0.0,0.0,4.0,0.0,6.0,0.0,3.0,0.0,11.0,0.0,,,,,,,,,,,,,,,,,,,,,,,,,,,,,,,,,,,,,,,,,,,,,,,,,,,,,,,,,,,,,,,,
225,0.0,11.0,27.0,14.0,2.0,0.0,0.0,0.0,81.0,3.0,44.0,28.0,21.0,12.0,77.0,45.0,17.0,0.0,21.0,0.0,142.0,17.0,0.0,0.0,0.0,0.0,229.0,27.0,30.0,0.0,3.0,8.0,0.0,30.0,0.0,0.0,17.0,6.0,34.0,17.0,0.0,0.0,6.0,13.0,7.0,0.0,11.0,37.0,21.0,0.0,1.0,130.0,30.0,15.0,0.0,0.0,0.0,4.0,0.0,0.0,20.0,0.0,0.0,0.0,0.0,0.0,0.0,,,,,,,,,,,,,,,,,,,,,,,,,,,,,,,,
226,18.0,29.0,23.0,16.0,28.0,11.0,33.0,10.0,23.0,23.0,6.0,18.0,0.0,163.0,0.0,26.0,34.0,0.0,0.0,81.0,91.0,4.0,9.0,13.0,4.0,89.0,0.0,0.0,37.0,0.0,8.0,0.0,9.0,0.0,23.0,0.0,0.0,0.0,4.0,49.0,0.0,0.0,0.0,64.0,37.0,46.0,,,,,,,,,,,,,,,,,,,,,,,,,,,,,,,,,,,,,,,,,,,,,,,,,,,,,
227,21.0,21.0,16.0,4.0,11.0,16.0,8.0,2.0,18.0,5.0,36.0,22.0,13.0,9.0,0.0,0.0,31.0,66.0,32.0,45.0,44.0,47.0,8.0,0.0,10.0,14.0,14.0,12.0,4.0,11.0,0.0,11.0,11.0,32.0,0.0,14.0,12.0,0.0,5.0,0.0,40.0,0.0,0.0,0.0,0.0,0.0,754.0,,,,,,,,,,,,,,,,,,,,,,,,,,,,,,,,,,,,,,,,,,,,,,,,,,,,
228,28.0,3.0,9.0,0.0,9.0,4.0,14.0,13.0,2.0,144.0,16.0,23.0,56.0,26.0,5.0,0.0,24.0,27.0,6.0,24.0,0.0,133.0,90.0,15.0,31.0,0.0,141.0,0.0,0.0,0.0,0.0,13.0,71.0,0.0,24.0,279.0,7.0,81.0,8.0,65.0,40.0,109.0,13.0,43.0,,,,,,,,,,,,,,,,,,,,,,,,,,,,,,,,,,,,,,,,,,,,,,,,,,,,,,,
229,0.0,22.0,0.0,6.0,11.0,0.0,18.0,5.0,0.0,0.0,14.0,12.0,114.0,100.0,95.0,112.0,38.0,18.0,0.0,23.0,0.0,21.0,164.0,1.0,1.0,1.0,32.0,56.0,210.0,0.0,183.0,63.0,97.0,285.0,19.0,,,,,,,,,,,,,,,,,,,,,,,,,,,,,,,,,,,,,,,,,,,,,,,,,,,,,,,,,,,,,,,,
230,15.0,0.0,20.0,6.0,9.0,0.0,31.0,39.0,83.0,27.0,0.0,17.0,0.0,0.0,0.0,23.0,0.0,12.0,6.0,16.0,39.0,11.0,36.0,28.0,0.0,8.0,20.0,0.0,94.0,13.0,7.0,31.0,0.0,33.0,2.0,36.0,0.0,7.0,16.0,132.0,0.0,148.0,4.0,8.0,236.0,2.0,53.0,88.0,64.0,147.0,5.0,4.0,0.0,9.0,0.0,0.0,225.0,0.0,,,,,,,,,,,,,,,,,,,,,,,,,,,,,,,,,,,,,,,,,
231,10.0,21.0,4.0,0.0,16.0,0.0,17.0,0.0,14.0,0.0,13.0,0.0,0.0,15.0,0.0,5.0,45.0,0.0,0.0,5.0,12.0,59.0,6.0,0.0,7.0,0.0,0.0,0.0,87.0,8.0,0.0,43.0,0.0,0.0,0.0,5.0,0.0,15.0,0.0,39.0,168.0,5.0,14.0,0.0,9.0,0.0,2.0,50.0,13.0,12.0,21.0,0.0,,,,,,,,,,,,,,,,,,,,,,,,,,,,,,,,,,,,,,,,,,,,,,,
232,11.0,39.0,5.0,5.0,37.0,7.0,14.0,0.0,0.0,0.0,20.0,13.0,0.0,46.0,10.0,103.0,18.0,148.0,95.0,15.0,0.0,0.0,15.0,9.0,16.0,5.0,13.0,49.0,0.0,25.0,66.0,0.0,57.0,393.0,69.0,0.0,34.0,0.0,0.0,0.0,0.0,739.0,0.0,5.0,15.0,14.0,8.0,35.0,131.0,28.0,2.0,0.0,11.0,0.0,7.0,2.0,1.0,0.0,0.0,8.0,0.0,0.0,0.0,,,,,,,,,,,,,,,,,,,,,,,,,,,,,,,,,,,,
233,5.0,7.0,37.0,23.0,16.0,2.0,3.0,5.0,7.0,27.0,12.0,3.0,98.0,83.0,12.0,19.0,24.0,24.0,22.0,11.0,6.0,42.0,2.0,0.0,0.0,11.0,0.0,18.0,0.0,0.0,0.0,,,,,,,,,,,,,,,,,,,,,,,,,,,,,,,,,,,,,,,,,,,,,,,,,,,,,,,,,,,,,,,,,,,,
234,11.0,12.0,15.0,48.0,24.0,47.0,7.0,0.0,11.0,0.0,6.0,2.0,4.0,3.0,47.0,0.0,37.0,14.0,8.0,24.0,9.0,0.0,12.0,3.0,36.0,5.0,23.0,0.0,0.0,5.0,0.0,0.0,0.0,4.0,0.0,0.0,0.0,4.0,0.0,1.0,8.0,14.0,0.0,0.0,0.0,0.0,0.0,0.0,0.0,0.0,3.0,11.0,0.0,0.0,0.0,,,,,,,,,,,,,,,,,,,,,,,,,,,,,,,,,,,,,,,,,,,,
235,29.0,7.0,52.0,13.0,25.0,17.0,30.0,0.0,12.0,36.0,4.0,24.0,27.0,7.0,0.0,65.0,0.0,0.0,1.0,0.0,29.0,0.0,36.0,28.0,14.0,9.0,20.0,0.0,65.0,0.0,71.0,0.0,0.0,0.0,0.0,0.0,0.0,294.0,121.0,0.0,0.0,0.0,0.0,0.0,,,,,,,,,,,,,,,,,,,,,,,,,,,,,,,,,,,,,,,,,,,,,,,,,,,,,,,
236,15.0,25.0,17.0,8.0,0.0,9.0,8.0,34.0,4.0,12.0,0.0,4.0,0.0,27.0,90.0,72.0,22.0,0.0,25.0,20.0,39.0,0.0,56.0,163.0,33.0,0.0,0.0,54.0,39.0,36.0,0.0,21.0,0.0,2.0,0.0,,,,,,,,,,,,,,,,,,,,,,,,,,,,,,,,,,,,,,,,,,,,,,,,,,,,,,,,,,,,,,,,
237,21.0,26.0,4.0,3.0,71.0,48.0,31.0,39.0,7.0,15.0,0.0,23.0,19.0,13.0,12.0,12.0,0.0,26.0,17.0,0.0,0.0,15.0,18.0,27.0,2.0,13.0,5.0,0.0,0.0,0.0,0.0,8.0,31.0,7.0,22.0,0.0,4.0,5.0,34.0,0.0,0.0,0.0,0.0,,,,,,,,,,,,,,,,,,,,,,,,,,,,,,,,,,,,,,,,,,,,,,,,,,,,,,,,
238,27.0,0.0,21.0,12.0,0.0,34.0,2.0,7.0,41.0,80.0,36.0,27.0,17.0,16.0,10.0,39.0,329.0,0.0,0.0,0.0,29.0,21.0,0.0,46.0,0.0,0.0,38.0,49.0,16.0,21.0,6.0,0.0,17.0,0.0,9.0,20.0,1.0,52.0,0.0,18.0,307.0,0.0,338.0,22.0,38.0,4.0,19.0,18.0,0.0,0.0,1.0,5.0,0.0,0.0,6.0,0.0,0.0,2.0,1.0,0.0,32.0,4.0,0.0,40.0,0.0,0.0,0.0,0.0,,,,,,,,,,,,,,,,,,,,,,,,,,,,,,,
239,35.0,31.0,11.0,7.0,9.0,0.0,0.0,5.0,51.0,4.0,48.0,4.0,0.0,22.0,0.0,40.0,24.0,0.0,0.0,26.0,0.0,0.0,4.0,149.0,79.0,0.0,41.0,21.0,894.0,81.0,161.0,389.0,93.0,33.0,97.0,0.0,0.0,0.0,0.0,0.0,0.0,0.0,0.0,0.0,0.0,,,,,,,,,,,,,,,,,,,,,,,,,,,,,,,,,,,,,,,,,,,,,,,,,,,,,,
240,9.0,28.0,13.0,0.0,13.0,0.0,2.0,0.0,19.0,15.0,25.0,36.0,0.0,30.0,12.0,0.0,5.0,4.0,32.0,0.0,10.0,5.0,4.0,8.0,0.0,1.0,6.0,0.0,3.0,0.0,0.0,0.0,,,,,,,,,,,,,,,,,,,,,,,,,,,,,,,,,,,,,,,,,,,,,,,,,,,,,,,,,,,,,,,,,,,
241,27.0,32.0,7.0,6.0,5.0,8.0,9.0,4.0,14.0,19.0,34.0,2.0,0.0,25.0,5.0,10.0,1.0,17.0,25.0,4.0,36.0,21.0,14.0,0.0,13.0,20.0,11.0,3.0,35.0,13.0,9.0,31.0,189.0,151.0,0.0,10.0,48.0,195.0,5.0,18.0,0.0,,,,,,,,,,,,,,,,,,,,,,,,,,,,,,,,,,,,,,,,,,,,,,,,,,,,,,,,,,
242,18.0,72.0,14.0,8.0,13.0,43.0,10.0,58.0,0.0,20.0,0.0,0.0,19.0,0.0,0.0,21.0,0.0,0.0,22.0,31.0,48.0,0.0,5.0,23.0,51.0,0.0,17.0,9.0,30.0,0.0,40.0,51.0,18.0,28.0,12.0,106.0,93.0,6.0,0.0,13.0,4.0,0.0,20.0,42.0,24.0,0.0,17.0,0.0,172.0,0.0,115.0,0.0,0.0,71.0,55.0,98.0,9.0,140.0,13.0,0.0,44.0,7.0,34.0,0.0,70.0,7.0,0.0,0.0,1.0,0.0,0.0,2.0,0.0,857.0,4.0,,,,,,,,,,,,,,,,,,,,,,,,
243,0.0,2.0,0.0,7.0,26.0,29.0,7.0,15.0,6.0,18.0,3.0,0.0,34.0,7.0,90.0,4.0,42.0,39.0,15.0,15.0,11.0,7.0,10.0,35.0,0.0,16.0,0.0,39.0,0.0,11.0,8.0,0.0,0.0,42.0,0.0,97.0,334.0,42.0,3.0,3.0,13.0,17.0,18.0,19.0,,,,,,,,,,,,,,,,,,,,,,,,,,,,,,,,,,,,,,,,,,,,,,,,,,,,,,,
244,4.0,34.0,0.0,23.0,12.0,11.0,11.0,10.0,23.0,0.0,17.0,7.0,6.0,40.0,8.0,1.0,0.0,25.0,0.0,0.0,0.0,0.0,0.0,10.0,0.0,25.0,8.0,38.0,7.0,16.0,16.0,7.0,217.0,0.0,0.0,8.0,0.0,0.0,0.0,1.0,0.0,0.0,3.0,0.0,0.0,0.0,0.0,,,,,,,,,,,,,,,,,,,,,,,,,,,,,,,,,,,,,,,,,,,,,,,,,,,,
245,35.0,0.0,10.0,6.0,5.0,12.0,4.0,4.0,14.0,39.0,18.0,7.0,0.0,0.0,1.0,52.0,37.0,21.0,22.0,16.0,5.0,33.0,20.0,0.0,6.0,63.0,5.0,0.0,28.0,16.0,0.0,32.0,0.0,48.0,13.0,41.0,0.0,0.0,0.0,156.0,28.0,5.0,22.0,0.0,0.0,0.0,0.0,0.0,0.0,0.0,0.0,0.0,0.0,0.0,0.0,0.0,0.0,,,,,,,,,,,,,,,,,,,,,,,,,,,,,,,,,,,,,,,,,,
246,7.0,21.0,34.0,5.0,0.0,41.0,10.0,2.0,0.0,10.0,0.0,0.0,34.0,27.0,42.0,25.0,13.0,111.0,0.0,8.0,0.0,0.0,20.0,7.0,7.0,4.0,2.0,7.0,4.0,18.0,283.0,0.0,87.0,0.0,0.0,0.0,0.0,0.0,0.0,,,,,,,,,,,,,,,,,,,,,,,,,,,,,,,,,,,,,,,,,,,,,,,,,,,,,,,,,,,,
247,16.0,5.0,0.0,1.0,0.0,26.0,0.0,9.0,36.0,2.0,0.0,0.0,14.0,10.0,0.0,0.0,9.0,11.0,8.0,0.0,0.0,18.0,24.0,26.0,0.0,7.0,0.0,0.0,10.0,0.0,0.0,0.0,0.0,0.0,0.0,4.0,25.0,0.0,6.0,9.0,16.0,0.0,0.0,0.0,0.0,6.0,0.0,0.0,0.0,0.0,,,,,,,,,,,,,,,,,,,,,,,,,,,,,,,,,,,,,,,,,,,,,,,,,
248,8.0,23.0,10.0,26.0,0.0,2.0,0.0,31.0,0.0,23.0,48.0,17.0,44.0,89.0,71.0,14.0,33.0,27.0,3.0,11.0,9.0,56.0,36.0,158.0,69.0,23.0,26.0,0.0,59.0,0.0,,,,,,,,,,,,,,,,,,,,,,,,,,,,,,,,,,,,,,,,,,,,,,,,,,,,,,,,,,,,,,,,,,,,,
249,6.0,14.0,68.0,9.0,6.0,19.0,0.0,0.0,71.0,103.0,28.0,0.0,23.0,33.0,63.0,41.0,203.0,49.0,16.0,0.0,51.0,66.0,0.0,0.0,,,,,,,,,,,,,,,,,,,,,,,,,,,,,,,,,,,,,,,,,,,,,,,,,,,,,,,,,,,,,,,,,,,,,,,,,,,
250,27.0,26.0,10.0,2.0,6.0,13.0,8.0,30.0,23.0,0.0,6.0,38.0,31.0,0.0,10.0,5.0,23.0,171.0,17.0,0.0,0.0,0.0,16.0,0.0,10.0,16.0,26.0,38.0,10.0,24.0,15.0,0.0,0.0,0.0,142.0,8.0,266.0,20.0,19.0,28.0,8.0,0.0,26.0,6.0,0.0,0.0,0.0,7.0,528.0,31.0,14.0,17.0,21.0,18.0,23.0,21.0,0.0,0.0,0.0,22.0,0.0,0.0,0.0,4.0,0.0,0.0,0.0,0.0,0.0,0.0,0.0,0.0,0.0,0.0,,,,,,,,,,,,,,,,,,,,,,,,,
251,9.0,13.0,18.0,9.0,24.0,16.0,27.0,0.0,0.0,23.0,30.0,7.0,35.0,31.0,45.0,18.0,0.0,30.0,17.0,8.0,75.0,12.0,45.0,82.0,77.0,0.0,84.0,3.0,0.0,0.0,0.0,0.0,0.0,0.0,307.0,0.0,0.0,0.0,340.0,,,,,,,,,,,,,,,,,,,,,,,,,,,,,,,,,,,,,,,,,,,,,,,,,,,,,,,,,,,,
252,8.0,37.0,15.0,3.0,1.0,25.0,0.0,14.0,32.0,26.0,35.0,0.0,0.0,0.0,22.0,66.0,8.0,53.0,19.0,9.0,0.0,0.0,0.0,36.0,45.0,13.0,483.0,416.0,6.0,0.0,0.0,0.0,0.0,15.0,40.0,225.0,0.0,0.0,0.0,0.0,32.0,3.0,0.0,8.0,0.0,0.0,0.0,0.0,,,,,,,,,,,,,,,,,,,,,,,,,,,,,,,,,,,,,,,,,,,,,,,,,,,
253,16.0,32.0,20.0,37.0,21.0,12.0,6.0,58.0,1.0,8.0,1.0,66.0,53.0,87.0,75.0,0.0,0.0,119.0,0.0,338.0,86.0,142.0,6.0,71.0,0.0,56.0,159.0,23.0,56.0,,,,,,,,,,,,,,,,,,,,,,,,,,,,,,,,,,,,,,,,,,,,,,,,,,,,,,,,,,,,,,,,,,,,,,
254,1.0,13.0,9.0,3.0,3.0,18.0,4.0,14.0,1.0,19.0,18.0,13.0,5.0,10.0,2.0,6.0,0.0,0.0,0.0,38.0,0.0,28.0,11.0,0.0,17.0,24.0,0.0,0.0,0.0,0.0,16.0,18.0,239.0,218.0,118.0,94.0,24.0,20.0,112.0,14.0,0.0,20.0,1.0,0.0,0.0,25.0,0.0,0.0,0.0,12.0,0.0,78.0,0.0,0.0,,,,,,,,,,,,,,,,,,,,,,,,,,,,,,,,,,,,,,,,,,,,,
255,32.0,24.0,10.0,12.0,2.0,10.0,21.0,29.0,23.0,18.0,8.0,20.0,0.0,12.0,45.0,0.0,,,,,,,,,,,,,,,,,,,,,,,,,,,,,,,,,,,,,,,,,,,,,,,,,,,,,,,,,,,,,,,,,,,,,,,,,,,,,,,,,,,
256,18.0,10.0,6.0,9.0,24.0,0.0,14.0,70.0,35.0,22.0,6.0,52.0,4.0,0.0,52.0,47.0,4.0,0.0,0.0,0.0,55.0,0.0,316.0,54.0,133.0,406.0,27.0,18.0,0.0,58.0,212.0,157.0,19.0,18.0,0.0,0.0,0.0,63.0,0.0,19.0,168.0,13.0,0.0,158.0,69.0,112.0,66.0,0.0,6.0,9.0,0.0,5.0,0.0,3.0,23.0,1.0,71.0,,,,,,,,,,,,,,,,,,,,,,,,,,,,,,,,,,,,,,,,,,
257,24.0,13.0,0.0,28.0,3.0,17.0,27.0,18.0,27.0,53.0,3.0,25.0,0.0,0.0,22.0,0.0,0.0,0.0,0.0,58.0,20.0,0.0,73.0,34.0,0.0,15.0,0.0,,,,,,,,,,,,,,,,,,,,,,,,,,,,,,,,,,,,,,,,,,,,,,,,,,,,,,,,,,,,,,,,,,,,,,,,
258,26.0,5.0,15.0,38.0,13.0,22.0,0.0,1.0,17.0,5.0,37.0,22.0,5.0,16.0,7.0,12.0,26.0,0.0,24.0,0.0,0.0,1.0,0.0,11.0,19.0,15.0,0.0,117.0,0.0,0.0,17.0,,,,,,,,,,,,,,,,,,,,,,,,,,,,,,,,,,,,,,,,,,,,,,,,,,,,,,,,,,,,,,,,,,,,
259,5.0,3.0,1.0,16.0,1.0,15.0,0.0,13.0,0.0,0.0,20.0,0.0,21.0,0.0,1.0,16.0,0.0,2.0,43.0,24.0,6.0,10.0,4.0,2.0,0.0,15.0,0.0,29.0,109.0,7.0,34.0,18.0,0.0,0.0,0.0,0.0,65.0,0.0,10.0,66.0,37.0,0.0,0.0,0.0,0.0,7.0,0.0,0.0,0.0,192.0,24.0,17.0,56.0,13.0,73.0,44.0,27.0,0.0,0.0,41.0,7.0,14.0,0.0,6.0,0.0,0.0,0.0,0.0,0.0,0.0,0.0,274.0,0.0,0.0,106.0,4.0,0.0,0.0,0.0,,,,,,,,,,,,,,,,,,,,
260,12.0,10.0,8.0,28.0,3.0,12.0,0.0,24.0,14.0,0.0,0.0,1.0,7.0,0.0,49.0,20.0,2.0,8.0,99.0,4.0,76.0,0.0,0.0,18.0,0.0,4.0,0.0,0.0,0.0,,,,,,,,,,,,,,,,,,,,,,,,,,,,,,,,,,,,,,,,,,,,,,,,,,,,,,,,,,,,,,,,,,,,,,
261,29.0,8.0,0.0,20.0,11.0,2.0,8.0,14.0,0.0,0.0,7.0,38.0,0.0,121.0,0.0,0.0,27.0,13.0,49.0,74.0,17.0,0.0,11.0,12.0,,,,,,,,,,,,,,,,,,,,,,,,,,,,,,,,,,,,,,,,,,,,,,,,,,,,,,,,,,,,,,,,,,,,,,,,,,,
262,27.0,4.0,16.0,29.0,13.0,44.0,23.0,4.0,73.0,25.0,0.0,0.0,296.0,84.0,69.0,0.0,65.0,0.0,0.0,5.0,0.0,57.0,0.0,0.0,4.0,36.0,0.0,45.0,0.0,0.0,40.0,0.0,0.0,0.0,0.0,0.0,0.0,1.0,6.0,152.0,6.0,41.0,0.0,24.0,0.0,25.0,10.0,1.0,3.0,3.0,0.0,0.0,0.0,0.0,125.0,29.0,0.0,0.0,0.0,0.0,,,,,,,,,,,,,,,,,,,,,,,,,,,,,,,,,,,,,,,
263,12.0,0.0,10.0,0.0,47.0,4.0,8.0,12.0,0.0,0.0,22.0,2.0,253.0,155.0,108.0,0.0,40.0,0.0,32.0,35.0,0.0,0.0,0.0,83.0,5.0,16.0,0.0,133.0,0.0,3.0,6.0,3.0,0.0,3.0,23.0,1.0,14.0,0.0,19.0,15.0,0.0,11.0,0.0,0.0,8.0,23.0,,,,,,,,,,,,,,,,,,,,,,,,,,,,,,,,,,,,,,,,,,,,,,,,,,,,,
264,22.0,25.0,0.0,0.0,10.0,20.0,52.0,11.0,56.0,27.0,0.0,12.0,41.0,7.0,7.0,119.0,11.0,15.0,50.0,111.0,46.0,27.0,0.0,5.0,34.0,26.0,24.0,11.0,15.0,1.0,24.0,0.0,8.0,17.0,21.0,11.0,12.0,47.0,0.0,0.0,5.0,17.0,44.0,4.0,0.0,0.0,33.0,0.0,24.0,52.0,9.0,0.0,16.0,46.0,0.0,154.0,128.0,10.0,34.0,0.0,48.0,80.0,0.0,177.0,125.0,173.0,0.0,9.0,3.0,67.0,2.0,0.0,0.0,0.0,,,,,,,,,,,,,,,,,,,,,,,,,
265,22.0,15.0,25.0,12.0,23.0,13.0,0.0,22.0,0.0,34.0,23.0,21.0,19.0,8.0,11.0,25.0,34.0,40.0,3.0,18.0,26.0,0.0,16.0,22.0,19.0,3.0,30.0,0.0,11.0,8.0,0.0,0.0,0.0,0.0,40.0,10.0,3.0,20.0,30.0,1.0,17.0,0.0,0.0,8.0,14.0,0.0,27.0,40.0,254.0,,,,,,,,,,,,,,,,,,,,,,,,,,,,,,,,,,,,,,,,,,,,,,,,,,
266,8.0,34.0,18.0,6.0,13.0,25.0,21.0,26.0,44.0,64.0,39.0,78.0,0.0,76.0,47.0,17.0,11.0,67.0,20.0,0.0,64.0,74.0,93.0,16.0,18.0,36.0,21.0,30.0,6.0,3.0,29.0,10.0,174.0,95.0,348.0,168.0,98.0,,,,,,,,,,,,,,,,,,,,,,,,,,,,,,,,,,,,,,,,,,,,,,,,,,,,,,,,,,,,,,
267,0.0,25.0,18.0,10.0,18.0,10.0,10.0,3.0,38.0,9.0,0.0,11.0,11.0,7.0,62.0,21.0,10.0,2.0,11.0,21.0,36.0,2.0,10.0,0.0,0.0,4.0,11.0,0.0,6.0,5.0,22.0,9.0,26.0,29.0,65.0,24.0,11.0,30.0,19.0,10.0,40.0,7.0,0.0,12.0,0.0,0.0,29.0,,,,,,,,,,,,,,,,,,,,,,,,,,,,,,,,,,,,,,,,,,,,,,,,,,,,
268,23.0,26.0,9.0,25.0,28.0,16.0,54.0,0.0,21.0,68.0,90.0,26.0,18.0,13.0,0.0,59.0,0.0,234.0,0.0,397.0,80.0,8.0,11.0,48.0,1.0,0.0,21.0,378.0,,,,,,,,,,,,,,,,,,,,,,,,,,,,,,,,,,,,,,,,,,,,,,,,,,,,,,,,,,,,,,,,,,,,,,,
269,15.0,4.0,20.0,7.0,14.0,17.0,1.0,6.0,0.0,26.0,0.0,20.0,36.0,2.0,91.0,14.0,0.0,46.0,29.0,8.0,40.0,19.0,15.0,56.0,35.0,170.0,0.0,0.0,0.0,1020.0,1.0,20.0,3.0,28.0,36.0,0.0,0.0,6.0,0.0,122.0,0.0,0.0,12.0,0.0,3.0,0.0,8.0,0.0,80.0,0.0,0.0,0.0,0.0,0.0,0.0,0.0,0.0,0.0,9.0,,,,,,,,,,,,,,,,,,,,,,,,,,,,,,,,,,,,,,,,
270,18.0,34.0,3.0,12.0,10.0,18.0,3.0,13.0,22.0,0.0,17.0,0.0,0.0,15.0,7.0,35.0,46.0,66.0,0.0,2.0,3.0,2.0,17.0,3.0,0.0,0.0,43.0,14.0,11.0,58.0,0.0,23.0,0.0,0.0,0.0,0.0,0.0,0.0,,,,,,,,,,,,,,,,,,,,,,,,,,,,,,,,,,,,,,,,,,,,,,,,,,,,,,,,,,,,,
271,16.0,9.0,0.0,3.0,9.0,6.0,35.0,0.0,20.0,16.0,1.0,0.0,24.0,0.0,0.0,41.0,17.0,47.0,10.0,35.0,53.0,0.0,10.0,72.0,39.0,131.0,0.0,0.0,0.0,0.0,10.0,0.0,,,,,,,,,,,,,,,,,,,,,,,,,,,,,,,,,,,,,,,,,,,,,,,,,,,,,,,,,,,,,,,,,,,
272,22.0,2.0,3.0,1.0,39.0,81.0,22.0,77.0,134.0,73.0,15.0,12.0,34.0,0.0,7.0,16.0,126.0,15.0,16.0,3.0,0.0,4.0,47.0,78.0,0.0,0.0,0.0,158.0,373.0,55.0,29.0,163.0,188.0,,,,,,,,,,,,,,,,,,,,,,,,,,,,,,,,,,,,,,,,,,,,,,,,,,,,,,,,,,,,,,,,,,
273,5.0,15.0,8.0,13.0,14.0,19.0,35.0,21.0,17.0,75.0,41.0,21.0,11.0,24.0,0.0,0.0,1.0,6.0,0.0,11.0,0.0,36.0,0.0,41.0,0.0,0.0,3.0,52.0,3.0,30.0,0.0,0.0,85.0,0.0,230.0,168.0,0.0,1.0,0.0,16.0,1.0,1.0,0.0,0.0,0.0,0.0,0.0,0.0,,,,,,,,,,,,,,,,,,,,,,,,,,,,,,,,,,,,,,,,,,,,,,,,,,,
274,26.0,0.0,22.0,0.0,28.0,4.0,0.0,10.0,12.0,56.0,19.0,50.0,50.0,0.0,4.0,42.0,0.0,7.0,35.0,8.0,31.0,9.0,103.0,1.0,62.0,25.0,57.0,0.0,37.0,203.0,196.0,51.0,0.0,4.0,0.0,,,,,,,,,,,,,,,,,,,,,,,,,,,,,,,,,,,,,,,,,,,,,,,,,,,,,,,,,,,,,,,,
275,2.0,22.0,1.0,59.0,0.0,2.0,44.0,11.0,7.0,1.0,57.0,32.0,0.0,13.0,22.0,0.0,6.0,0.0,23.0,0.0,1.0,0.0,0.0,0.0,109.0,3.0,0.0,22.0,0.0,14.0,20.0,0.0,0.0,4.0,12.0,11.0,29.0,0.0,40.0,28.0,89.0,0.0,1.0,0.0,0.0,1.0,0.0,0.0,0.0,0.0,0.0,0.0,0.0,0.0,0.0,0.0,7.0,5.0,0.0,0.0,0.0,0.0,4.0,737.0,0.0,0.0,0.0,0.0,0.0,0.0,0.0,,,,,,,,,,,,,,,,,,,,,,,,,,,,
276,0.0,27.0,43.0,4.0,0.0,27.0,28.0,19.0,37.0,21.0,6.0,0.0,177.0,0.0,0.0,44.0,0.0,0.0,28.0,0.0,42.0,0.0,0.0,0.0,,,,,,,,,,,,,,,,,,,,,,,,,,,,,,,,,,,,,,,,,,,,,,,,,,,,,,,,,,,,,,,,,,,,,,,,,,,
277,11.0,0.0,19.0,8.0,27.0,26.0,0.0,93.0,36.0,81.0,32.0,43.0,13.0,21.0,0.0,10.0,44.0,1.0,51.0,36.0,97.0,128.0,0.0,145.0,74.0,227.0,12.0,32.0,148.0,0.0,121.0,0.0,35.0,0.0,9.0,10.0,3.0,0.0,0.0,2.0,8.0,17.0,18.0,41.0,18.0,54.0,20.0,7.0,72.0,35.0,24.0,0.0,0.0,0.0,952.0,0.0,0.0,646.0,0.0,0.0,0.0,0.0,0.0,0.0,0.0,0.0,,,,,,,,,,,,,,,,,,,,,,,,,,,,,,,,,
278,10.0,7.0,46.0,8.0,33.0,0.0,62.0,15.0,11.0,6.0,0.0,19.0,61.0,29.0,40.0,58.0,17.0,22.0,61.0,55.0,29.0,16.0,24.0,26.0,20.0,16.0,32.0,0.0,13.0,170.0,0.0,0.0,104.0,52.0,23.0,38.0,0.0,74.0,118.0,86.0,0.0,23.0,0.0,0.0,82.0,0.0,135.0,67.0,0.0,17.0,0.0,23.0,0.0,0.0,87.0,104.0,34.0,0.0,0.0,0.0,108.0,0.0,,,,,,,,,,,,,,,,,,,,,,,,,,,,,,,,,,,,,
279,23.0,13.0,3.0,9.0,8.0,9.0,6.0,1.0,10.0,1.0,2.0,14.0,0.0,9.0,22.0,6.0,9.0,0.0,7.0,0.0,0.0,22.0,13.0,30.0,0.0,0.0,26.0,10.0,44.0,156.0,0.0,11.0,208.0,84.0,0.0,0.0,101.0,9.0,0.0,123.0,287.0,0.0,0.0,0.0,1.0,4.0,28.0,29.0,0.0,2.0,22.0,6.0,0.0,14.0,1.0,27.0,2.0,5.0,0.0,13.0,0.0,5.0,21.0,8.0,0.0,20.0,0.0,0.0,0.0,0.0,,,,,,,,,,,,,,,,,,,,,,,,,,,,,
280,5.0,8.0,8.0,11.0,0.0,4.0,10.0,16.0,8.0,0.0,6.0,23.0,1.0,0.0,11.0,24.0,26.0,71.0,0.0,4.0,0.0,17.0,17.0,0.0,0.0,0.0,45.0,2.0,0.0,14.0,63.0,165.0,186.0,6.0,39.0,11.0,32.0,161.0,52.0,75.0,0.0,42.0,1.0,0.0,23.0,39.0,34.0,17.0,57.0,0.0,0.0,0.0,0.0,0.0,0.0,0.0,0.0,,,,,,,,,,,,,,,,,,,,,,,,,,,,,,,,,,,,,,,,,,
281,9.0,7.0,24.0,0.0,27.0,23.0,6.0,35.0,13.0,36.0,0.0,7.0,2.0,3.0,0.0,0.0,19.0,13.0,6.0,35.0,0.0,8.0,10.0,0.0,0.0,0.0,7.0,0.0,5.0,31.0,7.0,1.0,9.0,3.0,0.0,15.0,2.0,0.0,0.0,10.0,0.0,0.0,0.0,0.0,0.0,0.0,0.0,,,,,,,,,,,,,,,,,,,,,,,,,,,,,,,,,,,,,,,,,,,,,,,,,,,,
282,14.0,0.0,0.0,13.0,22.0,8.0,21.0,23.0,35.0,8.0,3.0,21.0,30.0,4.0,5.0,0.0,12.0,6.0,16.0,2.0,29.0,0.0,49.0,0.0,6.0,5.0,7.0,8.0,1.0,23.0,7.0,7.0,7.0,7.0,31.0,0.0,22.0,3.0,55.0,0.0,0.0,9.0,0.0,54.0,56.0,75.0,25.0,30.0,9.0,6.0,14.0,0.0,215.0,0.0,99.0,89.0,0.0,83.0,12.0,0.0,7.0,13.0,0.0,0.0,30.0,67.0,0.0,0.0,0.0,0.0,0.0,0.0,0.0,,,,,,,,,,,,,,,,,,,,,,,,,,
283,8.0,11.0,21.0,26.0,20.0,8.0,5.0,12.0,9.0,12.0,44.0,17.0,36.0,12.0,0.0,2.0,9.0,0.0,0.0,0.0,0.0,14.0,0.0,0.0,10.0,6.0,2.0,68.0,0.0,102.0,38.0,10.0,36.0,54.0,44.0,91.0,0.0,51.0,57.0,49.0,0.0,10.0,14.0,47.0,15.0,15.0,50.0,72.0,107.0,80.0,54.0,79.0,1.0,11.0,1.0,15.0,11.0,72.0,5.0,0.0,0.0,0.0,18.0,1.0,92.0,45.0,36.0,17.0,16.0,63.0,100.0,0.0,93.0,0.0,0.0,0.0,0.0,0.0,0.0,0.0,0.0,0.0,,,,,,,,,,,,,,,,,
284,13.0,50.0,14.0,14.0,0.0,0.0,9.0,24.0,6.0,36.0,54.0,46.0,21.0,0.0,26.0,0.0,33.0,0.0,0.0,22.0,0.0,32.0,11.0,58.0,0.0,22.0,3.0,42.0,42.0,0.0,0.0,0.0,8.0,0.0,0.0,0.0,0.0,5.0,0.0,11.0,0.0,0.0,0.0,0.0,,,,,,,,,,,,,,,,,,,,,,,,,,,,,,,,,,,,,,,,,,,,,,,,,,,,,,,
285,39.0,31.0,0.0,2.0,5.0,9.0,0.0,15.0,0.0,36.0,16.0,10.0,8.0,0.0,0.0,4.0,22.0,5.0,11.0,16.0,16.0,9.0,14.0,3.0,5.0,9.0,5.0,23.0,15.0,3.0,0.0,16.0,0.0,0.0,199.0,19.0,0.0,0.0,43.0,0.0,0.0,0.0,0.0,0.0,,,,,,,,,,,,,,,,,,,,,,,,,,,,,,,,,,,,,,,,,,,,,,,,,,,,,,,
286,19.0,11.0,0.0,3.0,7.0,23.0,18.0,14.0,2.0,3.0,5.0,40.0,46.0,37.0,60.0,113.0,10.0,24.0,2.0,8.0,41.0,49.0,71.0,17.0,62.0,15.0,19.0,0.0,112.0,0.0,44.0,97.0,100.0,72.0,42.0,76.0,48.0,4.0,36.0,0.0,37.0,0.0,0.0,7.0,27.0,13.0,78.0,87.0,8.0,183.0,34.0,248.0,0.0,0.0,15.0,131.0,74.0,28.0,14.0,8.0,37.0,42.0,60.0,31.0,9.0,30.0,7.0,112.0,76.0,29.0,0.0,60.0,41.0,39.0,,,,,,,,,,,,,,,,,,,,,,,,,
287,16.0,11.0,6.0,0.0,0.0,6.0,4.0,69.0,0.0,18.0,13.0,21.0,4.0,34.0,30.0,94.0,50.0,62.0,50.0,0.0,73.0,0.0,109.0,16.0,61.0,0.0,33.0,66.0,0.0,73.0,8.0,96.0,26.0,2.0,0.0,4.0,41.0,413.0,2.0,59.0,25.0,43.0,0.0,18.0,0.0,,,,,,,,,,,,,,,,,,,,,,,,,,,,,,,,,,,,,,,,,,,,,,,,,,,,,,
288,26.0,33.0,30.0,0.0,7.0,0.0,32.0,21.0,0.0,0.0,24.0,16.0,29.0,0.0,0.0,16.0,7.0,115.0,0.0,15.0,18.0,22.0,23.0,10.0,6.0,28.0,42.0,29.0,0.0,5.0,130.0,0.0,0.0,99.0,0.0,23.0,25.0,0.0,0.0,43.0,17.0,1.0,0.0,0.0,0.0,0.0,0.0,,,,,,,,,,,,,,,,,,,,,,,,,,,,,,,,,,,,,,,,,,,,,,,,,,,,
289,7.0,36.0,23.0,16.0,23.0,9.0,106.0,29.0,33.0,48.0,0.0,8.0,29.0,18.0,116.0,192.0,71.0,0.0,14.0,4.0,248.0,51.0,130.0,64.0,79.0,34.0,29.0,19.0,0.0,289.0,0.0,0.0,10.0,0.0,88.0,0.0,0.0,,,,,,,,,,,,,,,,,,,,,,,,,,,,,,,,,,,,,,,,,,,,,,,,,,,,,,,,,,,,,,
290,3.0,42.0,0.0,4.0,0.0,22.0,3.0,29.0,9.0,2.0,0.0,6.0,14.0,5.0,25.0,11.0,40.0,0.0,10.0,0.0,11.0,0.0,34.0,0.0,0.0,9.0,33.0,0.0,4.0,,,,,,,,,,,,,,,,,,,,,,,,,,,,,,,,,,,,,,,,,,,,,,,,,,,,,,,,,,,,,,,,,,,,,,
291,9.0,9.0,0.0,10.0,12.0,0.0,0.0,20.0,12.0,6.0,0.0,0.0,8.0,11.0,0.0,7.0,0.0,0.0,11.0,49.0,0.0,31.0,0.0,48.0,1.0,0.0,0.0,91.0,127.0,0.0,0.0,6.0,13.0,30.0,22.0,0.0,31.0,0.0,61.0,18.0,62.0,0.0,0.0,77.0,135.0,2.0,274.0,38.0,0.0,27.0,0.0,0.0,53.0,21.0,13.0,4.0,,,,,,,,,,,,,,,,,,,,,,,,,,,,,,,,,,,,,,,,,,,
292,6.0,6.0,0.0,17.0,17.0,0.0,32.0,22.0,0.0,17.0,0.0,64.0,15.0,0.0,13.0,25.0,15.0,23.0,0.0,27.0,11.0,0.0,0.0,12.0,0.0,4.0,0.0,0.0,0.0,2.0,82.0,8.0,0.0,0.0,8.0,8.0,,,,,,,,,,,,,,,,,,,,,,,,,,,,,,,,,,,,,,,,,,,,,,,,,,,,,,,,,,,,,,,
293,0.0,0.0,6.0,12.0,17.0,13.0,7.0,9.0,0.0,1.0,19.0,0.0,49.0,2.0,29.0,0.0,19.0,51.0,108.0,185.0,109.0,63.0,325.0,62.0,91.0,25.0,,,,,,,,,,,,,,,,,,,,,,,,,,,,,,,,,,,,,,,,,,,,,,,,,,,,,,,,,,,,,,,,,,,,,,,,,
294,14.0,2.0,0.0,12.0,6.0,26.0,4.0,27.0,0.0,50.0,0.0,13.0,71.0,6.0,10.0,0.0,22.0,22.0,20.0,17.0,4.0,25.0,2.0,17.0,0.0,0.0,26.0,37.0,0.0,0.0,0.0,244.0,0.0,27.0,86.0,,,,,,,,,,,,,,,,,,,,,,,,,,,,,,,,,,,,,,,,,,,,,,,,,,,,,,,,,,,,,,,,
295,10.0,5.0,0.0,11.0,0.0,41.0,11.0,8.0,49.0,28.0,29.0,94.0,24.0,11.0,46.0,2.0,6.0,0.0,0.0,0.0,0.0,6.0,16.0,0.0,0.0,0.0,0.0,0.0,16.0,60.0,29.0,57.0,25.0,4.0,0.0,0.0,87.0,0.0,13.0,13.0,53.0,0.0,5.0,66.0,0.0,187.0,0.0,0.0,0.0,0.0,0.0,0.0,0.0,0.0,0.0,0.0,0.0,0.0,0.0,,,,,,,,,,,,,,,,,,,,,,,,,,,,,,,,,,,,,,,,
296,74.0,5.0,0.0,38.0,0.0,14.0,50.0,13.0,51.0,0.0,5.0,0.0,0.0,0.0,38.0,4.0,0.0,0.0,0.0,0.0,,,,,,,,,,,,,,,,,,,,,,,,,,,,,,,,,,,,,,,,,,,,,,,,,,,,,,,,,,,,,,,,,,,,,,,,,,,,,,,
297,9.0,1.0,24.0,10.0,9.0,14.0,13.0,6.0,2.0,14.0,23.0,32.0,0.0,4.0,0.0,21.0,12.0,14.0,67.0,914.0,967.0,30.0,22.0,27.0,0.0,161.0,29.0,1000.0,35.0,670.0,2.0,14.0,8.0,0.0,0.0,0.0,339.0,8.0,4.0,4.0,0.0,12.0,0.0,3.0,9.0,5.0,15.0,8.0,0.0,6.0,0.0,0.0,0.0,0.0,0.0,0.0,0.0,0.0,0.0,0.0,8.0,0.0,0.0,0.0,0.0,0.0,0.0,0.0,0.0,0.0,0.0,0.0,0.0,0.0,0.0,0.0,0.0,0.0,0.0,0.0,0.0,0.0,0.0,0.0,0.0,0.0,0.0,0.0,0.0,0.0,0.0,0.0,0.0,0.0,0.0,0.0,0.0,0.0,0.0
298,44.0,1.0,25.0,12.0,10.0,17.0,0.0,3.0,9.0,0.0,33.0,12.0,31.0,0.0,73.0,42.0,17.0,21.0,3.0,29.0,4.0,31.0,1.0,5.0,7.0,15.0,11.0,9.0,18.0,0.0,0.0,33.0,0.0,0.0,,,,,,,,,,,,,,,,,,,,,,,,,,,,,,,,,,,,,,,,,,,,,,,,,,,,,,,,,,,,,,,,,
299,1.0,22.0,11.0,16.0,8.0,0.0,23.0,6.0,1083.0,89.0,1.0,87.0,0.0,16.0,13.0,0.0,13.0,0.0,55.0,0.0,0.0,42.0,0.0,32.0,19.0,,,,,,,,,,,,,,,,,,,,,,,,,,,,,,,,,,,,,,,,,,,,,,,,,,,,,,,,,,,,,,,,,,,,,,,,,,
300,8.0,16.0,0.0,12.0,14.0,32.0,12.0,31.0,11.0,6.0,0.0,34.0,29.0,18.0,7.0,12.0,1.0,42.0,0.0,0.0,13.0,54.0,53.0,52.0,0.0,8.0,21.0,,,,,,,,,,,,,,,,,,,,,,,,,,,,,,,,,,,,,,,,,,,,,,,,,,,,,,,,,,,,,,,,,,,,,,,,
301,7.0,28.0,11.0,11.0,17.0,0.0,43.0,0.0,0.0,0.0,0.0,0.0,125.0,23.0,3.0,22.0,0.0,8.0,14.0,35.0,9.0,12.0,3.0,13.0,0.0,25.0,10.0,0.0,0.0,9.0,0.0,12.0,11.0,1.0,0.0,41.0,17.0,24.0,0.0,6.0,27.0,27.0,22.0,8.0,18.0,0.0,26.0,42.0,0.0,34.0,28.0,51.0,117.0,154.0,0.0,102.0,0.0,0.0,264.0,288.0,1.0,2.0,0.0,86.0,12.0,0.0,0.0,3.0,0.0,0.0,0.0,0.0,0.0,0.0,0.0,0.0,0.0,0.0,0.0,0.0,0.0,0.0,0.0,0.0,0.0,0.0,0.0,0.0,0.0,,,,,,,,,,
302,29.0,15.0,0.0,0.0,0.0,26.0,0.0,81.0,0.0,18.0,29.0,152.0,32.0,45.0,0.0,6.0,155.0,0.0,12.0,0.0,39.0,24.0,42.0,18.0,34.0,38.0,13.0,34.0,17.0,14.0,44.0,9.0,10.0,12.0,0.0,15.0,0.0,0.0,29.0,0.0,16.0,2.0,8.0,34.0,0.0,10.0,0.0,0.0,0.0,16.0,0.0,0.0,0.0,,,,,,,,,,,,,,,,,,,,,,,,,,,,,,,,,,,,,,,,,,,,,,
303,24.0,20.0,24.0,0.0,60.0,0.0,31.0,43.0,46.0,109.0,15.0,0.0,6.0,0.0,0.0,0.0,52.0,0.0,30.0,12.0,2.0,1.0,7.0,94.0,14.0,46.0,6.0,23.0,0.0,14.0,0.0,0.0,9.0,18.0,0.0,0.0,7.0,0.0,0.0,88.0,0.0,0.0,20.0,0.0,0.0,0.0,0.0,0.0,56.0,0.0,10.0,108.0,101.0,0.0,,,,,,,,,,,,,,,,,,,,,,,,,,,,,,,,,,,,,,,,,,,,,
304,15.0,10.0,32.0,9.0,14.0,8.0,11.0,0.0,23.0,6.0,16.0,18.0,35.0,56.0,13.0,0.0,0.0,0.0,12.0,15.0,18.0,9.0,0.0,0.0,22.0,20.0,0.0,,,,,,,,,,,,,,,,,,,,,,,,,,,,,,,,,,,,,,,,,,,,,,,,,,,,,,,,,,,,,,,,,,,,,,,,
305,16.0,52.0,9.0,15.0,0.0,28.0,0.0,9.0,33.0,7.0,31.0,0.0,20.0,5.0,8.0,7.0,9.0,27.0,104.0,14.0,26.0,0.0,20.0,1.0,0.0,20.0,0.0,0.0,94.0,87.0,7.0,0.0,0.0,166.0,17.0,0.0,292.0,0.0,,,,,,,,,,,,,,,,,,,,,,,,,,,,,,,,,,,,,,,,,,,,,,,,,,,,,,,,,,,,,
306,16.0,23.0,0.0,0.0,23.0,0.0,2.0,15.0,5.0,8.0,9.0,32.0,16.0,25.0,24.0,27.0,5.0,16.0,5.0,21.0,5.0,17.0,30.0,17.0,33.0,88.0,15.0,0.0,16.0,9.0,10.0,17.0,41.0,0.0,25.0,41.0,27.0,17.0,44.0,19.0,24.0,0.0,0.0,0.0,9.0,0.0,0.0,0.0,,,,,,,,,,,,,,,,,,,,,,,,,,,,,,,,,,,,,,,,,,,,,,,,,,,
307,2.0,12.0,10.0,8.0,14.0,29.0,13.0,0.0,0.0,1.0,7.0,185.0,32.0,42.0,25.0,11.0,24.0,71.0,81.0,10.0,102.0,0.0,0.0,0.0,0.0,12.0,72.0,100.0,0.0,32.0,0.0,0.0,16.0,0.0,0.0,0.0,0.0,0.0,0.0,0.0,,,,,,,,,,,,,,,,,,,,,,,,,,,,,,,,,,,,,,,,,,,,,,,,,,,,,,,,,,,
308,13.0,18.0,5.0,0.0,13.0,0.0,10.0,14.0,5.0,16.0,1.0,26.0,3.0,9.0,35.0,17.0,110.0,0.0,11.0,55.0,6.0,0.0,8.0,4.0,63.0,38.0,12.0,37.0,34.0,0.0,5.0,34.0,41.0,24.0,25.0,66.0,29.0,0.0,53.0,0.0,106.0,10.0,19.0,0.0,0.0,0.0,60.0,0.0,0.0,159.0,30.0,0.0,8.0,10.0,13.0,0.0,0.0,0.0,0.0,0.0,0.0,0.0,0.0,66.0,274.0,24.0,0.0,,,,,,,,,,,,,,,,,,,,,,,,,,,,,,,,
309,2.0,16.0,6.0,9.0,3.0,12.0,21.0,31.0,0.0,19.0,0.0,6.0,15.0,53.0,10.0,32.0,9.0,0.0,3.0,0.0,18.0,0.0,0.0,71.0,9.0,19.0,0.0,40.0,44.0,0.0,0.0,6.0,19.0,7.0,47.0,12.0,0.0,0.0,164.0,0.0,37.0,0.0,0.0,,,,,,,,,,,,,,,,,,,,,,,,,,,,,,,,,,,,,,,,,,,,,,,,,,,,,,,,
310,3.0,4.0,26.0,0.0,6.0,3.0,0.0,26.0,37.0,13.0,13.0,33.0,8.0,5.0,5.0,33.0,0.0,0.0,31.0,47.0,81.0,38.0,37.0,58.0,14.0,9.0,22.0,0.0,0.0,0.0,0.0,0.0,24.0,17.0,47.0,28.0,44.0,0.0,0.0,50.0,16.0,4.0,30.0,0.0,11.0,7.0,0.0,0.0,1.0,0.0,0.0,6.0,106.0,88.0,0.0,20.0,10.0,14.0,,,,,,,,,,,,,,,,,,,,,,,,,,,,,,,,,,,,,,,,,
311,17.0,22.0,1.0,7.0,0.0,20.0,20.0,0.0,15.0,15.0,23.0,0.0,0.0,0.0,27.0,4.0,0.0,13.0,0.0,14.0,0.0,8.0,13.0,2.0,7.0,0.0,0.0,0.0,0.0,0.0,0.0,0.0,0.0,0.0,0.0,0.0,0.0,,,,,,,,,,,,,,,,,,,,,,,,,,,,,,,,,,,,,,,,,,,,,,,,,,,,,,,,,,,,,,
312,37.0,14.0,7.0,17.0,16.0,20.0,8.0,27.0,2.0,5.0,18.0,20.0,17.0,21.0,0.0,13.0,0.0,30.0,1.0,4.0,2.0,5.0,2.0,8.0,10.0,0.0,9.0,0.0,0.0,0.0,0.0,0.0,7.0,3.0,0.0,0.0,3.0,7.0,0.0,10.0,3.0,4.0,3.0,0.0,2.0,1.0,3.0,0.0,0.0,0.0,0.0,0.0,0.0,0.0,0.0,0.0,0.0,0.0,0.0,0.0,,,,,,,,,,,,,,,,,,,,,,,,,,,,,,,,,,,,,,,
313,0.0,25.0,4.0,8.0,4.0,7.0,5.0,17.0,7.0,46.0,9.0,0.0,71.0,8.0,0.0,12.0,10.0,0.0,2.0,23.0,0.0,17.0,0.0,13.0,13.0,21.0,0.0,11.0,20.0,23.0,9.0,0.0,0.0,10.0,6.0,0.0,0.0,0.0,0.0,0.0,0.0,0.0,0.0,38.0,13.0,2.0,7.0,7.0,0.0,20.0,2.0,6.0,,,,,,,,,,,,,,,,,,,,,,,,,,,,,,,,,,,,,,,,,,,,,,,
314,11.0,45.0,12.0,0.0,19.0,4.0,0.0,16.0,31.0,0.0,9.0,0.0,7.0,0.0,53.0,0.0,6.0,60.0,2.0,0.0,0.0,0.0,0.0,148.0,0.0,234.0,0.0,3.0,2.0,22.0,51.0,0.0,4.0,44.0,8.0,60.0,9.0,11.0,175.0,0.0,0.0,6.0,,,,,,,,,,,,,,,,,,,,,,,,,,,,,,,,,,,,,,,,,,,,,,,,,,,,,,,,,
315,25.0,7.0,22.0,0.0,12.0,17.0,28.0,22.0,24.0,0.0,17.0,29.0,28.0,20.0,7.0,66.0,11.0,31.0,14.0,10.0,57.0,0.0,0.0,76.0,0.0,293.0,47.0,244.0,0.0,50.0,72.0,,,,,,,,,,,,,,,,,,,,,,,,,,,,,,,,,,,,,,,,,,,,,,,,,,,,,,,,,,,,,,,,,,,,
316,0.0,21.0,15.0,0.0,35.0,42.0,0.0,0.0,0.0,18.0,19.0,0.0,23.0,37.0,0.0,94.0,0.0,80.0,0.0,35.0,3.0,0.0,0.0,56.0,87.0,0.0,25.0,44.0,0.0,37.0,7.0,1.0,0.0,177.0,29.0,9.0,0.0,0.0,0.0,0.0,0.0,0.0,0.0,0.0,0.0,0.0,0.0,0.0,,,,,,,,,,,,,,,,,,,,,,,,,,,,,,,,,,,,,,,,,,,,,,,,,,,
317,13.0,14.0,0.0,0.0,16.0,16.0,2.0,3.0,30.0,2.0,20.0,15.0,2.0,1.0,9.0,16.0,3.0,0.0,0.0,6.0,4.0,3.0,3.0,2.0,31.0,0.0,12.0,33.0,4.0,0.0,0.0,0.0,0.0,0.0,0.0,0.0,,,,,,,,,,,,,,,,,,,,,,,,,,,,,,,,,,,,,,,,,,,,,,,,,,,,,,,,,,,,,,,
318,14.0,11.0,2.0,0.0,19.0,0.0,14.0,9.0,6.0,10.0,29.0,15.0,13.0,9.0,9.0,10.0,7.0,2.0,0.0,6.0,28.0,4.0,37.0,18.0,6.0,72.0,38.0,89.0,36.0,21.0,72.0,61.0,7.0,19.0,48.0,26.0,190.0,52.0,58.0,35.0,16.0,16.0,14.0,0.0,44.0,101.0,0.0,58.0,44.0,0.0,0.0,0.0,0.0,0.0,0.0,0.0,,,,,,,,,,,,,,,,,,,,,,,,,,,,,,,,,,,,,,,,,,,
319,8.0,15.0,14.0,10.0,16.0,0.0,0.0,15.0,24.0,31.0,13.0,26.0,50.0,0.0,702.0,23.0,44.0,0.0,70.0,35.0,11.0,0.0,0.0,87.0,0.0,0.0,102.0,3.0,7.0,213.0,27.0,88.0,12.0,34.0,28.0,113.0,31.0,12.0,0.0,6.0,16.0,41.0,57.0,84.0,57.0,,,,,,,,,,,,,,,,,,,,,,,,,,,,,,,,,,,,,,,,,,,,,,,,,,,,,,
320,11.0,11.0,4.0,1.0,33.0,9.0,8.0,60.0,26.0,0.0,16.0,5.0,3.0,0.0,16.0,17.0,2.0,40.0,33.0,9.0,71.0,0.0,0.0,286.0,0.0,6.0,0.0,12.0,0.0,0.0,,,,,,,,,,,,,,,,,,,,,,,,,,,,,,,,,,,,,,,,,,,,,,,,,,,,,,,,,,,,,,,,,,,,,
321,6.0,34.0,13.0,0.0,0.0,0.0,7.0,11.0,8.0,14.0,0.0,4.0,7.0,5.0,0.0,36.0,13.0,75.0,82.0,0.0,34.0,19.0,0.0,36.0,146.0,23.0,0.0,1.0,0.0,13.0,3.0,,,,,,,,,,,,,,,,,,,,,,,,,,,,,,,,,,,,,,,,,,,,,,,,,,,,,,,,,,,,,,,,,,,,
322,0.0,0.0,21.0,16.0,17.0,21.0,1.0,20.0,11.0,29.0,6.0,13.0,12.0,23.0,14.0,19.0,0.0,40.0,2.0,7.0,30.0,66.0,0.0,0.0,7.0,0.0,31.0,0.0,31.0,143.0,0.0,112.0,8.0,0.0,2.0,249.0,40.0,38.0,220.0,170.0,0.0,308.0,0.0,0.0,0.0,0.0,0.0,0.0,0.0,0.0,,,,,,,,,,,,,,,,,,,,,,,,,,,,,,,,,,,,,,,,,,,,,,,,,
323,17.0,1.0,23.0,15.0,8.0,8.0,62.0,34.0,62.0,126.0,13.0,26.0,0.0,13.0,11.0,30.0,26.0,27.0,17.0,9.0,0.0,30.0,10.0,13.0,4.0,84.0,0.0,26.0,73.0,29.0,159.0,0.0,38.0,65.0,58.0,51.0,23.0,56.0,5.0,0.0,60.0,0.0,56.0,3.0,261.0,0.0,77.0,53.0,0.0,0.0,264.0,0.0,0.0,0.0,,,,,,,,,,,,,,,,,,,,,,,,,,,,,,,,,,,,,,,,,,,,,
324,17.0,10.0,20.0,26.0,9.0,0.0,5.0,8.0,13.0,0.0,10.0,3.0,16.0,1.0,0.0,55.0,57.0,0.0,0.0,58.0,14.0,20.0,0.0,9.0,0.0,15.0,0.0,0.0,10.0,29.0,0.0,43.0,43.0,10.0,9.0,67.0,29.0,196.0,0.0,16.0,0.0,15.0,0.0,2.0,0.0,0.0,0.0,0.0,,,,,,,,,,,,,,,,,,,,,,,,,,,,,,,,,,,,,,,,,,,,,,,,,,,
325,0.0,1.0,28.0,6.0,3.0,0.0,66.0,29.0,88.0,1.0,7.0,39.0,0.0,19.0,39.0,8.0,44.0,0.0,35.0,65.0,324.0,38.0,148.0,257.0,56.0,,,,,,,,,,,,,,,,,,,,,,,,,,,,,,,,,,,,,,,,,,,,,,,,,,,,,,,,,,,,,,,,,,,,,,,,,,
326,1.0,15.0,20.0,31.0,25.0,28.0,9.0,25.0,29.0,19.0,93.0,0.0,50.0,0.0,34.0,14.0,0.0,0.0,7.0,4.0,8.0,15.0,16.0,9.0,41.0,0.0,0.0,15.0,0.0,0.0,24.0,64.0,20.0,0.0,99.0,105.0,64.0,156.0,0.0,0.0,3.0,0.0,0.0,258.0,0.0,37.0,0.0,,,,,,,,,,,,,,,,,,,,,,,,,,,,,,,,,,,,,,,,,,,,,,,,,,,,
327,10.0,11.0,0.0,17.0,11.0,28.0,30.0,9.0,16.0,0.0,0.0,17.0,23.0,1.0,36.0,36.0,64.0,42.0,5.0,0.0,16.0,12.0,79.0,39.0,12.0,15.0,17.0,19.0,6.0,0.0,8.0,19.0,0.0,0.0,29.0,54.0,0.0,22.0,0.0,8.0,0.0,0.0,0.0,9.0,0.0,0.0,0.0,0.0,0.0,0.0,0.0,0.0,0.0,0.0,0.0,0.0,3.0,10.0,0.0,,,,,,,,,,,,,,,,,,,,,,,,,,,,,,,,,,,,,,,,
328,16.0,0.0,8.0,12.0,5.0,23.0,2.0,19.0,6.0,4.0,0.0,0.0,12.0,0.0,9.0,9.0,69.0,18.0,30.0,25.0,10.0,14.0,2.0,44.0,48.0,52.0,57.0,293.0,86.0,87.0,30.0,0.0,0.0,0.0,0.0,,,,,,,,,,,,,,,,,,,,,,,,,,,,,,,,,,,,,,,,,,,,,,,,,,,,,,,,,,,,,,,,
329,0.0,6.0,13.0,0.0,18.0,11.0,24.0,16.0,0.0,25.0,16.0,3.0,45.0,24.0,2.0,0.0,23.0,0.0,4.0,3.0,0.0,0.0,8.0,3.0,11.0,5.0,3.0,0.0,0.0,0.0,,,,,,,,,,,,,,,,,,,,,,,,,,,,,,,,,,,,,,,,,,,,,,,,,,,,,,,,,,,,,,,,,,,,,
330,0.0,11.0,0.0,1.0,49.0,9.0,24.0,31.0,0.0,14.0,158.0,27.0,0.0,0.0,9.0,75.0,0.0,29.0,30.0,0.0,69.0,30.0,51.0,0.0,0.0,10.0,8.0,0.0,0.0,0.0,0.0,0.0,0.0,,,,,,,,,,,,,,,,,,,,,,,,,,,,,,,,,,,,,,,,,,,,,,,,,,,,,,,,,,,,,,,,,,
331,12.0,0.0,28.0,15.0,7.0,0.0,4.0,0.0,11.0,23.0,0.0,3.0,58.0,11.0,11.0,34.0,0.0,15.0,10.0,62.0,20.0,8.0,25.0,17.0,14.0,10.0,27.0,75.0,10.0,13.0,11.0,12.0,46.0,59.0,0.0,8.0,0.0,84.0,30.0,0.0,37.0,28.0,3.0,0.0,63.0,47.0,21.0,0.0,37.0,58.0,821.0,118.0,349.0,0.0,3.0,0.0,225.0,11.0,2.0,21.0,486.0,0.0,0.0,0.0,0.0,0.0,,,,,,,,,,,,,,,,,,,,,,,,,,,,,,,,,
332,15.0,0.0,36.0,0.0,0.0,14.0,9.0,11.0,0.0,10.0,6.0,0.0,12.0,0.0,11.0,6.0,35.0,0.0,17.0,0.0,1.0,12.0,6.0,2.0,3.0,4.0,33.0,25.0,3.0,59.0,45.0,3.0,13.0,0.0,10.0,0.0,0.0,0.0,1.0,39.0,0.0,0.0,9.0,26.0,94.0,1.0,9.0,0.0,138.0,0.0,10.0,0.0,43.0,0.0,0.0,0.0,0.0,0.0,0.0,0.0,9.0,132.0,40.0,0.0,26.0,54.0,0.0,0.0,17.0,0.0,0.0,0.0,0.0,0.0,0.0,0.0,0.0,0.0,,,,,,,,,,,,,,,,,,,,,
333,14.0,0.0,13.0,0.0,0.0,0.0,8.0,20.0,14.0,0.0,28.0,58.0,15.0,66.0,12.0,9.0,0.0,0.0,8.0,8.0,9.0,49.0,0.0,5.0,5.0,4.0,0.0,48.0,,,,,,,,,,,,,,,,,,,,,,,,,,,,,,,,,,,,,,,,,,,,,,,,,,,,,,,,,,,,,,,,,,,,,,,
334,7.0,0.0,19.0,24.0,20.0,0.0,0.0,0.0,0.0,0.0,0.0,0.0,0.0,,,,,,,,,,,,,,,,,,,,,,,,,,,,,,,,,,,,,,,,,,,,,,,,,,,,,,,,,,,,,,,,,,,,,,,,,,,,,,,,,,,,,,
335,28.0,16.0,49.0,0.0,14.0,30.0,38.0,17.0,0.0,10.0,23.0,13.0,18.0,29.0,10.0,4.0,62.0,0.0,55.0,19.0,0.0,5.0,46.0,0.0,15.0,10.0,55.0,0.0,4.0,69.0,35.0,99.0,67.0,0.0,0.0,96.0,294.0,41.0,0.0,0.0,0.0,0.0,,,,,,,,,,,,,,,,,,,,,,,,,,,,,,,,,,,,,,,,,,,,,,,,,,,,,,,,,
336,4.0,7.0,55.0,7.0,0.0,14.0,8.0,29.0,5.0,0.0,12.0,1.0,13.0,0.0,2.0,2.0,29.0,70.0,13.0,52.0,8.0,5.0,53.0,17.0,5.0,123.0,9.0,3.0,0.0,27.0,0.0,173.0,0.0,0.0,135.0,108.0,52.0,132.0,18.0,0.0,38.0,2.0,3.0,102.0,27.0,0.0,74.0,34.0,,,,,,,,,,,,,,,,,,,,,,,,,,,,,,,,,,,,,,,,,,,,,,,,,,,
337,16.0,23.0,12.0,13.0,5.0,8.0,29.0,16.0,5.0,15.0,8.0,11.0,15.0,19.0,28.0,38.0,26.0,19.0,12.0,89.0,35.0,20.0,93.0,61.0,155.0,104.0,0.0,0.0,24.0,48.0,46.0,22.0,42.0,14.0,40.0,15.0,4.0,67.0,18.0,4.0,0.0,65.0,16.0,106.0,0.0,0.0,0.0,173.0,12.0,4.0,0.0,0.0,0.0,0.0,,,,,,,,,,,,,,,,,,,,,,,,,,,,,,,,,,,,,,,,,,,,,
338,0.0,18.0,0.0,8.0,17.0,10.0,12.0,11.0,0.0,19.0,32.0,5.0,0.0,21.0,13.0,53.0,46.0,15.0,1.0,0.0,25.0,25.0,23.0,60.0,0.0,0.0,14.0,1.0,11.0,0.0,13.0,0.0,0.0,3.0,0.0,0.0,2.0,0.0,0.0,0.0,0.0,0.0,0.0,0.0,0.0,0.0,0.0,0.0,0.0,0.0,0.0,0.0,0.0,0.0,0.0,0.0,0.0,0.0,0.0,0.0,0.0,0.0,0.0,0.0,0.0,0.0,0.0,,,,,,,,,,,,,,,,,,,,,,,,,,,,,,,,
339,10.0,10.0,15.0,11.0,4.0,18.0,35.0,2.0,2.0,0.0,0.0,56.0,0.0,26.0,0.0,23.0,14.0,26.0,22.0,32.0,21.0,6.0,300.0,0.0,12.0,0.0,35.0,327.0,94.0,346.0,0.0,,,,,,,,,,,,,,,,,,,,,,,,,,,,,,,,,,,,,,,,,,,,,,,,,,,,,,,,,,,,,,,,,,,,
340,6.0,33.0,4.0,25.0,0.0,8.0,8.0,4.0,40.0,7.0,4.0,13.0,6.0,12.0,0.0,21.0,29.0,0.0,0.0,16.0,14.0,55.0,0.0,7.0,1.0,49.0,0.0,20.0,40.0,0.0,0.0,0.0,22.0,111.0,0.0,44.0,0.0,0.0,0.0,10.0,115.0,9.0,23.0,0.0,30.0,0.0,0.0,16.0,0.0,246.0,0.0,0.0,0.0,89.0,0.0,0.0,0.0,0.0,0.0,,,,,,,,,,,,,,,,,,,,,,,,,,,,,,,,,,,,,,,,
341,14.0,27.0,41.0,2.0,13.0,39.0,5.0,37.0,6.0,21.0,8.0,70.0,35.0,71.0,22.0,24.0,40.0,0.0,12.0,17.0,96.0,337.0,85.0,8.0,34.0,48.0,0.0,0.0,0.0,0.0,0.0,0.0,,,,,,,,,,,,,,,,,,,,,,,,,,,,,,,,,,,,,,,,,,,,,,,,,,,,,,,,,,,,,,,,,,,
342,10.0,2.0,18.0,7.0,24.0,0.0,25.0,18.0,0.0,14.0,6.0,14.0,0.0,8.0,0.0,25.0,3.0,0.0,15.0,8.0,147.0,26.0,67.0,53.0,7.0,12.0,12.0,0.0,13.0,2.0,26.0,0.0,0.0,0.0,0.0,9.0,0.0,0.0,50.0,0.0,0.0,0.0,0.0,0.0,2.0,7.0,9.0,0.0,2.0,0.0,7.0,0.0,2.0,18.0,69.0,0.0,0.0,0.0,0.0,0.0,0.0,,,,,,,,,,,,,,,,,,,,,,,,,,,,,,,,,,,,,,
343,0.0,27.0,7.0,2.0,18.0,1.0,20.0,0.0,0.0,0.0,23.0,33.0,16.0,21.0,0.0,52.0,0.0,0.0,15.0,28.0,15.0,0.0,0.0,1.0,1.0,79.0,29.0,47.0,1.0,8.0,43.0,0.0,11.0,89.0,41.0,0.0,0.0,4.0,74.0,0.0,28.0,0.0,0.0,0.0,2.0,14.0,34.0,14.0,0.0,9.0,0.0,0.0,383.0,9.0,4.0,4.0,8.0,12.0,0.0,13.0,31.0,34.0,37.0,220.0,0.0,0.0,0.0,0.0,0.0,0.0,0.0,0.0,0.0,0.0,0.0,0.0,,,,,,,,,,,,,,,,,,,,,,,
344,36.0,0.0,21.0,5.0,14.0,6.0,8.0,20.0,0.0,0.0,57.0,23.0,30.0,0.0,38.0,36.0,13.0,3.0,28.0,1.0,0.0,22.0,0.0,25.0,146.0,0.0,0.0,8.0,20.0,11.0,8.0,0.0,0.0,10.0,0.0,18.0,64.0,0.0,39.0,0.0,0.0,97.0,14.0,74.0,0.0,148.0,2.0,50.0,0.0,13.0,0.0,0.0,0.0,1.0,0.0,0.0,0.0,1.0,,,,,,,,,,,,,,,,,,,,,,,,,,,,,,,,,,,,,,,,,
345,26.0,9.0,9.0,22.0,3.0,0.0,7.0,14.0,0.0,20.0,0.0,23.0,2.0,0.0,33.0,8.0,31.0,17.0,16.0,4.0,39.0,0.0,50.0,0.0,0.0,0.0,0.0,17.0,15.0,4.0,0.0,0.0,0.0,24.0,,,,,,,,,,,,,,,,,,,,,,,,,,,,,,,,,,,,,,,,,,,,,,,,,,,,,,,,,,,,,,,,,
346,4.0,16.0,18.0,0.0,27.0,16.0,43.0,35.0,27.0,13.0,11.0,0.0,0.0,10.0,0.0,19.0,109.0,4.0,15.0,39.0,5.0,10.0,0.0,20.0,0.0,15.0,0.0,0.0,19.0,0.0,26.0,20.0,6.0,0.0,0.0,0.0,0.0,13.0,10.0,0.0,0.0,0.0,0.0,9.0,0.0,0.0,166.0,0.0,0.0,0.0,0.0,0.0,162.0,15.0,66.0,52.0,60.0,41.0,27.0,0.0,9.0,0.0,7.0,0.0,0.0,0.0,0.0,0.0,0.0,0.0,51.0,0.0,108.0,0.0,0.0,0.0,0.0,0.0,0.0,0.0,0.0,,,,,,,,,,,,,,,,,,
347,5.0,5.0,6.0,3.0,19.0,0.0,22.0,29.0,2.0,5.0,13.0,10.0,6.0,3.0,3.0,11.0,12.0,67.0,6.0,30.0,24.0,130.0,74.0,36.0,0.0,38.0,3.0,0.0,0.0,58.0,77.0,173.0,12.0,51.0,42.0,0.0,41.0,218.0,26.0,0.0,12.0,99.0,101.0,0.0,52.0,22.0,0.0,106.0,119.0,31.0,12.0,102.0,24.0,6.0,,,,,,,,,,,,,,,,,,,,,,,,,,,,,,,,,,,,,,,,,,,,,
348,10.0,3.0,29.0,0.0,36.0,3.0,0.0,32.0,37.0,0.0,5.0,37.0,5.0,14.0,10.0,44.0,13.0,0.0,0.0,0.0,27.0,25.0,120.0,0.0,62.0,30.0,0.0,32.0,87.0,35.0,46.0,34.0,10.0,,,,,,,,,,,,,,,,,,,,,,,,,,,,,,,,,,,,,,,,,,,,,,,,,,,,,,,,,,,,,,,,,,
349,24.0,9.0,2.0,9.0,29.0,7.0,75.0,14.0,41.0,0.0,0.0,0.0,15.0,31.0,6.0,5.0,17.0,17.0,25.0,0.0,0.0,13.0,15.0,0.0,0.0,13.0,25.0,0.0,0.0,48.0,101.0,0.0,204.0,0.0,6.0,2.0,28.0,16.0,125.0,0.0,13.0,0.0,119.0,0.0,0.0,0.0,195.0,687.0,50.0,5.0,0.0,0.0,267.0,0.0,23.0,0.0,1.0,0.0,2.0,2.0,0.0,8.0,0.0,0.0,0.0,0.0,0.0,0.0,0.0,0.0,0.0,0.0,0.0,8.0,0.0,0.0,0.0,0.0,0.0,0.0,0.0,0.0,0.0,0.0,0.0,0.0,0.0,0.0,0.0,0.0,0.0,0.0,0.0,0.0,0.0,0.0,0.0,,
350,21.0,12.0,0.0,30.0,27.0,8.0,14.0,4.0,27.0,64.0,13.0,15.0,75.0,16.0,33.0,34.0,34.0,0.0,2.0,5.0,18.0,11.0,0.0,8.0,8.0,8.0,13.0,0.0,16.0,15.0,44.0,38.0,27.0,22.0,0.0,21.0,6.0,3.0,0.0,5.0,4.0,0.0,18.0,0.0,0.0,1.0,10.0,0.0,0.0,0.0,0.0,0.0,0.0,,,,,,,,,,,,,,,,,,,,,,,,,,,,,,,,,,,,,,,,,,,,,,
351,1.0,19.0,16.0,2.0,20.0,0.0,13.0,23.0,12.0,1.0,11.0,0.0,82.0,9.0,40.0,7.0,44.0,4.0,13.0,17.0,12.0,64.0,63.0,18.0,130.0,0.0,135.0,59.0,14.0,45.0,0.0,73.0,0.0,20.0,0.0,15.0,0.0,13.0,0.0,0.0,0.0,65.0,24.0,144.0,20.0,,,,,,,,,,,,,,,,,,,,,,,,,,,,,,,,,,,,,,,,,,,,,,,,,,,,,,
352,28.0,10.0,0.0,0.0,42.0,4.0,6.0,15.0,5.0,0.0,45.0,38.0,0.0,54.0,0.0,0.0,4.0,4.0,10.0,17.0,9.0,12.0,62.0,0.0,0.0,7.0,13.0,0.0,29.0,0.0,25.0,17.0,10.0,5.0,20.0,0.0,6.0,20.0,27.0,34.0,13.0,19.0,7.0,11.0,0.0,9.0,6.0,7.0,50.0,,,,,,,,,,,,,,,,,,,,,,,,,,,,,,,,,,,,,,,,,,,,,,,,,,
353,29.0,11.0,12.0,0.0,8.0,8.0,7.0,17.0,2.0,6.0,0.0,0.0,21.0,90.0,62.0,95.0,25.0,0.0,0.0,58.0,1.0,9.0,23.0,5.0,19.0,21.0,21.0,60.0,25.0,26.0,6.0,30.0,0.0,0.0,120.0,92.0,0.0,0.0,0.0,400.0,6.0,0.0,0.0,0.0,0.0,0.0,0.0,0.0,,,,,,,,,,,,,,,,,,,,,,,,,,,,,,,,,,,,,,,,,,,,,,,,,,,
354,24.0,0.0,19.0,30.0,0.0,1.0,13.0,0.0,19.0,10.0,20.0,0.0,4.0,9.0,17.0,1.0,15.0,0.0,12.0,5.0,31.0,11.0,4.0,3.0,2.0,22.0,0.0,4.0,100.0,70.0,178.0,44.0,15.0,65.0,0.0,4.0,41.0,0.0,0.0,17.0,11.0,0.0,238.0,0.0,32.0,15.0,0.0,2.0,0.0,0.0,0.0,0.0,0.0,0.0,0.0,0.0,,,,,,,,,,,,,,,,,,,,,,,,,,,,,,,,,,,,,,,,,,,
355,21.0,11.0,10.0,20.0,22.0,16.0,10.0,11.0,0.0,19.0,26.0,14.0,12.0,0.0,7.0,3.0,73.0,0.0,21.0,79.0,4.0,31.0,22.0,146.0,13.0,3.0,0.0,0.0,0.0,42.0,4.0,45.0,6.0,47.0,0.0,5.0,0.0,0.0,0.0,0.0,0.0,0.0,,,,,,,,,,,,,,,,,,,,,,,,,,,,,,,,,,,,,,,,,,,,,,,,,,,,,,,,,
356,13.0,11.0,18.0,4.0,0.0,0.0,21.0,10.0,12.0,22.0,13.0,5.0,52.0,46.0,45.0,26.0,17.0,13.0,8.0,0.0,9.0,13.0,0.0,6.0,55.0,65.0,6.0,14.0,93.0,25.0,0.0,65.0,6.0,124.0,34.0,145.0,0.0,7.0,0.0,0.0,7.0,0.0,0.0,0.0,0.0,0.0,0.0,,,,,,,,,,,,,,,,,,,,,,,,,,,,,,,,,,,,,,,,,,,,,,,,,,,,
357,16.0,12.0,0.0,24.0,16.0,3.0,12.0,33.0,3.0,3.0,6.0,16.0,12.0,26.0,17.0,8.0,35.0,26.0,27.0,27.0,97.0,0.0,0.0,0.0,0.0,0.0,39.0,8.0,1.0,16.0,16.0,20.0,44.0,5.0,0.0,18.0,63.0,4.0,0.0,18.0,146.0,88.0,0.0,113.0,21.0,89.0,18.0,19.0,5.0,4.0,70.0,58.0,3.0,33.0,120.0,332.0,86.0,0.0,,,,,,,,,,,,,,,,,,,,,,,,,,,,,,,,,,,,,,,,,
358,8.0,22.0,10.0,30.0,1.0,0.0,6.0,3.0,0.0,0.0,0.0,0.0,0.0,63.0,15.0,0.0,0.0,0.0,1.0,17.0,0.0,12.0,5.0,0.0,0.0,0.0,0.0,0.0,1.0,0.0,0.0,0.0,0.0,11.0,0.0,0.0,0.0,6.0,0.0,0.0,5.0,11.0,0.0,0.0,0.0,0.0,0.0,0.0,0.0,0.0,0.0,0.0,0.0,0.0,,,,,,,,,,,,,,,,,,,,,,,,,,,,,,,,,,,,,,,,,,,,,
359,17.0,37.0,22.0,14.0,20.0,19.0,0.0,4.0,5.0,8.0,9.0,3.0,41.0,66.0,87.0,0.0,11.0,44.0,1.0,115.0,20.0,0.0,0.0,71.0,0.0,0.0,0.0,2.0,33.0,1.0,15.0,17.0,53.0,0.0,16.0,6.0,8.0,4.0,0.0,0.0,28.0,8.0,33.0,36.0,45.0,0.0,4.0,2.0,78.0,2.0,78.0,26.0,0.0,5.0,64.0,28.0,0.0,23.0,34.0,0.0,34.0,159.0,367.0,59.0,13.0,94.0,0.0,262.0,,,,,,,,,,,,,,,,,,,,,,,,,,,,,,,
360,12.0,6.0,10.0,0.0,15.0,0.0,0.0,0.0,0.0,11.0,1.0,4.0,78.0,3.0,12.0,32.0,0.0,4.0,13.0,37.0,45.0,0.0,0.0,48.0,0.0,95.0,0.0,4.0,69.0,3.0,39.0,32.0,113.0,40.0,27.0,33.0,20.0,0.0,4.0,13.0,0.0,30.0,4.0,0.0,88.0,0.0,20.0,0.0,0.0,0.0,0.0,0.0,0.0,0.0,,,,,,,,,,,,,,,,,,,,,,,,,,,,,,,,,,,,,,,,,,,,,
