,Event,Site,Date,Round,White,Black,Result,BlackElo,ECO,EventCategory,EventCountry,EventDate,EventRounds,EventType,PlyCount,Source,SourceDate,SourceQuality,SourceTitle,SourceVersion,SourceVersionDate,WhiteElo,BlackTeam,WhiteTeam,BlackTeamCountry,WhiteTeamCountry
0,82nd Tata Steel GpA,Wijk aan Zee NED,2020.01.11,1.1,"Carlsen, M.","Giri, A.",1/2-1/2,2768,A22,20,NED,2020.01.11,13,tourn,49,Mark Crowther,2020.01.13,2,The Week in Chess 1314,1,2020.01.13,2872,,,,
1,82nd Tata Steel GpA,Wijk aan Zee NED,2020.01.12,2.1,Yu Yangyi,"Carlsen, M.",1/2-1/2,2872,B90,20,NED,2020.01.11,13,tourn,61,Mark Crowther,2020.01.13,2,The Week in Chess 1314,1,2020.01.13,2726,,,,
2,82nd Tata Steel GpA,Wijk aan Zee NED,2020.01.13,3.1,"Carlsen, M.","Xiong, Jeffery",1/2-1/2,2712,D41,20,NED,2020.01.11,13,tourn,112,Mark Crowther,2020.01.13,2,The Week in Chess 1314,1,2020.01.13,2872,,,,
3,82nd Tata Steel GpA,Wijk aan Zee NED,2020.01.14,4.1,"Van Foreest, Jorden","Carlsen, M.",1/2-1/2,2872,C58,20,NED,2020.01.11,13,tourn,89,,,,,,,2644,,,,
4,82nd Tata Steel GpA,Wijk aan Zee NED,2020.01.16,5.1,"Carlsen, M.","Dubov, Daniil",1/2-1/2,2683,B31,20,NED,2020.01.11,13,tourn,93,,,,,,,2872,,,,
5,82nd Tata Steel GpA,Wijk aan Zee NED,2020.01.17,6.1,"Carlsen, M.","Caruana, F.",1/2-1/2,2822,D37,20,NED,2020.01.11,13,tourn,55,,,,,,,2872,,,,
6,82nd Tata Steel GpA,Wijk aan Zee NED,2020.01.18,7.1,"Anand, V.","Carlsen, M.",1/2-1/2,2872,B31,20,NED,2020.01.11,13,tourn,107,,,,,,,2758,,,,
7,82nd Tata Steel GpA,Wijk aan Zee NED,2020.01.19,8.1,"Carlsen, M.","Vitiugov, N.",1-0,2747,C84,20,NED,2020.01.11,13,tourn,59,,,,,,,2872,,,,
8,82nd Tata Steel GpA,Wijk aan Zee NED,2020.01.21,9.1,"Firouzja, Alireza","Carlsen, M.",0-1,2872,C65,20,NED,2020.01.11,13,tourn,78,Mark Crowther,2020.01.27,2,The Week in Chess 1316,1,2020.01.27,2723,,,,
9,82nd Tata Steel GpA,Wijk aan Zee NED,2020.01.22,10.1,"Carlsen, M.","Kovalev, Vl",1-0,2660,D55,20,NED,2020.01.11,13,tourn,73,Mark Crowther,2020.01.27,2,The Week in Chess 1316,1,2020.01.27,2872,,,,
10,82nd Tata Steel GpA,Wijk aan Zee NED,2020.01.24,11.1,"Duda, J.","Carlsen, M.",1/2-1/2,2872,C53,20,NED,2020.01.11,13,tourn,86,Mark Crowther,2020.01.27,2,The Week in Chess 1316,1,2020.01.27,2758,,,,
11,82nd Tata Steel GpA,Wijk aan Zee NED,2020.01.25,12.1,"Carlsen, M.","Artemiev, V.",1/2-1/2,2731,D85,20,NED,2020.01.11,13,tourn,73,Mark Crowther,2020.01.27,2,The Week in Chess 1316,1,2020.01.27,2872,,,,
12,82nd Tata Steel GpA,Wijk aan Zee NED,2020.01.26,13.1,"So, W.","Carlsen, M.",1/2-1/2,2872,C47,20,NED,2020.01.11,13,tourn,103,Mark Crowther,2020.01.27,2,The Week in Chess 1316,1,2020.01.27,2765,,,,
13,TCh-NOR Ostland Div 1,Norway NOR,2020.03.08,11.51,"Carlsen, M.","Ramirez Garrastacho, M.",1-0,2135,B30,,NOR,2019.11.02,11,team,69,Mark Crowther,2020.03.09,2,The Week in Chess 1322,1,2020.03.09,2862,Stjernen 1,Offerspill 1,,
14,8th Norway Chess 2020,Stavanger NOR,2020.10.05,1.1,"Aronian, L.","Carlsen, M.",1/2-1/2,2863,E51,21,NOR,2020.10.05,10,tourn,60,Mark Crowther,2020.10.05,2,The Week in Chess 1352,1,2020.10.05,2767,,,,
15,8th Norway Chess 2020,Stavanger NOR,2020.10.06,2.1,"Carlsen, M.","Firouzja, Alireza",1/2-1/2,2728,D35,21,NOR,2020.10.05,10,tourn,103,Mark Crowther,2020.10.12,2,The Week in Chess 1353,2,2020.10.13,2863,,,,
16,8th Norway Chess 2020,Stavanger NOR,2020.10.07,3.1,"Tari, A.","Carlsen, M.",0-1,2863,B69,21,NOR,2020.10.05,10,tourn,90,Mark Crowther,2020.10.12,2,The Week in Chess 1353,2,2020.10.13,2633,,,,
17,8th Norway Chess 2020,Stavanger NOR,2020.10.08,4.1,"Carlsen, M.","Caruana, F.",1-0,2828,E32,21,NOR,2020.10.05,10,tourn,101,Mark Crowther,2020.10.12,2,The Week in Chess 1353,2,2020.10.13,2863,,,,
18,8th Norway Chess 2020,Stavanger NOR,2020.10.10,5.1,"Duda, J.","Carlsen, M.",1-0,2863,B15,21,NOR,2020.10.05,10,tourn,125,Mark Crowther,2020.10.12,2,The Week in Chess 1353,2,2020.10.13,2757,,,,
19,8th Norway Chess 2020,Stavanger NOR,2020.10.11,6.1,"Carlsen, M.","Duda, J.",1-0,2757,D10,21,NOR,2020.10.05,10,tourn,51,Mark Crowther,2020.10.12,2,The Week in Chess 1353,2,2020.10.13,2863,,,,
20,8th Norway Chess 2020,Stavanger NOR,2020.10.12,7.1,"Caruana, F.","Carlsen, M.",1/2-1/2,2863,B31,21,NOR,2020.10.05,10,tourn,78,Mark Crowther,2020.10.12,2,The Week in Chess 1353,2,2020.10.13,2828,,,,
21,8th Norway Chess 2020,Stavanger NOR,2020.10.13,8.1,"Carlsen, M.","Tari, A.",1-0,2633,C84,21,NOR,2020.10.05,10,tourn,89,Mark Crowther,2020.10.20,2,The Week in Chess 1354,1,2020.10.20,2863,,,,
22,8th Norway Chess 2020,Stavanger NOR,2020.10.15,9.1,"Firouzja, Alireza","Carlsen, M.",0-1,2863,A05,21,NOR,2020.10.05,10,tourn,138,Mark Crowther,2020.10.20,2,The Week in Chess 1354,1,2020.10.20,2728,,,,
23,8th Norway Chess 2020,Stavanger NOR,2020.10.16,10.1,"Carlsen, M.","Aronian, L.",0-1,2767,D37,21,NOR,2020.10.05,10,tourn,115,Mark Crowther,2020.10.20,2,The Week in Chess 1354,1,2020.10.20,2863,,,,
24,83rd Tata Steel Masters,Wijk aan Zee NED,2021.01.16,1.1,"Carlsen, M.","Firouzja, Alireza",1-0,2749,D37,19,NED,2021.01.16,13,tourn,79,Mark Crowther,2021.01.18,2,The Week in Chess 1367,1,2021.01.18,2862,,,,
25,83rd Tata Steel Masters,Wijk aan Zee NED,2021.01.17,2.1,"Anton Guijarro, D.","Carlsen, M.",1/2-1/2,2862,B34,19,NED,2021.01.16,13,tourn,137,Mark Crowther,2021.01.18,2,The Week in Chess 1367,1,2021.01.18,2679,,,,
26,83rd Tata Steel Masters,Wijk aan Zee NED,2021.01.18,3.1,"Carlsen, M.","Tari, A.",1/2-1/2,2625,D41,19,NED,2021.01.16,13,tourn,111,Mark Crowther,2021.01.18,2,The Week in Chess 1367,1,2021.01.18,2862,,,,
27,83rd Tata Steel Masters,Wijk aan Zee NED,2021.01.19,4.1,"Van Foreest, Jorden","Carlsen, M.",1/2-1/2,2862,C78,19,NED,2021.01.16,13,tourn,116,Mark Crowther,2021.01.25,2,The Week in Chess 1368,1,2021.01.25,2671,,,,
28,83rd Tata Steel Masters,Wijk aan Zee NED,2021.01.21,5.1,"Carlsen, M.","Donchenko, Alexa",1/2-1/2,2668,B90,19,NED,2021.01.16,13,tourn,137,Mark Crowther,2021.01.25,2,The Week in Chess 1368,1,2021.01.25,2862,,,,
29,83rd Tata Steel Masters,Wijk aan Zee NED,2021.01.22,6.1,"Duda, J.","Carlsen, M.",1/2-1/2,2862,C50,19,NED,2021.01.16,13,tourn,101,Mark Crowther,2021.01.25,2,The Week in Chess 1368,1,2021.01.25,2743,,,,
30,83rd Tata Steel Masters,Wijk aan Zee NED,2021.01.23,7.1,"Carlsen, M.","Harikrishna, P.",1/2-1/2,2732,B47,19,NED,2021.01.16,13,tourn,60,Mark Crowther,2021.01.25,2,The Week in Chess 1368,1,2021.01.25,2862,,,,
31,83rd Tata Steel Masters,Wijk aan Zee NED,2021.01.24,8.1,"Esipenko, Andrey","Carlsen, M.",1-0,2862,B84,19,NED,2021.01.16,13,tourn,75,Mark Crowther,2021.01.25,2,The Week in Chess 1368,1,2021.01.25,2677,,,,
32,83rd Tata Steel Masters,Wijk aan Zee NED,2021.01.26,9.1,"Carlsen, M.","Grandelius, N.",1-0,2663,B90,19,NED,2021.01.16,13,tourn,129,Mark Crowther,2021.02.01,2,The Week in Chess 1369,1,2021.02.01,2862,,,,
33,83rd Tata Steel Masters,Wijk aan Zee NED,2021.01.27,10.1,"Caruana, F.","Carlsen, M.",1/2-1/2,2862,E00,19,NED,2021.01.16,13,tourn,83,Mark Crowther,2021.02.01,2,The Week in Chess 1369,1,2021.02.01,2823,,,,
34,83rd Tata Steel Masters,Wijk aan Zee NED,2021.01.29,11.1,"Carlsen, M.","Giri, A.",1/2-1/2,2764,C53,19,NED,2021.01.16,13,tourn,83,Mark Crowther,2021.02.01,2,The Week in Chess 1369,1,2021.02.01,2862,,,,
35,83rd Tata Steel Masters,Wijk aan Zee NED,2021.01.30,12.1,"Wojtaszek, R.","Carlsen, M.",1/2-1/2,2862,D45,19,NED,2021.01.16,13,tourn,69,Mark Crowther,2021.02.01,2,The Week in Chess 1369,1,2021.02.01,2705,,,,
36,83rd Tata Steel Masters,Wijk aan Zee NED,2021.01.31,13.3,"Carlsen, M.","Vachier Lagrave, M.",1-0,2784,D85,19,NED,2021.01.16,13,tourn,79,Mark Crowther,2021.02.01,2,The Week in Chess 1369,1,2021.02.01,2862,,,,
37,FIDE World Cup 2021,Krasnaya Polyana RUS,2021.07.15,2.1,"Martinovic, Sa","Carlsen, M.",0-1,2847,D85,,RUS,2021.07.12,8,k.o.,68,Mark Crowther,2021.07.19,2,The Week in Chess 1393,3,2021.07.20,2548,,,,
38,FIDE World Cup 2021,Krasnaya Polyana RUS,2021.07.16,2.2,"Carlsen, M.","Martinovic, Sa",1-0,2548,B56,,RUS,2021.07.12,8,k.o.,153,Mark Crowther,2021.07.19,2,The Week in Chess 1393,3,2021.07.20,2847,,,,
39,FIDE World Cup 2021,Krasnaya Polyana RUS,2021.07.18,3.1,"Carlsen, M.","Tari, A.",1-0,2639,A13,,RUS,2021.07.12,8,k.o.,79,Mark Crowther,2021.07.19,2,The Week in Chess 1393,3,2021.07.20,2847,,,,
40,FIDE World Cup 2021,Krasnaya Polyana RUS,2021.07.19,3.2,"Tari, A.","Carlsen, M.",0-1,2847,B46,,RUS,2021.07.12,8,k.o.,149,Mark Crowther,2021.07.19,2,The Week in Chess 1393,3,2021.07.20,2639,,,,
41,FIDE World Cup 2021,Krasnaya Polyana RUS,2021.07.22,4.1,"Wojtaszek, R.","Carlsen, M.",1/2-1/2,2847,E06,,RUS,2021.07.12,8,k.o.,70,Mark Crowther,2021.07.26,2,The Week in Chess 1394,3,2021.07.27,2691,,,,
42,FIDE World Cup 2021,Krasnaya Polyana RUS,2021.07.23,4.2,"Carlsen, M.","Wojtaszek, R.",1/2-1/2,2691,B51,,RUS,2021.07.12,8,k.o.,68,Mark Crowther,2021.07.26,2,The Week in Chess 1394,3,2021.07.27,2847,,,,
43,FIDE World Cup 2021,Krasnaya Polyana RUS,2021.07.24,4.3,"Wojtaszek, R.","Carlsen, M.",1/2-1/2,2847,E01,,RUS,2021.07.12,8,k.o.,72,Mark Crowther,2021.07.26,2,The Week in Chess 1394,3,2021.07.27,2691,,,,
44,FIDE World Cup 2021,Krasnaya Polyana RUS,2021.07.24,4.4,"Carlsen, M.","Wojtaszek, R.",1-0,2691,E47,,RUS,2021.07.12,8,k.o.,95,Mark Crowther,2021.07.26,2,The Week in Chess 1394,3,2021.07.27,2847,,,,
45,FIDE World Cup 2021,Krasnaya Polyana RUS,2021.07.25,5.1,"Carlsen, M.","Esipenko, Andrey",1/2-1/2,2716,E10,,RUS,2021.07.12,8,k.o.,48,Mark Crowther,2021.07.26,2,The Week in Chess 1394,3,2021.07.27,2847,,,,
46,FIDE World Cup 2021,Krasnaya Polyana RUS,2021.07.26,5.2,"Esipenko, Andrey","Carlsen, M.",1/2-1/2,2847,C53,,RUS,2021.07.12,8,k.o.,71,Mark Crowther,2021.07.26,2,The Week in Chess 1394,3,2021.07.27,2716,,,,
47,FIDE World Cup 2021,Krasnaya Polyana RUS,2021.07.27,5.3,"Carlsen, M.","Esipenko, Andrey",1/2-1/2,2716,E10,,RUS,2021.07.12,8,k.o.,96,Mark Crowther,2021.08.02,2,The Week in Chess 1395,1,2021.08.02,2847,,,,
48,FIDE World Cup 2021,Krasnaya Polyana RUS,2021.07.27,5.4,"Esipenko, Andrey","Carlsen, M.",1/2-1/2,2847,C53,,RUS,2021.07.12,8,k.o.,170,Mark Crowther,2021.08.02,2,The Week in Chess 1395,1,2021.08.02,2716,,,,
49,FIDE World Cup 2021,Krasnaya Polyana RUS,2021.07.27,5.5,"Carlsen, M.","Esipenko, Andrey",1-0,2716,E10,,RUS,2021.07.12,8,k.o.,61,Mark Crowther,2021.08.02,2,The Week in Chess 1395,1,2021.08.02,2847,,,,
50,FIDE World Cup 2021,Krasnaya Polyana RUS,2021.07.27,5.6,"Esipenko, Andrey","Carlsen, M.",1-0,2847,C53,,RUS,2021.07.12,8,k.o.,127,Mark Crowther,2021.08.02,2,The Week in Chess 1395,1,2021.08.02,2716,,,,
51,FIDE World Cup 2021,Krasnaya Polyana RUS,2021.07.27,5.7,"Carlsen, M.","Esipenko, Andrey",1-0,2716,C65,,RUS,2021.07.12,8,k.o.,123,Mark Crowther,2021.08.02,2,The Week in Chess 1395,1,2021.08.02,2847,,,,
52,FIDE World Cup 2021,Krasnaya Polyana RUS,2021.07.27,5.8,"Esipenko, Andrey","Carlsen, M.",0-1,2847,C53,,RUS,2021.07.12,8,k.o.,86,Mark Crowther,2021.08.02,2,The Week in Chess 1395,1,2021.08.02,2716,,,,
53,FIDE World Cup 2021,Krasnaya Polyana RUS,2021.07.28,6.1,"Bacrot, E.","Carlsen, M.",0-1,2847,C88,,RUS,2021.07.12,8,k.o.,88,Mark Crowther,2021.08.02,2,The Week in Chess 1395,1,2021.08.02,2678,,,,
54,FIDE World Cup 2021,Krasnaya Polyana RUS,2021.07.29,6.2,"Carlsen, M.","Bacrot, E.",1-0,2678,B52,,RUS,2021.07.12,8,k.o.,77,Mark Crowther,2021.08.02,2,The Week in Chess 1395,1,2021.08.02,2847,,,,
55,FIDE World Cup 2021,Krasnaya Polyana RUS,2021.08.01,7.1,"Carlsen, M.","Duda, J.",1/2-1/2,2738,D37,,RUS,2021.07.12,8,k.o.,63,Mark Crowther,2021.08.02,2,The Week in Chess 1395,1,2021.08.02,2847,,,,
56,FIDE World Cup 2021,Krasnaya Polyana RUS,2021.08.02,7.2,"Duda, J.","Carlsen, M.",1/2-1/2,2847,C88,,RUS,2021.07.12,8,k.o.,129,Mark Crowther,2021.08.02,2,The Week in Chess 1395,1,2021.08.02,2738,,,,
57,FIDE World Cup 2021,Krasnaya Polyana RUS,2021.08.03,7.3,"Duda, J.","Carlsen, M.",1/2-1/2,2847,C65,,RUS,2021.07.12,8,k.o.,66,Mark Crowther,2021.08.10,2,The Week in Chess 1396,1,2021.08.10,2738,,,,
58,FIDE World Cup 2021,Krasnaya Polyana RUS,2021.08.03,7.4,"Carlsen, M.","Duda, J.",0-1,2738,B52,,RUS,2021.07.12,8,k.o.,148,Mark Crowther,2021.08.10,2,The Week in Chess 1396,1,2021.08.10,2847,,,,
59,FIDE World Cup 2021,Krasnaya Polyana RUS,2021.08.04,8.1,"Fedoseev, Vl3","Carlsen, M.",0-1,2847,E60,,RUS,2021.07.12,8,k.o.,82,Mark Crowther,2021.08.10,2,The Week in Chess 1396,1,2021.08.10,2696,,,,
60,FIDE World Cup 2021,Krasnaya Polyana RUS,2021.08.05,8.2,"Carlsen, M.","Fedoseev, Vl3",1-0,2696,B12,,RUS,2021.07.12,8,k.o.,98,Mark Crowther,2021.08.10,2,The Week in Chess 1396,1,2021.08.10,2847,,,,
61,9th Norway Chess 2021,Stavanger NOR,2021.09.07,1.1,"Firouzja, Alireza","Carlsen, M.",1/2-1/2,2855,B30,21,NOR,2021.09.07,10,tourn,77,Mark Crowther,2021.09.13,2,The Week in Chess 1401,1,2021.09.13,2754,,,,
62,9th Norway Chess 2021,Stavanger NOR,2021.09.08,2.1,"Carlsen, M.","Tari, A.",1/2-1/2,2642,C50,21,NOR,2021.09.07,10,tourn,92,Mark Crowther,2021.09.13,2,The Week in Chess 1401,1,2021.09.13,2855,,,,
63,9th Norway Chess 2021,Stavanger NOR,2021.09.09,3.1,"Rapport, R.","Carlsen, M.",1/2-1/2,2855,E94,21,NOR,2021.09.07,10,tourn,36,Mark Crowther,2021.09.13,2,The Week in Chess 1401,1,2021.09.13,2760,,,,
64,9th Norway Chess 2021,Stavanger NOR,2021.09.10,4.1,"Carlsen, M.","Nepomniachtchi, I.",1/2-1/2,2792,C67,21,NOR,2021.09.07,10,tourn,77,Mark Crowther,2021.09.13,2,The Week in Chess 1401,1,2021.09.13,2855,,,,
65,9th Norway Chess 2021,Stavanger NOR,2021.09.12,5.1,"Karjakin, Sergey","Carlsen, M.",1-0,2855,B33,21,NOR,2021.09.07,10,tourn,107,Mark Crowther,2021.09.13,2,The Week in Chess 1401,1,2021.09.13,2758,,,,
66,9th Norway Chess 2021,Stavanger NOR,2021.09.13,6.1,"Carlsen, M.","Firouzja, Alireza",1-0,2754,C78,21,NOR,2021.09.07,10,tourn,103,Mark Crowther,2021.09.13,2,The Week in Chess 1401,1,2021.09.13,2855,,,,
67,9th Norway Chess 2021,Stavanger NOR,2021.09.14,7.1,"Tari, A.","Carlsen, M.",0-1,2855,C88,21,NOR,2021.09.07,10,tourn,102,Mark Crowther,2021.09.20,2,The Week in Chess 1402,1,2021.09.20,2642,,,,
68,9th Norway Chess 2021,Stavanger NOR,2021.09.15,8.1,"Carlsen, M.","Rapport, R.",1-0,2760,C65,21,NOR,2021.09.07,10,tourn,153,Mark Crowther,2021.09.20,2,The Week in Chess 1402,1,2021.09.20,2855,,,,
69,9th Norway Chess 2021,Stavanger NOR,2021.09.16,9.1,"Carlsen, M.","Karjakin, Sergey",1-0,2758,C65,21,NOR,2021.09.07,10,tourn,105,Mark Crowther,2021.09.20,2,The Week in Chess 1402,1,2021.09.20,2855,,,,
70,9th Norway Chess 2021,Stavanger NOR,2021.09.17,10.1,"Nepomniachtchi, I.","Carlsen, M.",1/2-1/2,2855,C53,21,NOR,2021.09.07,10,tourn,65,Mark Crowther,2021.09.20,2,The Week in Chess 1402,1,2021.09.20,2792,,,,
71,36th ECC Open 2021,Struga MKD,2021.09.20,3.6,"Sarrau, J.","Carlsen, M.",0-1,2855,A20,,MKD,2021.09.18,7,team,182,Mark Crowther,2021.09.27,2,The Week in Chess 1403,2,2021.09.29,2374,Offerspill Chess Club,Zuid-Limburg,,
72,36th ECC Open 2021,Struga MKD,2021.09.21,4.6,"Carlsen, M.","Llobel Cortell, E.",1-0,2392,B30,,MKD,2021.09.18,7,team,67,Mark Crowther,2021.09.27,2,The Week in Chess 1403,2,2021.09.29,2855,Andreu Paterna,Offerspill Chess Club,,
73,36th ECC Open 2021,Struga MKD,2021.09.22,5.3,"Mamedyarov, S.","Carlsen, M.",1/2-1/2,2855,E62,,MKD,2021.09.18,7,team,137,Mark Crowther,2021.09.27,2,The Week in Chess 1403,2,2021.09.29,2762,Offerspill Chess Club,Alkaloid,,
74,TCh-NOR Elite 2021-22,Norway NOR,2021.10.29,1.2,"Arvola, B.","Carlsen, M.",0-1,2855,B14,,NOR,2021.10.29,9,team,114,Mark Crowther,2021.11.01,2,The Week in Chess 1408,1,2021.11.01,2471,Offerspill,Tromso,,
75,WCh 2021,Dubai UAE,2021.11.26,1,"Nepomniachtchi, I.","Carlsen, M.",1/2-1/2,2855,C88,,UAE,2021.11.26,11,match,89,Mark Crowther,2021.11.29,2,The Week in Chess 1412,3,2021.11.30,2782,,,,
76,WCh 2021,Dubai UAE,2021.11.27,2,"Carlsen, M.","Nepomniachtchi, I.",1/2-1/2,2782,E06,,UAE,2021.11.26,11,match,116,Mark Crowther,2021.11.29,2,The Week in Chess 1412,3,2021.11.30,2855,,,,
77,WCh 2021,Dubai UAE,2021.11.28,3,"Nepomniachtchi, I.","Carlsen, M.",1/2-1/2,2855,C88,,UAE,2021.11.26,11,match,81,Mark Crowther,2021.11.29,2,The Week in Chess 1412,3,2021.11.30,2782,,,,
78,WCh 2021,Dubai UAE,2021.11.30,4,"Carlsen, M.","Nepomniachtchi, I.",1/2-1/2,2782,C42,,UAE,2021.11.26,11,match,65,Mark Crowther,2021.12.06,2,The Week in Chess 1413,1,2021.12.06,2855,,,,
79,WCh 2021,Dubai UAE,2021.12.01,5,"Nepomniachtchi, I.","Carlsen, M.",1/2-1/2,2855,C88,,UAE,2021.11.26,11,match,85,Mark Crowther,2021.12.06,2,The Week in Chess 1413,1,2021.12.06,2782,,,,
80,WCh 2021,Dubai UAE,2021.12.03,6,"Carlsen, M.","Nepomniachtchi, I.",1-0,2782,D02,,UAE,2021.11.26,11,match,271,Mark Crowther,2021.12.06,2,The Week in Chess 1413,1,2021.12.06,2855,,,,
81,WCh 2021,Dubai UAE,2021.12.04,7,"Nepomniachtchi, I.","Carlsen, M.",1/2-1/2,2855,C88,,UAE,2021.11.26,11,match,81,Mark Crowther,2021.12.06,2,The Week in Chess 1413,1,2021.12.06,2782,,,,
82,WCh 2021,Dubai UAE,2021.12.05,8,"Carlsen, M.","Nepomniachtchi, I.",1-0,2782,C43,,UAE,2021.11.26,11,match,91,Mark Crowther,2021.12.06,2,The Week in Chess 1413,1,2021.12.06,2855,,,,
83,WCh 2021,Dubai UAE,2021.12.07,9,"Nepomniachtchi, I.","Carlsen, M.",0-1,2855,A13,,UAE,2021.11.26,11,match,78,Mark Crowther,2021.12.13,2,The Week in Chess 1414,3,2021.12.14,2782,,,,
84,WCh 2021,Dubai UAE,2021.12.08,10,"Carlsen, M.","Nepomniachtchi, I.",1/2-1/2,2782,C42,,UAE,2021.11.26,11,match,81,Mark Crowther,2021.12.13,2,The Week in Chess 1414,3,2021.12.14,2855,,,,
85,WCh 2021,Dubai UAE,2021.12.10,11,"Nepomniachtchi, I.","Carlsen, M.",0-1,2855,C50,,UAE,2021.11.26,11,match,98,Mark Crowther,2021.12.13,2,The Week in Chess 1414,3,2021.12.14,2782,,,,
86,84th Tata Steel Masters,Wijk aan Zee NED,2022.01.15,1.1,"Esipenko, Andrey","Carlsen, M.",1/2-1/2,2865,D45,20,NED,2022.01.15,13,tourn,42,Mark Crowther,2022.01.17,2,The Week in Chess 1419,1,2022.01.17,2714,,,,
87,84th Tata Steel Masters,Wijk aan Zee NED,2022.01.16,2.1,"Carlsen, M.","Giri, A.",1-0,2772,E06,20,NED,2022.01.15,13,tourn,71,Mark Crowther,2022.01.17,2,The Week in Chess 1419,1,2022.01.17,2865,,,,
88,84th Tata Steel Masters,Wijk aan Zee NED,2022.01.17,3.1,"Duda, J.","Carlsen, M.",1/2-1/2,2865,C88,20,NED,2022.01.15,13,tourn,75,Mark Crowther,2022.01.17,2,The Week in Chess 1419,1,2022.01.17,2760,,,,
89,84th Tata Steel Masters,Wijk aan Zee NED,2022.01.18,4.1,"Carlsen, M.","Van Foreest, Jorden",1/2-1/2,2702,D78,20,NED,2022.01.15,13,tourn,103,Mark Crowther,2022.01.24,2,The Week in Chess 1420,2,2022.01.26,2865,,,,
90,84th Tata Steel Masters,Wijk aan Zee NED,2022.01.20,5.2,"Grandelius, N.","Carlsen, M.",1/2-1/2,2865,B48,20,NED,2022.01.15,13,tourn,107,Mark Crowther,2022.01.24,2,The Week in Chess 1420,2,2022.01.26,2672,,,,
91,84th Tata Steel Masters,Wijk aan Zee NED,2022.01.21,6.1,"Carlsen, M.","Rapport, R.",1-0,2763,E04,20,NED,2022.01.15,13,tourn,61,Mark Crowther,2022.01.24,2,The Week in Chess 1420,2,2022.01.26,2865,,,,
92,84th Tata Steel Masters,Wijk aan Zee NED,2022.01.22,7.1,"Praggnanandhaa, R.","Carlsen, M.",0-1,2865,D27,20,NED,2022.01.15,13,tourn,68,Mark Crowther,2022.01.24,2,The Week in Chess 1420,2,2022.01.26,2612,,,,
93,84th Tata Steel Masters,Wijk aan Zee NED,2022.01.23,8.1,"Shankland, S.","Carlsen, M.",1/2-1/2,2865,D32,20,NED,2022.01.15,13,tourn,69,Mark Crowther,2022.01.24,2,The Week in Chess 1420,2,2022.01.26,2708,,,,
94,84th Tata Steel Masters,Wijk aan Zee NED,2022.01.25,9.1,"Carlsen, M.","Mamedyarov, S.",1-0,2767,E04,20,NED,2022.01.15,13,tourn,53,Mark Crowther,2022.01.31,2,The Week in Chess 1421,2,2022.02.01,2865,,,,
95,84th Tata Steel Masters,Wijk aan Zee NED,2022.01.26,10.1,"Karjakin, Sergey","Carlsen, M.",1/2-1/2,2865,C67,20,NED,2022.01.15,13,tourn,32,Mark Crowther,2022.01.31,2,The Week in Chess 1421,2,2022.02.01,2743,,,,
96,84th Tata Steel Masters,Wijk aan Zee NED,2022.01.28,11.1,"Carlsen, M.","Vidit, S.",1/2-1/2,2727,C50,20,NED,2022.01.15,13,tourn,102,Mark Crowther,2022.01.31,2,The Week in Chess 1421,2,2022.02.01,2865,,,,
97,84th Tata Steel Masters,Wijk aan Zee NED,2022.01.29,12.1,"Caruana, F.","Carlsen, M.",0-1,2865,B31,20,NED,2022.01.15,13,tourn,98,Mark Crowther,2022.01.31,2,The Week in Chess 1421,2,2022.02.01,2792,,,,
98,84th Tata Steel Masters,Wijk aan Zee NED,2022.01.30,13.7,"Carlsen, M.","Dubov, Daniil",1-0,2720,,20,NED,2022.01.15,13,tourn,0,Mark Crowther,2022.01.31,2,The Week in Chess 1421,2,2022.02.01,2865,,,,
99,TCh-NOR Elite 2021-22,Norway NOR,2022.02.05,5.4,"Carlsen, M.","Ostmoe, G.",1/2-1/2,2466,B10,,NOR,2021.10.29,9,team,168,Mark Crowther,2022.02.07,2,The Week in Chess 1422,2,2022.02.08,2865,SOSS,Offerspill,,
100,10th Norway Chess 2022,Stavanger NOR,2022.05.31,1.1,"Carlsen, M.",Wang Hao,1/2-1/2,2744,A07,21,NOR,2022.05.31,9,tourn,93,Mark Crowther,2022.06.06,2,The Week in Chess 1439,1,2022.06.06,2864,,,,
101,10th Norway Chess 2022,Stavanger NOR,2022.06.01,2.1,"So, W.","Carlsen, M.",1/2-1/2,2864,D45,21,NOR,2022.05.31,9,tourn,75,Mark Crowther,2022.06.06,2,The Week in Chess 1439,1,2022.06.06,2776,,,,
102,10th Norway Chess 2022,Stavanger NOR,2022.06.02,3.1,"Carlsen, M.","Radjabov, T.",1-0,2753,E06,21,NOR,2022.05.31,9,tourn,71,Mark Crowther,2022.06.06,2,The Week in Chess 1439,1,2022.06.06,2864,,,,
103,10th Norway Chess 2022,Stavanger NOR,2022.06.03,4.1,"Carlsen, M.","Giri, A.",1-0,2761,D41,21,NOR,2022.05.31,9,tourn,67,Mark Crowther,2022.06.06,2,The Week in Chess 1439,1,2022.06.06,2864,,,,
104,10th Norway Chess 2022,Stavanger NOR,2022.06.05,5.1,"Anand, V.","Carlsen, M.",1/2-1/2,2864,C55,21,NOR,2022.05.31,9,tourn,80,Mark Crowther,2022.06.06,2,The Week in Chess 1439,1,2022.06.06,2751,,,,
105,10th Norway Chess 2022,Stavanger NOR,2022.06.06,6.1,"Carlsen, M.","Mamedyarov, S.",1-0,2759,D78,21,NOR,2022.05.31,9,tourn,112,Mark Crowther,2022.06.06,2,The Week in Chess 1439,1,2022.06.06,2864,,,,
106,10th Norway Chess 2022,Stavanger NOR,2022.06.06,6.1,"Carlsen, M.","Mamedyarov, S.",1-0,2759,D78,21,NOR,2022.05.31,9,tourn,112,Mark Crowther,2022.06.13,2,The Week in Chess 1440,1,2022.06.13,2864,,,,
107,10th Norway Chess 2022,Stavanger NOR,2022.06.07,7.1,"Tari, A.","Carlsen, M.",1/2-1/2,2864,C47,21,NOR,2022.05.31,9,tourn,65,Mark Crowther,2022.06.13,2,The Week in Chess 1440,1,2022.06.13,2654,,,,
108,10th Norway Chess 2022,Stavanger NOR,2022.06.09,8.1,"Carlsen, M.","Vachier Lagrave, M.",1/2-1/2,2750,D85,21,NOR,2022.05.31,9,tourn,157,Mark Crowther,2022.06.13,2,The Week in Chess 1440,1,2022.06.13,2864,,,,
109,10th Norway Chess 2022,Stavanger NOR,2022.06.10,9.1,"Topalov, V.","Carlsen, M.",1/2-1/2,2864,C50,21,NOR,2022.05.31,9,tourn,69,Mark Crowther,2022.06.13,2,The Week in Chess 1440,1,2022.06.13,2730,,,,
110,44th Olympiad 2022,Chennai IND,2022.07.30,2.3,"Carlsen, M.","Meier, Geo",1-0,2613,C10,,IND,2022.07.29,11,team,159,Mark Crowther,2022.08.01,2,The Week in Chess 1447,1,2022.08.01,2864,Uruguay,Norway,URU,NOR
111,44th Olympiad 2022,Chennai IND,2022.07.31,3.3,"Vocaturo, D.","Carlsen, M.",1/2-1/2,2864,B13,,IND,2022.07.29,11,team,111,Mark Crowther,2022.08.01,2,The Week in Chess 1447,1,2022.08.01,2616,Norway,Italy,NOR,ITA
112,44th Olympiad 2022,Chennai IND,2022.08.01,4.13,"Carlsen, M.","Batsuren, Dambasuren",1-0,2518,D38,,IND,2022.07.29,11,team,59,Mark Crowther,2022.08.01,2,The Week in Chess 1447,1,2022.08.01,2864,Mongolia,Norway,MGL,NOR
113,44th Olympiad 2022,Chennai IND,2022.08.02,5.26,"Bwalya, Gillan","Carlsen, M.",0-1,2864,E51,,IND,2022.07.29,11,team,52,Mark Crowther,2022.08.08,2,The Week in Chess 1448,1,2022.08.08,2396,Norway,Zambia,NOR,ZAM
114,44th Olympiad 2022,Chennai IND,2022.08.03,6.14,"Smirnov, Ant","Carlsen, M.",0-1,2864,B00,,IND,2022.07.29,11,team,80,Mark Crowther,2022.08.08,2,The Week in Chess 1448,1,2022.08.08,2600,Norway,Australia,NOR,AUS
115,44th Olympiad 2022,Chennai IND,2022.08.05,7.28,"Carlsen, M.","Stanojoski, Z.",1-0,2412,D00,,IND,2022.07.29,11,team,137,Mark Crowther,2022.08.08,2,The Week in Chess 1448,1,2022.08.08,2864,North Macedonia,Norway,,NOR
116,44th Olympiad 2022,Chennai IND,2022.08.06,8.17,"Carlsen, M.","Pechac, Jergus",1/2-1/2,2594,A20,,IND,2022.07.29,11,team,83,Mark Crowther,2022.08.08,2,The Week in Chess 1448,1,2022.08.08,2864,Slovakia,Norway,SVK,NOR
117,44th Olympiad 2022,Chennai IND,2022.08.07,9.18,"Megaranto, S.","Carlsen, M.",0-1,2864,E11,,IND,2022.07.29,11,team,94,Mark Crowther,2022.08.08,2,The Week in Chess 1448,1,2022.08.08,2529,Norway,Indonesia,NOR,INA
118,44th Olympiad 2022,Chennai IND,2022.08.08,10.11,"Carlsen, M.","Schitco, Ivan",1/2-1/2,2490,A05,,IND,2022.07.29,11,team,90,Mark Crowther,2022.08.08,2,The Week in Chess 1448,1,2022.08.08,2864,Moldova,Norway,MDA,NOR
119,9th Sinquefield Cup 2022,Saint Louis USA,2022.09.02,1.4,"Carlsen, M.","Nepomniachtchi, I.",1-0,2792,E10,21,USA,2022.09.02,9,tourn,85,Mark Crowther,2022.09.05,2,The Week in Chess 1452,2,2022.09.06,2861,,,,
120,9th Sinquefield Cup 2022,Saint Louis USA,2022.09.03,2.3,"Aronian, L.","Carlsen, M.",1/2-1/2,2861,E11,21,USA,2022.09.02,9,tourn,72,Mark Crowther,2022.09.05,2,The Week in Chess 1452,2,2022.09.06,2759,,,,
121,9th Sinquefield Cup 2022,Saint Louis USA,2022.09.04,3.1,"Carlsen, M.","Niemann, Hans Moke",0-1,2688,E20,21,USA,2022.09.02,9,tourn,113,Mark Crowther,2022.09.05,2,The Week in Chess 1452,2,2022.09.06,2861,,,,
122,9th Sinquefield Cup 2022,Saint Louis USA,2022.09.05,4.4,"Carlsen, M.","Mamedyarov, S.",0-1,2757,,21,USA,2022.09.02,9,tourn,0,Mark Crowther,2022.09.05,2,The Week in Chess 1452,2,2022.09.06,2861,,,,
