,Event,Site,Date,Round,White,Black,Result,BlackElo,ECO,EventCountry,EventDate,EventRounds,EventType,PlyCount,Source,SourceDate,SourceQuality,SourceTitle,SourceVersion,SourceVersionDate,WhiteElo,BlackTeam,WhiteTeam,EventCategory,BlackTeamCountry,WhiteTeamCountry
0,Montebelluna Elite 2020,Montebelluna ITA,2020.01.02,1.3,"Erigaisi, Arjun","Barrish, Daniel",1-0,2352,A20,ITA,2020.01.02,9,swiss,65,Mark Crowther,2020.01.06,2,The Week in Chess 1313,1,2020.01.06,2575,,,,,
1,Montebelluna Elite 2020,Montebelluna ITA,2020.01.02,2.3,"Nikolovski, Nikola","Erigaisi, Arjun",0-1,2575,B10,ITA,2020.01.02,9,swiss,69,Mark Crowther,2020.01.06,2,The Week in Chess 1313,1,2020.01.06,2442,,,,,
2,Montebelluna Elite 2020,Montebelluna ITA,2020.01.03,3.2,"Erigaisi, Arjun","Can, Isik",1-0,2374,A09,ITA,2020.01.02,9,swiss,78,Mark Crowther,2020.01.06,2,The Week in Chess 1313,1,2020.01.06,2575,,,,,
3,Montebelluna Elite 2020,Montebelluna ITA,2020.01.03,4.1,"Martinez Alcantara, Jose Eduardo","Erigaisi, Arjun",1-0,2575,A07,ITA,2020.01.02,9,swiss,67,Mark Crowther,2020.01.06,2,The Week in Chess 1313,1,2020.01.06,2606,,,,,
4,Montebelluna Elite 2020,Montebelluna ITA,2020.01.04,5.2,"Erigaisi, Arjun","Gaehwiler, G.",1-0,2394,C43,ITA,2020.01.02,9,swiss,77,Mark Crowther,2020.01.06,2,The Week in Chess 1313,1,2020.01.06,2575,,,,,
5,Montebelluna Elite 2020,Montebelluna ITA,2020.01.04,6.2,"Radovanovic, Mihajlo","Erigaisi, Arjun",1/2-1/2,2575,D45,ITA,2020.01.02,9,swiss,119,Mark Crowther,2020.01.06,2,The Week in Chess 1313,1,2020.01.06,2485,,,,,
6,Montebelluna Elite 2020,Montebelluna ITA,2020.01.05,7.2,"Ter Sahakyan, S.","Erigaisi, Arjun",1-0,2575,B48,ITA,2020.01.02,9,swiss,65,Mark Crowther,2020.01.06,2,The Week in Chess 1313,1,2020.01.06,2617,,,,,
7,Montebelluna Elite 2020,Montebelluna ITA,2020.01.05,8.3,"Erigaisi, Arjun","Sonis, Francesco",0-1,2458,D10,ITA,2020.01.02,9,swiss,70,Mark Crowther,2020.01.06,2,The Week in Chess 1313,1,2020.01.06,2575,,,,,
8,Montebelluna Elite 2020,Montebelluna ITA,2020.01.06,9.7,"Erigaisi, Arjun","Loiacono, Antonio",1-0,2295,D43,ITA,2020.01.02,9,swiss,69,Mark Crowther,2020.01.06,2,The Week in Chess 1313,1,2020.01.06,2575,,,,,
9,40th TCh-IND 2020,Ahmedabad IND,2020.02.07,1.4,"Erigaisi, Arjun","Rathore, So",1-0,1802,A07,IND,2020.02.07,9,team,53,Mark Crowther,2020.02.10,2,The Week in Chess 1318,2,2020.02.11,2563,All Rajputana A,Telangana,,,
10,40th TCh-IND 2020,Ahmedabad IND,2020.02.08,2.4,"Rupesh, R.","Erigaisi, Arjun",1-0,2563,B01,IND,2020.02.07,9,team,81,Mark Crowther,2020.02.10,2,The Week in Chess 1318,2,2020.02.11,1889,Telangana,Bihar B,,,
11,40th TCh-IND 2020,Ahmedabad IND,2020.02.08,3.4,"Erigaisi, Arjun","Sidhant, M.",1/2-1/2,2367,D10,IND,2020.02.07,9,team,67,Mark Crowther,2020.02.10,2,The Week in Chess 1318,2,2020.02.11,2563,Odisha A,Telangana,,,
12,40th TCh-IND 2020,Ahmedabad IND,2020.02.09,4.1,"Adhiban, Baskaran","Erigaisi, Arjun",1-0,2563,D43,IND,2020.02.07,9,team,57,Mark Crowther,2020.02.10,2,The Week in Chess 1318,2,2020.02.11,2654,Telangana,Petroleum SPB,,,
13,40th TCh-IND 2020,Ahmedabad IND,2020.02.10,5.3,"Erigaisi, Arjun","Anadkat, Kartavya",1-0,2152,A87,IND,2020.02.07,9,team,195,Mark Crowther,2020.02.10,2,The Week in Chess 1318,2,2020.02.11,2563,Gujarat A,Telangana,,,
14,40th TCh-IND 2020,Ahmedabad IND,2020.02.10,6.3,"Narayanan, Sri","Erigaisi, Arjun",0-1,2563,C01,IND,2020.02.07,9,team,80,Mark Crowther,2020.02.10,2,The Week in Chess 1318,2,2020.02.11,2535,Telangana,Air India SPB,,,
15,40th TCh-IND 2020,Ahmedabad IND,2020.02.11,7.2,"Erigaisi, Arjun","Puranik, A.",1/2-1/2,2597,D85,IND,2020.02.07,9,team,100,Mark Crowther,2020.02.17,2,The Week in Chess 1319,1,2020.02.17,2563,Airports Authority of India,Telangana,,,
16,40th TCh-IND 2020,Ahmedabad IND,2020.02.12,8.3,"Krishna, CRG.","Erigaisi, Arjun",1/2-1/2,2563,A13,IND,2020.02.07,9,team,129,Mark Crowther,2020.02.17,2,The Week in Chess 1319,1,2020.02.17,2443,Telangana,Railways SPB B,,,
17,40th TCh-IND 2020,Ahmedabad IND,2020.02.13,9.4,"Vignesh, N R.","Erigaisi, Arjun",1/2-1/2,2563,D30,IND,2020.02.07,9,team,127,Mark Crowther,2020.02.17,2,The Week in Chess 1319,1,2020.02.17,2436,Telangana,Railways SPB A,,,
18,Aeroflot Open A 2020,Moscow RUS,2020.02.19,1.45,"Erigaisi, Arjun","Badelka, Olga",0-1,2404,E20,RUS,2020.02.19,9,swiss,80,Mark Crowther,2020.02.24,2,The Week in Chess 1320,1,2020.02.24,2563,,,,,
19,Aeroflot Open A 2020,Moscow RUS,2020.02.20,2.42,"Rahul, Srivatshav P","Erigaisi, Arjun",0-1,2563,A41,RUS,2020.02.19,9,swiss,102,Mark Crowther,2020.02.24,2,The Week in Chess 1320,1,2020.02.24,2474,,,,,
20,Aeroflot Open A 2020,Moscow RUS,2020.02.21,3.32,"Erigaisi, Arjun","Makarian, Rudik",1/2-1/2,2414,A38,RUS,2020.02.19,9,swiss,104,Mark Crowther,2020.02.24,2,The Week in Chess 1320,1,2020.02.24,2563,,,,,
21,Aeroflot Open A 2020,Moscow RUS,2020.02.22,4.31,"Gokerkan, Cem Kaan","Erigaisi, Arjun",0-1,2563,B51,RUS,2020.02.19,9,swiss,92,Mark Crowther,2020.02.24,2,The Week in Chess 1320,1,2020.02.24,2461,,,,,
22,Aeroflot Open A 2020,Moscow RUS,2020.02.23,5.18,"Erigaisi, Arjun","Kobalia, M.",1/2-1/2,2609,D11,RUS,2020.02.19,9,swiss,93,Mark Crowther,2020.02.24,2,The Week in Chess 1320,1,2020.02.24,2563,,,,,
23,Aeroflot Open A 2020,Moscow RUS,2020.02.24,6.15,"Martirosyan, Haik M.","Erigaisi, Arjun",0-1,2563,B31,RUS,2020.02.19,9,swiss,90,Mark Crowther,2020.02.24,2,The Week in Chess 1320,1,2020.02.24,2630,,,,,
24,Aeroflot Open A 2020,Moscow RUS,2020.02.25,7.5,"Erigaisi, Arjun","Adhiban, Baskaran",0-1,2654,E04,RUS,2020.02.19,9,swiss,120,Mark Crowther,2020.03.02,2,The Week in Chess 1321,1,2020.03.02,2563,,,,,
25,Aeroflot Open A 2020,Moscow RUS,2020.02.26,8.16,"Durarbayli, V.","Erigaisi, Arjun",1/2-1/2,2563,B91,RUS,2020.02.19,9,swiss,179,Mark Crowther,2020.03.02,2,The Week in Chess 1321,1,2020.03.02,2625,,,,,
26,Aeroflot Open A 2020,Moscow RUS,2020.02.27,9.18,"Erigaisi, Arjun","Indjic, A.",1-0,2622,C45,RUS,2020.02.19,9,swiss,137,Mark Crowther,2020.03.02,2,The Week in Chess 1321,1,2020.03.02,2563,,,,,
27,TCh-BAN Premier 2021,Dhaka BAN,2021.03.19,1.5,"Neelotpal, D.","Erigaisi, Arjun",0-1,2559,C47,,2021.03.19,11,team,92,Mark Crowther,2021.03.22,2,The Week in Chess 1376,1,2021.03.22,2425,Titas Club,Bangladesh Biman,,,
28,TCh-BAN Premier 2021,Dhaka BAN,2021.03.20,2.1,"Chowdhury, So","Erigaisi, Arjun",0-1,2559,C63,,2021.03.19,11,team,53,Mark Crowther,2021.03.22,2,The Week in Chess 1376,1,2021.03.22,2149,Titas Club,Shahin Chess Club,,,
29,TCh-BAN Premier 2021,Dhaka BAN,2021.03.21,3.4,"Erigaisi, Arjun","Abu Sufian, S.",1-0,2244,A09,,2021.03.19,11,team,113,Mark Crowther,2021.03.22,2,The Week in Chess 1376,1,2021.03.22,2559,Bangladesh Navy,Titas Club,,,
30,TCh-BAN Premier 2021,Dhaka BAN,2021.03.22,4.2,"Erigaisi, Arjun","Ganguly, S.",1/2-1/2,2635,C45,,2021.03.19,11,team,60,Mark Crowther,2021.03.22,2,The Week in Chess 1376,1,2021.03.22,2559,Bangladesh Police,Titas Club,,,
31,TCh-BAN Premier 2021,Dhaka BAN,2021.03.23,5.3,"Md., Matiur Rahman","Erigaisi, Arjun",0-1,2559,D37,,2021.03.19,11,team,104,Mark Crowther,2021.03.29,2,The Week in Chess 1377,1,2021.03.29,1979,Titas Club,Sonali Bank Sports & Recreation Club,,,
32,TCh-BAN Premier 2021,Dhaka BAN,2021.03.24,6.3,"Rahman, SM.","Erigaisi, Arjun",1/2-1/2,2559,E62,,2021.03.19,11,team,132,Mark Crowther,2021.03.29,2,The Week in Chess 1377,1,2021.03.29,2158,Titas Club,Janata Bank Officer Welfare Society,,,
33,TCh-BAN Premier 2021,Dhaka BAN,2021.03.25,7.2,"Kovalev, Vl","Erigaisi, Arjun",1/2-1/2,2559,C07,,2021.03.19,11,team,60,Mark Crowther,2021.03.29,2,The Week in Chess 1377,1,2021.03.29,2648,Titas Club,SAIF Sporting Club,,,
34,TCh-BAN Premier 2021,Dhaka BAN,2021.03.26,8.4,"Hamid, R.","Erigaisi, Arjun",0-1,2559,C63,,2021.03.19,11,team,90,Mark Crowther,2021.03.29,2,The Week in Chess 1377,1,2021.03.29,1923,Titas Club,Sheikh Russel Chess Club,,,
35,TCh-BAN Premier 2021,Dhaka BAN,2021.03.27,9.1,"Subhayan, Kundu","Erigaisi, Arjun",0-1,2559,C15,,2021.03.19,11,team,56,Mark Crowther,2021.03.29,2,The Week in Chess 1377,1,2021.03.29,2305,Titas Club,Leonin Chess Club,,,
36,TCh-BAN Premier 2021,Dhaka BAN,2021.03.28,10.5,"Zia, Tahsin Tajwar","Erigaisi, Arjun",0-1,2559,A45,,2021.03.19,11,team,78,Mark Crowther,2021.03.29,2,The Week in Chess 1377,1,2021.03.29,2092,Titas Club,Uttara Central Chess Club,,,
37,Serbia Chess Open 2021,Belgrade SRB,2021.07.02,1.21,"Erigaisi, Arjun","Sarenac, D.",1-0,2289,A13,SRB,2021.07.02,9,swiss,69,Mark Crowther,2021.07.05,2,The Week in Chess 1391,1,2021.07.05,2567,,,,,
38,Serbia Chess Open 2021,Belgrade SRB,2021.07.03,2.16,"Rozen, Eytan","Erigaisi, Arjun",0-1,2567,B22,SRB,2021.07.02,9,swiss,112,Mark Crowther,2021.07.05,2,The Week in Chess 1391,1,2021.07.05,2386,,,,,
39,Serbia Chess Open 2021,Belgrade SRB,2021.07.03,3.11,"Erigaisi, Arjun","Boskovic, D.",1/2-1/2,2451,D85,SRB,2021.07.02,9,swiss,208,Mark Crowther,2021.07.05,2,The Week in Chess 1391,1,2021.07.05,2567,,,,,
40,Serbia Chess Open 2021,Belgrade SRB,2021.07.04,4.14,"Schreiner, Pe","Erigaisi, Arjun",0-1,2567,E04,SRB,2021.07.02,9,swiss,118,Mark Crowther,2021.07.05,2,The Week in Chess 1391,1,2021.07.05,2441,,,,,
41,14th Paracin Summer Open,Paracin SRB,2021.07.09,1.6,"Varshini, V.","Erigaisi, Arjun",0-1,2567,B74,SRB,2021.07.09,9,swiss,106,Mark Crowther,2021.07.12,2,The Week in Chess 1392,1,2021.07.12,2226,,,,,
42,14th Paracin Summer Open,Paracin SRB,2021.07.10,2.5,"Erigaisi, Arjun","Samadov, Read",1/2-1/2,2332,B90,SRB,2021.07.09,9,swiss,82,Mark Crowther,2021.07.12,2,The Week in Chess 1392,1,2021.07.12,2567,,,,,
43,14th Paracin Summer Open,Paracin SRB,2021.07.10,3.15,"Ramoutar, Alan-Safar","Erigaisi, Arjun",0-1,2567,C02,SRB,2021.07.09,9,swiss,74,Mark Crowther,2021.07.12,2,The Week in Chess 1392,1,2021.07.12,2344,,,,,
44,Serbia Chess Open 2021,Belgrade SRB,2021.07.05,5.9,"Erigaisi, Arjun","Agmanov, Zhandos",1/2-1/2,2404,A22,SRB,2021.07.02,9,swiss,116,Mark Crowther,2021.07.12,2,The Week in Chess 1392,1,2021.07.12,2567,,,,,
45,Serbia Chess Open 2021,Belgrade SRB,2021.07.06,6.13,"Lazov, Toni","Erigaisi, Arjun",0-1,2567,C46,SRB,2021.07.02,9,swiss,58,Mark Crowther,2021.07.12,2,The Week in Chess 1392,1,2021.07.12,2412,,,,,
46,Serbia Chess Open 2021,Belgrade SRB,2021.07.06,7.2,"Erigaisi, Arjun","Kovalenko, I.",0-1,2643,B17,SRB,2021.07.02,9,swiss,100,Mark Crowther,2021.07.12,2,The Week in Chess 1392,1,2021.07.12,2567,,,,,
47,Serbia Chess Open 2021,Belgrade SRB,2021.07.07,8.13,"Blohberger, Felix","Erigaisi, Arjun",0-1,2567,D31,SRB,2021.07.02,9,swiss,110,Mark Crowther,2021.07.12,2,The Week in Chess 1392,1,2021.07.12,2490,,,,,
48,Serbia Chess Open 2021,Belgrade SRB,2021.07.08,9.10,"Erigaisi, Arjun","Nenezic, M.",1-0,2531,A54,SRB,2021.07.02,9,swiss,78,Mark Crowther,2021.07.12,2,The Week in Chess 1392,1,2021.07.12,2567,,,,,
49,14th Paracin Summer Open,Paracin SRB,2021.07.12,4.7,"Erigaisi, Arjun","Agibileg, Uurtsaikh",1-0,2413,E71,SRB,2021.07.09,9,swiss,113,Mark Crowther,2021.07.19,2,The Week in Chess 1393,3,2021.07.20,2567,,,,,
50,14th Paracin Summer Open,Paracin SRB,2021.07.13,5.3,"Gavrilescu, David","Erigaisi, Arjun",0-1,2567,B29,SRB,2021.07.09,9,swiss,100,Mark Crowther,2021.07.19,2,The Week in Chess 1393,3,2021.07.20,2470,,,,,
51,14th Paracin Summer Open,Paracin SRB,2021.07.13,6.1,"Erigaisi, Arjun","Muradli, Mahammad",1/2-1/2,2461,E04,SRB,2021.07.09,9,swiss,125,Mark Crowther,2021.07.19,2,The Week in Chess 1393,3,2021.07.20,2567,,,,,
52,14th Paracin Summer Open,Paracin SRB,2021.07.14,7.3,"Ter Sahakyan, S.","Erigaisi, Arjun",1/2-1/2,2567,C42,SRB,2021.07.09,9,swiss,101,Mark Crowther,2021.07.19,2,The Week in Chess 1393,3,2021.07.20,2643,,,,,
53,14th Paracin Summer Open,Paracin SRB,2021.07.15,8.4,"Erigaisi, Arjun","Aditya, Mittal",1-0,2438,B90,SRB,2021.07.09,9,swiss,120,Mark Crowther,2021.07.19,2,The Week in Chess 1393,3,2021.07.20,2567,,,,,
54,14th Paracin Summer Open,Paracin SRB,2021.07.16,9.2,"Petrosyan, M.","Erigaisi, Arjun",1/2-1/2,2567,D27,SRB,2021.07.09,9,swiss,109,Mark Crowther,2021.07.19,2,The Week in Chess 1393,3,2021.07.20,2632,,,,,
55,TCh-POR Div1 2021,Peniche POR,2021.07.20,2.1,"Peng, Li Min","Erigaisi, Arjun",1/2-1/2,2567,A13,POR,2021.07.19,9,team,111,Mark Crowther,2021.07.26,2,The Week in Chess 1394,3,2021.07.27,2474,EPGAIA - CLUBE DE XADREZ A,ESTRELAS S. JOAO DE BRITO A,,,
56,TCh-POR Div1 2021,Peniche POR,2021.07.20,3.5,"Erigaisi, Arjun","Eljanov, P.",1/2-1/2,2671,E04,POR,2021.07.19,9,team,57,Mark Crowther,2021.07.26,2,The Week in Chess 1394,3,2021.07.27,2567,AX GAIA A,EPGAIA - CLUBE DE XADREZ A,,,
57,TCh-POR Div1 2021,Peniche POR,2021.07.21,4.2,"Dardha, Daniel","Erigaisi, Arjun",1-0,2567,E90,POR,2021.07.19,9,team,109,Mark Crowther,2021.07.26,2,The Week in Chess 1394,3,2021.07.27,2520,EPGAIA - CLUBE DE XADREZ A,CX MONTEMOR-O-VELHO/CTGA A,,,
58,TCh-POR Div1 2021,Peniche POR,2021.07.22,5.4,"Erigaisi, Arjun","Romano, Lu",1-0,2163,D00,POR,2021.07.19,9,team,93,Mark Crowther,2021.07.26,2,The Week in Chess 1394,3,2021.07.27,2567,CX A2D A,EPGAIA - CLUBE DE XADREZ A,,,
59,TCh-POR Div1 2021,Peniche POR,2021.07.22,6.3,"Delgado Ramirez, N.","Erigaisi, Arjun",0-1,2567,B50,POR,2021.07.19,9,team,72,Mark Crowther,2021.07.26,2,The Week in Chess 1394,3,2021.07.27,2622,EPGAIA - CLUBE DE XADREZ A,A.XAT - MONTEMOR O NOVO A,,,
60,TCh-POR Div1 2021,Peniche POR,2021.07.23,7.3,"Erigaisi, Arjun","Plazuelo Pascual, Juan",1-0,2462,B40,POR,2021.07.19,9,team,93,Mark Crowther,2021.07.26,2,The Week in Chess 1394,3,2021.07.27,2567,O AMANHA DA CRIANCA A,EPGAIA - CLUBE DE XADREZ A,,,
61,TCh-POR Div1 2021,Peniche POR,2021.07.24,8.4,"Ferreira, Jor1","Erigaisi, Arjun",0-1,2567,E06,POR,2021.07.19,9,team,138,Mark Crowther,2021.07.26,2,The Week in Chess 1394,3,2021.07.27,2521,EPGAIA - CLUBE DE XADREZ A,GD DIAS FERREIRA A,,,
62,TCh-POR Div1 2021,Peniche POR,2021.07.25,9.2,"Erigaisi, Arjun","Del Rio de Angelis, S.",1/2-1/2,2515,A40,POR,2021.07.19,9,team,131,Mark Crowther,2021.07.26,2,The Week in Chess 1394,3,2021.07.27,2567,ASSEMBLEIA FIGUEIRENSE A,EPGAIA - CLUBE DE XADREZ A,,,
63,54th Biel Master Open,Biel SUI,2021.07.26,1.19,"Erigaisi, Arjun","Rakhmangulova, A.",1-0,2167,E74,SUI,2021.07.26,9,swiss,81,Mark Crowther,2021.08.02,2,The Week in Chess 1395,1,2021.08.02,2567,,,,,
64,54th Biel Master Open,Biel SUI,2021.07.27,2.1,"Erigaisi, Arjun","Salem, AR.",0-1,2682,B12,SUI,2021.07.26,9,swiss,88,Mark Crowther,2021.08.02,2,The Week in Chess 1395,1,2021.08.02,2567,,,,,
65,54th Biel Master Open,Biel SUI,2021.07.28,3.14,"Pahud, C.","Erigaisi, Arjun",0-1,2567,B22,SUI,2021.07.26,9,swiss,90,Mark Crowther,2021.08.02,2,The Week in Chess 1395,1,2021.08.02,2200,,,,,
66,54th Biel Master Open,Biel SUI,2021.07.29,4.12,"Vignesh, N R.","Erigaisi, Arjun",1/2-1/2,2567,C58,SUI,2021.07.26,9,swiss,57,Mark Crowther,2021.08.02,2,The Week in Chess 1395,1,2021.08.02,2428,,,,,
67,54th Biel Master Open,Biel SUI,2021.07.30,5.14,"Erigaisi, Arjun","Papadiamandis, Elliot",1-0,2363,A45,SUI,2021.07.26,9,swiss,75,Mark Crowther,2021.08.02,2,The Week in Chess 1395,1,2021.08.02,2567,,,,,
68,54th Biel Master Open,Biel SUI,2021.08.01,6.7,"Erdos, V.","Erigaisi, Arjun",1-0,2567,A06,SUI,2021.07.26,9,swiss,83,Mark Crowther,2021.08.02,2,The Week in Chess 1395,1,2021.08.02,2614,,,,,
69,54th Biel Master Open,Biel SUI,2021.08.02,7.15,"Erigaisi, Arjun","Tahay, Alexis",1-0,2349,E46,SUI,2021.07.26,9,swiss,51,Mark Crowther,2021.08.02,2,The Week in Chess 1395,1,2021.08.02,2567,,,,,
70,54th Biel Master Open,Biel SUI,2021.08.03,8.9,"Vaishali, R.","Erigaisi, Arjun",0-1,2567,B12,SUI,2021.07.26,9,swiss,112,Mark Crowther,2021.08.10,2,The Week in Chess 1396,1,2021.08.10,2393,,,,,
71,54th Biel Master Open,Biel SUI,2021.08.04,9.5,"Erigaisi, Arjun","Chigaev, M.",1-0,2630,C92,SUI,2021.07.26,9,swiss,183,Mark Crowther,2021.08.10,2,The Week in Chess 1396,1,2021.08.10,2567,,,,,
72,Riga Tech Open A 2021,Riga LAT,2021.08.09,1.11,"Stremavicius, Pijus","Erigaisi, Arjun",0-1,2597,D02,LAT,2021.08.09,9,swiss,114,Mark Crowther,2021.08.16,2,The Week in Chess 1397,2,2021.08.17,2146,,,,,
73,Riga Tech Open A 2021,Riga LAT,2021.08.10,2.8,"Erigaisi, Arjun","Berzinsh, R.",1-0,2373,D20,LAT,2021.08.09,9,swiss,49,Mark Crowther,2021.08.16,2,The Week in Chess 1397,2,2021.08.17,2597,,,,,
74,Riga Tech Open A 2021,Riga LAT,2021.08.10,3.6,"Plotkin, Mark","Erigaisi, Arjun",0-1,2597,D31,LAT,2021.08.09,9,swiss,100,Mark Crowther,2021.08.16,2,The Week in Chess 1397,2,2021.08.17,2430,,,,,
75,Riga Tech Open A 2021,Riga LAT,2021.08.11,4.1,"Erigaisi, Arjun","Nihal, Sarin",1/2-1/2,2655,D32,LAT,2021.08.09,9,swiss,13,Mark Crowther,2021.08.16,2,The Week in Chess 1397,2,2021.08.17,2597,,,,,
76,Riga Tech Open A 2021,Riga LAT,2021.08.12,5.6,"Visakh, N R.","Erigaisi, Arjun",0-1,2597,D31,LAT,2021.08.09,9,swiss,60,Mark Crowther,2021.08.16,2,The Week in Chess 1397,2,2021.08.17,2516,,,,,
77,Riga Tech Open A 2021,Riga LAT,2021.08.12,6.2,"Erigaisi, Arjun","Narayanan, SL.",1/2-1/2,2624,E36,LAT,2021.08.09,9,swiss,80,Mark Crowther,2021.08.16,2,The Week in Chess 1397,2,2021.08.17,2597,,,,,
78,Riga Tech Open A 2021,Riga LAT,2021.08.13,7.4,"Karthikeyan, M2.","Erigaisi, Arjun",1/2-1/2,2597,B52,LAT,2021.08.09,9,swiss,61,Mark Crowther,2021.08.16,2,The Week in Chess 1397,2,2021.08.17,2606,,,,,
79,Riga Tech Open A 2021,Riga LAT,2021.08.14,8.5,"Erigaisi, Arjun","Kantor, G.",1/2-1/2,2533,D30,LAT,2021.08.09,9,swiss,96,Mark Crowther,2021.08.16,2,The Week in Chess 1397,2,2021.08.17,2597,,,,,
80,Riga Tech Open A 2021,Riga LAT,2021.08.15,9.5,"Laurusas, T.","Erigaisi, Arjun",1-0,2597,D30,LAT,2021.08.09,9,swiss,85,Mark Crowther,2021.08.16,2,The Week in Chess 1397,2,2021.08.17,2549,,,,,
81,2nd Tras-os-Montes Open,Braganca POR,2021.08.19,1.3,"Erigaisi, Arjun","Morato Tent, F.",1-0,1984,E73,POR,2021.08.19,9,swiss,83,Mark Crowther,2021.08.23,2,The Week in Chess 1398,4,2021.08.26,2597,,,,,
82,2nd Tras-os-Montes Open,Braganca POR,2021.08.20,2.3,"Sande Edreira, J.","Erigaisi, Arjun",0-1,2597,A13,POR,2021.08.19,9,swiss,114,Mark Crowther,2021.08.23,2,The Week in Chess 1398,4,2021.08.26,2246,,,,,
83,2nd Tras-os-Montes Open,Braganca POR,2021.08.20,3.2,"Erigaisi, Arjun","Moksh, Amit Doshi",1-0,2380,E20,POR,2021.08.19,9,swiss,41,Mark Crowther,2021.08.23,2,The Week in Chess 1398,4,2021.08.26,2597,,,,,
84,2nd Tras-os-Montes Open,Braganca POR,2021.08.21,4.2,"Beerdsen, Thomas","Erigaisi, Arjun",1/2-1/2,2597,B76,POR,2021.08.19,9,swiss,94,Mark Crowther,2021.08.23,2,The Week in Chess 1398,4,2021.08.26,2454,,,,,
85,2nd Tras-os-Montes Open,Braganca POR,2021.08.21,5.3,"Erigaisi, Arjun","Jogstad, Martin",1-0,2334,A13,POR,2021.08.19,9,swiss,93,Mark Crowther,2021.08.23,2,The Week in Chess 1398,4,2021.08.26,2597,,,,,
86,2nd Tras-os-Montes Open,Braganca POR,2021.08.22,6.2,"Suarez Gomez, Julio","Erigaisi, Arjun",0-1,2597,B51,POR,2021.08.19,9,swiss,100,Mark Crowther,2021.08.23,2,The Week in Chess 1398,4,2021.08.26,2449,,,,,
87,2nd Tras-os-Montes Open,Braganca POR,2021.08.22,7.1,"Erigaisi, Arjun","Gukesh, D.",1-0,2578,D12,POR,2021.08.19,9,swiss,99,Mark Crowther,2021.08.30,2,The Week in Chess 1399,2,2021.08.31,2597,,,,,
88,2nd Tras-os-Montes Open,Braganca POR,2021.08.23,8.1,"Csonka, B.","Erigaisi, Arjun",0-1,2597,B62,POR,2021.08.19,9,swiss,60,Mark Crowther,2021.08.30,2,The Week in Chess 1399,2,2021.08.31,2490,,,,,
89,2nd Tras-os-Montes Open,Braganca POR,2021.08.24,9.1,"Erigaisi, Arjun","Pulvett, D.",1-0,2487,A15,POR,2021.08.19,9,swiss,85,Mark Crowther,2021.08.30,2,The Week in Chess 1399,2,2021.08.31,2597,,,,,
90,Guimaraes Open 2021,Guimaraes POR,2021.08.24,1.3,"Erigaisi, Arjun","Alvarez Pampillon, Antonio",1/2-1/2,1836,A30,POR,2021.08.24,9,swiss,83,Mark Crowther,2021.09.06,2,The Week in Chess 1400,1,2021.09.06,2597,,,,,
91,Guimaraes Open 2021,Guimaraes POR,2021.08.26,4.10,"De Ruiter, D.","Erigaisi, Arjun",0-1,2597,D00,POR,2021.08.24,9,swiss,88,Mark Crowther,2021.09.06,2,The Week in Chess 1400,1,2021.09.06,2251,,,,,
92,Guimaraes Open 2021,Guimaraes POR,2021.08.26,5.4,"Erigaisi, Arjun","Ingunza Curro, Andres",1-0,2395,E20,POR,2021.08.24,9,swiss,137,Mark Crowther,2021.09.06,2,The Week in Chess 1400,1,2021.09.06,2597,,,,,
93,Guimaraes Open 2021,Guimaraes POR,2021.08.27,6.3,"Lamard, G.","Erigaisi, Arjun",0-1,2597,D37,POR,2021.08.24,9,swiss,118,Mark Crowther,2021.09.06,2,The Week in Chess 1400,1,2021.09.06,2480,,,,,
94,Guimaraes Open 2021,Guimaraes POR,2021.08.28,7.2,"Erigaisi, Arjun","Gukesh, D.",1-0,2578,E06,POR,2021.08.24,9,swiss,93,Mark Crowther,2021.09.06,2,The Week in Chess 1400,1,2021.09.06,2597,,,,,
95,Guimaraes Open 2021,Guimaraes POR,2021.08.28,8.1,"Warmerdam, Max","Erigaisi, Arjun",1/2-1/2,2597,B12,POR,2021.08.24,9,swiss,65,Mark Crowther,2021.09.06,2,The Week in Chess 1400,1,2021.09.06,2562,,,,,
96,Guimaraes Open 2021,Guimaraes POR,2021.08.29,9.2,"Erigaisi, Arjun","Niemann, Hans Moke",0-1,2606,C88,POR,2021.08.24,9,swiss,182,Mark Crowther,2021.09.06,2,The Week in Chess 1400,1,2021.09.06,2597,,,,,
97,4th Sharjah Masters 2021,Sharjah UAE,2021.09.17,1.17,"Erigaisi, Arjun","Frhat, A.",1-0,2404,D52,UAE,2021.09.17,9,swiss,145,Mark Crowther,2021.09.20,2,The Week in Chess 1402,1,2021.09.20,2626,,,,,
98,4th Sharjah Masters 2021,Sharjah UAE,2021.09.18,2.9,"Fawzy, Adham","Erigaisi, Arjun",0-1,2626,B51,UAE,2021.09.17,9,swiss,52,Mark Crowther,2021.09.20,2,The Week in Chess 1402,1,2021.09.20,2488,,,,,
99,4th Sharjah Masters 2021,Sharjah UAE,2021.09.19,3.3,"Erigaisi, Arjun","Mchedlishvili, M.",1/2-1/2,2571,C43,UAE,2021.09.17,9,swiss,60,Mark Crowther,2021.09.20,2,The Week in Chess 1402,1,2021.09.20,2626,,,,,
100,4th Sharjah Masters 2021,Sharjah UAE,2021.09.20,4.4,"Gupta, Ab","Erigaisi, Arjun",1/2-1/2,2626,D38,UAE,2021.09.17,9,swiss,31,Mark Crowther,2021.09.20,2,The Week in Chess 1402,1,2021.09.20,2612,,,,,
101,Junior U21 Round Table Op,Plovdiv BUL,2021.09.26,1.2,"Boev, Viktor","Erigaisi, Arjun",1/2-1/2,2626,C01,BUL,2021.09.26,9,swiss,127,Mark Crowther,2021.09.27,2,The Week in Chess 1403,2,2021.09.29,2257,,,,,
102,4th Sharjah Masters 2021,Sharjah UAE,2021.09.21,5.3,"Erigaisi, Arjun","Eljanov, P.",1/2-1/2,2680,D27,UAE,2021.09.17,9,swiss,58,Mark Crowther,2021.09.27,2,The Week in Chess 1403,2,2021.09.29,2626,,,,,
103,4th Sharjah Masters 2021,Sharjah UAE,2021.09.22,6.6,"Adhiban, Baskaran","Erigaisi, Arjun",1/2-1/2,2626,C42,UAE,2021.09.17,9,swiss,43,Mark Crowther,2021.09.27,2,The Week in Chess 1403,2,2021.09.29,2672,,,,,
104,4th Sharjah Masters 2021,Sharjah UAE,2021.09.23,7.6,"Erigaisi, Arjun","Abdusattorov, Nodirbek",0-1,2648,D35,UAE,2021.09.17,9,swiss,96,Mark Crowther,2021.09.27,2,The Week in Chess 1403,2,2021.09.29,2626,,,,,
105,4th Sharjah Masters 2021,Sharjah UAE,2021.09.24,8.12,"Can, E.","Erigaisi, Arjun",0-1,2626,E04,UAE,2021.09.17,9,swiss,88,Mark Crowther,2021.09.27,2,The Week in Chess 1403,2,2021.09.29,2577,,,,,
106,4th Sharjah Masters 2021,Sharjah UAE,2021.09.25,9.9,"Erigaisi, Arjun","Delgado Ramirez, N.",1/2-1/2,2588,B90,UAE,2021.09.17,9,swiss,176,Mark Crowther,2021.09.27,2,The Week in Chess 1403,2,2021.09.29,2626,,,,,
107,ChessMood Open 2021,Tsaghkadzor ARM,2021.10.04,1.4,"Erigaisi, Arjun","Alaverdyan, G.",1-0,2320,E73,ARM,2021.10.04,9,swiss,121,Mark Crowther,2021.10.04,2,The Week in Chess 1404,1,2021.10.04,2634,,,,,
108,Junior U21 Round Table Op,Plovdiv BUL,2021.09.28,3.6,"Papadiamandis, Elliot","Erigaisi, Arjun",0-1,2626,B29,BUL,2021.09.26,9,swiss,118,Mark Crowther,2021.10.04,2,The Week in Chess 1404,1,2021.10.04,2404,,,,,
109,Junior U21 Round Table Op,Plovdiv BUL,2021.09.28,4.2,"Erigaisi, Arjun","Puranik, A.",1/2-1/2,2568,D85,BUL,2021.09.26,9,swiss,74,Mark Crowther,2021.10.04,2,The Week in Chess 1404,1,2021.10.04,2626,,,,,
110,Junior U21 Round Table Op,Plovdiv BUL,2021.09.29,5.3,"Blohberger, Felix","Erigaisi, Arjun",0-1,2626,C55,BUL,2021.09.26,9,swiss,180,Mark Crowther,2021.10.04,2,The Week in Chess 1404,1,2021.10.04,2493,,,,,
111,Junior U21 Round Table Op,Plovdiv BUL,2021.09.30,6.2,"Erigaisi, Arjun","Gukesh, D.",1-0,2599,E46,BUL,2021.09.26,9,swiss,125,Mark Crowther,2021.10.04,2,The Week in Chess 1404,1,2021.10.04,2626,,,,,
112,Junior U21 Round Table Op,Plovdiv BUL,2021.10.01,7.1,"Sarana, A.","Erigaisi, Arjun",1/2-1/2,2626,D38,BUL,2021.09.26,9,swiss,60,Mark Crowther,2021.10.04,2,The Week in Chess 1404,1,2021.10.04,2635,,,,,
113,Junior U21 Round Table Op,Plovdiv BUL,2021.10.02,8.2,"Erigaisi, Arjun","Bharath, Subramaniyam H",1/2-1/2,2435,A67,BUL,2021.09.26,9,swiss,89,Mark Crowther,2021.10.04,2,The Week in Chess 1404,1,2021.10.04,2626,,,,,
114,Junior U21 Round Table Op,Plovdiv BUL,2021.10.03,9.2,"Asadli, Vugar","Erigaisi, Arjun",0-1,2626,B22,BUL,2021.09.26,9,swiss,146,Mark Crowther,2021.10.04,2,The Week in Chess 1404,1,2021.10.04,2578,,,,,
115,ChessMood Open 2021,Tsaghkadzor ARM,2021.10.05,2.4,"Pour Agha Bala, Amirreza","Erigaisi, Arjun",1/2-1/2,2634,B69,ARM,2021.10.04,9,swiss,119,Mark Crowther,2021.10.11,2,The Week in Chess 1405,1,2021.10.11,2432,,,,,
116,ChessMood Open 2021,Tsaghkadzor ARM,2021.10.06,3.11,"Erigaisi, Arjun","Bharath, Subramaniyam H",1-0,2435,D30,ARM,2021.10.04,9,swiss,113,Mark Crowther,2021.10.11,2,The Week in Chess 1405,1,2021.10.11,2634,,,,,
117,ChessMood Open 2021,Tsaghkadzor ARM,2021.10.07,4.5,"Quparadze, G.","Erigaisi, Arjun",1-0,2634,C88,ARM,2021.10.04,9,swiss,91,Mark Crowther,2021.10.11,2,The Week in Chess 1405,1,2021.10.11,2495,,,,,
118,ChessMood Open 2021,Tsaghkadzor ARM,2021.10.09,6.8,"Frhat, A.","Erigaisi, Arjun",0-1,2634,B50,ARM,2021.10.04,9,swiss,48,Mark Crowther,2021.10.11,2,The Week in Chess 1405,1,2021.10.11,2392,,,,,
119,ChessMood Open 2021,Tsaghkadzor ARM,2021.10.10,7.4,"Erigaisi, Arjun","Shahinyan, D.",1-0,2469,A56,ARM,2021.10.04,9,swiss,97,Mark Crowther,2021.10.11,2,The Week in Chess 1405,1,2021.10.11,2634,,,,,
120,3rd Yerevan Open A 2021,Yerevan ARM,2021.10.14,1.3,"Wagh, Suyog","Erigaisi, Arjun",0-1,2634,A32,ARM,2021.10.14,9,swiss,118,Mark Crowther,2021.10.18,2,The Week in Chess 1406,2,2021.10.19,2246,,,,,
121,3rd Yerevan Open A 2021,Yerevan ARM,2021.10.15,2.2,"Erigaisi, Arjun","Sargsyan, Anna M.",1-0,2402,D45,ARM,2021.10.14,9,swiss,85,Mark Crowther,2021.10.18,2,The Week in Chess 1406,2,2021.10.19,2634,,,,,
122,3rd Yerevan Open A 2021,Yerevan ARM,2021.10.16,3.2,"Bharath, Subramaniyam H","Erigaisi, Arjun",1/2-1/2,2634,C47,ARM,2021.10.14,9,swiss,79,Mark Crowther,2021.10.18,2,The Week in Chess 1406,2,2021.10.19,2435,,,,,
123,3rd Yerevan Open A 2021,Yerevan ARM,2021.10.17,4.5,"Erigaisi, Arjun","Tahbaz, Arash",0-1,2459,A45,ARM,2021.10.14,9,swiss,186,Mark Crowther,2021.10.18,2,The Week in Chess 1406,2,2021.10.19,2634,,,,,
124,ChessMood Open 2021,Tsaghkadzor ARM,2021.10.11,8.2,"Narayanan, SL.","Erigaisi, Arjun",1-0,2634,D33,ARM,2021.10.04,9,swiss,115,Mark Crowther,2021.10.18,2,The Week in Chess 1406,2,2021.10.19,2647,,,,,
125,ChessMood Open 2021,Tsaghkadzor ARM,2021.10.12,9.5,"Erigaisi, Arjun","Hakobyan, Aram",0-1,2603,C89,ARM,2021.10.04,9,swiss,160,Mark Crowther,2021.10.18,2,The Week in Chess 1406,2,2021.10.19,2634,,,,,
126,FIDE Grand Swiss 2021,Riga LAT,2021.10.27,1.6,"Erigaisi, Arjun","Esipenko, Andrey",1/2-1/2,2720,E20,LAT,2021.10.27,11,swiss,85,Mark Crowther,2021.11.01,2,The Week in Chess 1408,1,2021.11.01,2634,,,,,
127,FIDE Grand Swiss 2021,Riga LAT,2021.10.28,2.16,"Dubov, Daniil","Erigaisi, Arjun",1/2-1/2,2634,E51,LAT,2021.10.27,11,swiss,74,Mark Crowther,2021.11.01,2,The Week in Chess 1408,1,2021.11.01,2714,,,,,
128,FIDE Grand Swiss 2021,Riga LAT,2021.10.29,3.26,"Erigaisi, Arjun","Mamedov, Rau",1/2-1/2,2673,D32,LAT,2021.10.27,11,swiss,60,Mark Crowther,2021.11.01,2,The Week in Chess 1408,1,2021.11.01,2634,,,,,
129,FIDE Grand Swiss 2021,Riga LAT,2021.10.30,4.28,"Sjugirov, S.","Erigaisi, Arjun",1-0,2634,C42,LAT,2021.10.27,11,swiss,75,Mark Crowther,2021.11.01,2,The Week in Chess 1408,1,2021.11.01,2663,,,,,
130,FIDE Grand Swiss 2021,Riga LAT,2021.10.31,5.41,"Erigaisi, Arjun","Goryachkina, A.",1-0,2602,D11,LAT,2021.10.27,11,swiss,133,Mark Crowther,2021.11.01,2,The Week in Chess 1408,1,2021.11.01,2634,,,,,
131,FIDE Grand Swiss 2021,Riga LAT,2021.11.01,6.30,"Onischuk, V.","Erigaisi, Arjun",1-0,2634,A04,LAT,2021.10.27,11,swiss,191,Mark Crowther,2021.11.01,2,The Week in Chess 1408,1,2021.11.01,2622,,,,,
132,FIDE Grand Swiss 2021,Riga LAT,2021.11.03,7.40,"Erigaisi, Arjun","Zvjaginsev, V.",1-0,2609,E60,LAT,2021.10.27,11,swiss,87,Mark Crowther,2021.11.08,2,The Week in Chess 1409,2,2021.11.10,2634,,,,,
133,FIDE Grand Swiss 2021,Riga LAT,2021.11.04,8.30,"Jobava, Ba","Erigaisi, Arjun",1/2-1/2,2634,D31,LAT,2021.10.27,11,swiss,66,Mark Crowther,2021.11.08,2,The Week in Chess 1409,2,2021.11.10,2582,,,,,
134,FIDE Grand Swiss 2021,Riga LAT,2021.11.05,9.31,"Erigaisi, Arjun","Kuybokarov, Temur",1/2-1/2,2549,C26,LAT,2021.10.27,11,swiss,244,Mark Crowther,2021.11.08,2,The Week in Chess 1409,2,2021.11.10,2634,,,,,
135,FIDE Grand Swiss 2021,Riga LAT,2021.11.06,10.24,"Erigaisi, Arjun","Navara, D.",1/2-1/2,2691,D85,LAT,2021.10.27,11,swiss,103,Mark Crowther,2021.11.08,2,The Week in Chess 1409,2,2021.11.10,2634,,,,,
136,FIDE Grand Swiss 2021,Riga LAT,2021.11.07,11.25,"Wojtaszek, R.","Erigaisi, Arjun",1/2-1/2,2634,D12,LAT,2021.10.27,11,swiss,67,Mark Crowther,2021.11.08,2,The Week in Chess 1409,2,2021.11.10,2691,,,,,
137,2nd elllobregat Open 2021,Castelldefels ESP,2021.11.30,1.5,"Cadilhac, Igor Tokuichi Kikuc","Erigaisi, Arjun",0-1,2627,C18,ESP,2021.11.30,9,swiss,62,Mark Crowther,2021.12.06,2,The Week in Chess 1413,1,2021.12.06,2323,,,,,
138,2nd elllobregat Open 2021,Castelldefels ESP,2021.12.01,2.4,"Erigaisi, Arjun","Ayats Llobera, Gerard",1-0,2448,B90,ESP,2021.11.30,9,swiss,79,Mark Crowther,2021.12.06,2,The Week in Chess 1413,1,2021.12.06,2627,,,,,
139,2nd elllobregat Open 2021,Castelldefels ESP,2021.12.02,3.3,"Asis Gargatagli, H.","Erigaisi, Arjun",1/2-1/2,2627,B15,ESP,2021.11.30,9,swiss,135,Mark Crowther,2021.12.06,2,The Week in Chess 1413,1,2021.12.06,2502,,,,,
140,2nd elllobregat Open 2021,Castelldefels ESP,2021.12.03,4.5,"Erigaisi, Arjun","Arizmendi Martinez, J.",1-0,2491,D02,ESP,2021.11.30,9,swiss,57,Mark Crowther,2021.12.06,2,The Week in Chess 1413,1,2021.12.06,2627,,,,,
141,2nd elllobregat Open 2021,Castelldefels ESP,2021.12.04,5.2,"Visakh, N R.","Erigaisi, Arjun",1/2-1/2,2627,E35,ESP,2021.11.30,9,swiss,99,Mark Crowther,2021.12.06,2,The Week in Chess 1413,1,2021.12.06,2515,,,,,
142,2nd elllobregat Open 2021,Castelldefels ESP,2021.12.05,6.4,"Erigaisi, Arjun","Krzyzanowski, M.",1-0,2510,E70,ESP,2021.11.30,9,swiss,155,Mark Crowther,2021.12.06,2,The Week in Chess 1413,1,2021.12.06,2627,,,,,
143,2nd elllobregat Open 2021,Castelldefels ESP,2021.12.06,7.2,"Erigaisi, Arjun","Aditya, Mittal",1/2-1/2,2459,D02,ESP,2021.11.30,9,swiss,136,Mark Crowther,2021.12.13,2,The Week in Chess 1414,3,2021.12.14,2627,,,,,
144,2nd elllobregat Open 2021,Castelldefels ESP,2021.12.07,8.3,"Meshkovs, Nikita","Erigaisi, Arjun",1/2-1/2,2627,A13,ESP,2021.11.30,9,swiss,84,Mark Crowther,2021.12.13,2,The Week in Chess 1414,3,2021.12.14,2557,,,,,
145,2nd elllobregat Open 2021,Castelldefels ESP,2021.12.08,9.3,"Erigaisi, Arjun","Muradli, Mahammad",1/2-1/2,2501,E20,ESP,2021.11.30,9,swiss,83,Mark Crowther,2021.12.13,2,The Week in Chess 1414,3,2021.12.14,2627,,,,,
146,8th Sunway Sitges 2021,Sitges ESP,2021.12.13,1.8,"Rajarishi, Karthi","Erigaisi, Arjun",0-1,2629,D31,ESP,2021.12.13,10,swiss,40,Mark Crowther,2021.12.20,2,The Week in Chess 1415,1,2021.12.20,2207,,,,,
147,8th Sunway Sitges 2021,Sitges ESP,2021.12.14,2.8,"Erigaisi, Arjun","Salimova, Nurgyul",1/2-1/2,2353,D35,ESP,2021.12.13,10,swiss,174,Mark Crowther,2021.12.20,2,The Week in Chess 1415,1,2021.12.20,2629,,,,,
148,8th Sunway Sitges 2021,Sitges ESP,2021.12.15,3.28,"Santarius, E.","Erigaisi, Arjun",0-1,2629,E04,ESP,2021.12.13,10,swiss,84,Mark Crowther,2021.12.20,2,The Week in Chess 1415,1,2021.12.20,2355,,,,,
149,8th Sunway Sitges 2021,Sitges ESP,2021.12.16,4.14,"Erigaisi, Arjun","Baenziger, Fabian",1/2-1/2,2409,B97,ESP,2021.12.13,10,swiss,91,Mark Crowther,2021.12.20,2,The Week in Chess 1415,1,2021.12.20,2629,,,,,
150,8th Sunway Sitges 2021,Sitges ESP,2021.12.17,5.14,"Boyer, Mahel","Erigaisi, Arjun",0-1,2629,D38,ESP,2021.12.13,10,swiss,52,Mark Crowther,2021.12.20,2,The Week in Chess 1415,1,2021.12.20,2427,,,,,
151,8th Sunway Sitges 2021,Sitges ESP,2021.12.19,6.7,"Erigaisi, Arjun","Van Foreest, Lucas",1/2-1/2,2530,A05,ESP,2021.12.13,10,swiss,78,Mark Crowther,2021.12.20,2,The Week in Chess 1415,1,2021.12.20,2629,,,,,
152,8th Sunway Sitges 2021,Sitges ESP,2021.12.20,7.7,"Nestorovic, N.","Erigaisi, Arjun",0-1,2629,B23,ESP,2021.12.13,10,swiss,78,Mark Crowther,2021.12.20,2,The Week in Chess 1415,1,2021.12.20,2467,,,,,
153,8th Sunway Sitges 2021,Sitges ESP,2021.12.21,8.4,"Erigaisi, Arjun","Muradli, Mahammad",1-0,2503,B23,ESP,2021.12.13,10,swiss,65,Mark Crowther,2021.12.27,2,The Week in Chess 1416,2,2021.12.29,2629,,,,,
154,8th Sunway Sitges 2021,Sitges ESP,2021.12.22,9.3,"Puranik, A.","Erigaisi, Arjun",1-0,2629,B40,ESP,2021.12.13,10,swiss,67,Mark Crowther,2021.12.27,2,The Week in Chess 1416,2,2021.12.29,2604,,,,,
155,8th Sunway Sitges 2021,Sitges ESP,2021.12.23,10.7,"Erigaisi, Arjun","Vasquez Schroeder, R.",1-0,2484,D45,ESP,2021.12.13,10,swiss,169,Mark Crowther,2021.12.27,2,The Week in Chess 1416,2,2021.12.29,2629,,,,,
156,Tata Steel Challengers,Wijk aan Zee NED,2022.01.15,1.1,"Erigaisi, Arjun","Van Foreest, Lucas",1/2-1/2,2539,D02,NED,2022.01.15,13,tourn,78,Mark Crowther,2022.01.17,2,The Week in Chess 1419,1,2022.01.17,2632,,,13,,
157,Tata Steel Challengers,Wijk aan Zee NED,2022.01.16,2.4,"Warmerdam, Max","Erigaisi, Arjun",0-1,2632,E06,NED,2022.01.15,13,tourn,50,Mark Crowther,2022.01.17,2,The Week in Chess 1419,1,2022.01.17,2607,,,13,,
158,Tata Steel Challengers,Wijk aan Zee NED,2022.01.17,3.2,"Erigaisi, Arjun","Dardha, Daniel",1-0,2532,B32,NED,2022.01.15,13,tourn,83,Mark Crowther,2022.01.17,2,The Week in Chess 1419,1,2022.01.17,2632,,,13,,
159,Tata Steel Challengers,Wijk aan Zee NED,2022.01.18,4.2,"Vogel, Roven","Erigaisi, Arjun",0-1,2632,E94,NED,2022.01.15,13,tourn,60,Mark Crowther,2022.01.24,2,The Week in Chess 1420,2,2022.01.26,2452,,,13,,
160,Tata Steel Challengers,Wijk aan Zee NED,2022.01.20,5.1,"Erigaisi, Arjun","Murzin, Volodar",1-0,2519,D10,NED,2022.01.15,13,tourn,141,Mark Crowther,2022.01.24,2,The Week in Chess 1420,2,2022.01.26,2632,,,13,,
161,Tata Steel Challengers,Wijk aan Zee NED,2022.01.21,6.1,"Erigaisi, Arjun","Ganguly, S.",1-0,2627,C53,NED,2022.01.15,13,tourn,83,Mark Crowther,2022.01.24,2,The Week in Chess 1420,2,2022.01.26,2632,,,13,,
162,Tata Steel Challengers,Wijk aan Zee NED,2022.01.22,7.1,"Jumabayev, R.","Erigaisi, Arjun",1/2-1/2,2632,B40,NED,2022.01.15,13,tourn,167,Mark Crowther,2022.01.24,2,The Week in Chess 1420,2,2022.01.26,2631,,,13,,
163,Tata Steel Challengers,Wijk aan Zee NED,2022.01.23,8.1,"Erigaisi, Arjun","Bjerre, Jonas Buhl",1-0,2586,B40,NED,2022.01.15,13,tourn,59,Mark Crowther,2022.01.24,2,The Week in Chess 1420,2,2022.01.26,2632,,,13,,
164,Tata Steel Challengers,Wijk aan Zee NED,2022.01.25,9.1,"Zhu, Jiner","Erigaisi, Arjun",0-1,2632,C70,NED,2022.01.15,13,tourn,104,Mark Crowther,2022.01.31,2,The Week in Chess 1421,2,2022.02.01,2478,,,13,,
165,Tata Steel Challengers,Wijk aan Zee NED,2022.01.26,10.1,"Erigaisi, Arjun","Shuvalova, Polina",1/2-1/2,2516,D50,NED,2022.01.15,13,tourn,61,Mark Crowther,2022.01.31,2,The Week in Chess 1421,2,2022.02.01,2632,,,13,,
166,Tata Steel Challengers,Wijk aan Zee NED,2022.01.28,11.1,"L'Ami, E.","Erigaisi, Arjun",1/2-1/2,2632,E04,NED,2022.01.15,13,tourn,46,Mark Crowther,2022.01.31,2,The Week in Chess 1421,2,2022.02.01,2622,,,13,,
167,Tata Steel Challengers,Wijk aan Zee NED,2022.01.29,12.1,"Erigaisi, Arjun","Nguyen, Thai Dai Van",1/2-1/2,2613,D37,NED,2022.01.15,13,tourn,30,Mark Crowther,2022.01.31,2,The Week in Chess 1421,2,2022.02.01,2632,,,13,,
168,Tata Steel Challengers,Wijk aan Zee NED,2022.01.30,13.1,"Maurizzi, Marc'Andria","Erigaisi, Arjun",0-1,2632,E21,NED,2022.01.15,13,tourn,124,Mark Crowther,2022.01.31,2,The Week in Chess 1421,2,2022.02.01,2502,,,13,,
169,58th ch-IND 2022,Kanpur IND,2022.02.25,1.2,"Srimanarayana, A.","Erigaisi, Arjun",0-1,2633,B44,IND,2022.02.25,11,swiss,104,Mark Crowther,2022.02.28,2,The Week in Chess 1425,1,2022.02.28,2029,,,,,
170,58th ch-IND 2022,Kanpur IND,2022.02.25,2.2,"Erigaisi, Arjun","Ayush, Sharma",1-0,2302,A45,IND,2022.02.25,11,swiss,81,Mark Crowther,2022.02.28,2,The Week in Chess 1425,1,2022.02.28,2633,,,,,
171,58th ch-IND 2022,Kanpur IND,2022.02.26,3.2,"Das, Say","Erigaisi, Arjun",0-1,2633,C70,IND,2022.02.25,11,swiss,122,Mark Crowther,2022.02.28,2,The Week in Chess 1425,1,2022.02.28,2459,,,,,
172,58th ch-IND 2022,Kanpur IND,2022.02.26,4.1,"Erigaisi, Arjun","Ravi, TeS",1-0,2469,B12,IND,2022.02.25,11,swiss,85,Mark Crowther,2022.02.28,2,The Week in Chess 1425,1,2022.02.28,2633,,,,,
173,58th ch-IND 2022,Kanpur IND,2022.02.27,5.1,"Gukesh, D.","Erigaisi, Arjun",1/2-1/2,2633,D44,IND,2022.02.25,11,swiss,92,Mark Crowther,2022.02.28,2,The Week in Chess 1425,1,2022.02.28,2614,,,,,
174,58th ch-IND 2022,Kanpur IND,2022.02.28,6.1,"Erigaisi, Arjun","Gupta, Ab",1-0,2628,C58,IND,2022.02.25,11,swiss,91,Mark Crowther,2022.02.28,2,The Week in Chess 1425,1,2022.02.28,2633,,,,,
175,58th ch-IND 2022,Kanpur IND,2022.02.28,7.1,"Aryan, C.","Erigaisi, Arjun",1/2-1/2,2633,D35,IND,2022.02.25,11,swiss,107,Mark Crowther,2022.02.28,2,The Week in Chess 1425,1,2022.02.28,2585,,,,,
176,58th ch-IND 2022,Kanpur IND,2022.03.01,8.1,"Erigaisi, Arjun","Visakh, N R.",1/2-1/2,2522,E04,IND,2022.02.25,11,swiss,63,Mark Crowther,2022.03.07,2,The Week in Chess 1426,2,2022.03.08,2633,,,,,
177,58th ch-IND 2022,Kanpur IND,2022.03.01,9.1,"Pranav, V.","Erigaisi, Arjun",0-1,2633,B30,IND,2022.02.25,11,swiss,120,Mark Crowther,2022.03.07,2,The Week in Chess 1426,2,2022.03.08,2486,,,,,
178,58th ch-IND 2022,Kanpur IND,2022.03.02,10.1,"Erigaisi, Arjun","Iniyan, P.",1/2-1/2,2516,A46,IND,2022.02.25,11,swiss,82,Mark Crowther,2022.03.07,2,The Week in Chess 1426,2,2022.03.08,2633,,,,,
179,58th ch-IND 2022,Kanpur IND,2022.03.03,11.1,"Sethuraman, S.","Erigaisi, Arjun",1/2-1/2,2633,A33,IND,2022.02.25,11,swiss,84,Mark Crowther,2022.03.07,2,The Week in Chess 1426,2,2022.03.08,2619,,,,,
180,TCh-BAN Premier 2022,Dhaka BAN,2022.03.10,1.5,"Harsha, B.","Erigaisi, Arjun",1-0,2660,B12,BAN,2022.03.10,11,team,129,Mark Crowther,2022.03.14,2,The Week in Chess 1427,1,2022.03.14,2499,Bangladesh Police,Manha's Castle,,,
181,TCh-BAN Premier 2022,Dhaka BAN,2022.03.11,2.3,"Erigaisi, Arjun",Md Anisur Rahaman,1-0,,A28,BAN,2022.03.10,11,team,61,Mark Crowther,2022.03.14,2,The Week in Chess 1427,1,2022.03.14,2660,Janata Bank Officer Welfare Society,Bangladesh Police,,,
182,TCh-BAN Premier 2022,Dhaka BAN,2022.03.12,3.4,"Srijit, Paul","Erigaisi, Arjun",0-1,2660,B89,BAN,2022.03.10,11,team,44,Mark Crowther,2022.03.14,2,The Week in Chess 1427,1,2022.03.14,2419,Bangladesh Police,Leonine Chess Club,,,
183,TCh-BAN Premier 2022,Dhaka BAN,2022.03.13,4.4,"Erigaisi, Arjun","Ahmed, SN.",1-0,2167,A46,BAN,2022.03.10,11,team,89,Mark Crowther,2022.03.14,2,The Week in Chess 1427,1,2022.03.14,2660,Bangladesh Navy,Bangladesh Police,,,
184,TCh-BAN Premier 2022,Dhaka BAN,2022.03.14,5.3,"Sankalp, Gupta","Erigaisi, Arjun",1/2-1/2,2660,C45,BAN,2022.03.10,11,team,133,Mark Crowther,2022.03.21,2,The Week in Chess 1428,2,2022.03.22,2536,Bangladesh Police,Rupali Bank Krira Parisad,,,
185,TCh-BAN Premier 2022,Dhaka BAN,2022.03.15,6.5,"Erigaisi, Arjun","Alam, MdM",1-0,1848,A08,BAN,2022.03.10,11,team,43,Mark Crowther,2022.03.21,2,The Week in Chess 1428,2,2022.03.22,2660,Uttara Central Chess Club,Bangladesh Police,,,
186,TCh-BAN Premier 2022,Dhaka BAN,2022.03.16,7.2,"Mohammad, Nubairshah Shaikh","Erigaisi, Arjun",1/2-1/2,2660,A07,BAN,2022.03.10,11,team,93,Mark Crowther,2022.03.21,2,The Week in Chess 1428,2,2022.03.22,2436,Bangladesh Police,Titas Club,,,
187,TCh-BAN Premier 2022,Dhaka BAN,2022.03.17,8.6,"Erigaisi, Arjun","Sharon, S M.",1-0,2087,A10,BAN,2022.03.10,11,team,1,Mark Crowther,2022.03.21,2,The Week in Chess 1428,2,2022.03.22,2660,Shahin Chess Club,Bangladesh Police,,,
188,TCh-BAN Premier 2022,Dhaka BAN,2022.03.18,9.1,"Mchedlishvili, M.","Erigaisi, Arjun",1/2-1/2,2660,C45,BAN,2022.03.10,11,team,51,Mark Crowther,2022.03.21,2,The Week in Chess 1428,2,2022.03.22,2584,Bangladesh Police,SAIF Sporting Club,,,
189,TCh-BAN Premier 2022,Dhaka BAN,2022.03.19,10.6,"Shyam, SM.","Erigaisi, Arjun",0-1,2660,B72,BAN,2022.03.10,11,team,82,Mark Crowther,2022.03.21,2,The Week in Chess 1428,2,2022.03.22,2528,Bangladesh Police,Sheikh Russel Chess Club,,,
190,TCh-BAN Premier 2022,Dhaka BAN,2022.03.20,11.2,"Erigaisi, Arjun","Zia, Tahsin Tajwar",1-0,2235,B12,BAN,2022.03.10,11,team,71,Mark Crowther,2022.03.21,2,The Week in Chess 1428,2,2022.03.22,2660,Bangladesh Biman,Bangladesh Police,,,
191,19th Delhi Open 2022,New Delhi IND,2022.03.22,1.1,"Manigandan, S.","Erigaisi, Arjun",0-1,2660,A40,IND,2022.03.22,10,swiss,78,Mark Crowther,2022.03.28,2,The Week in Chess 1429,1,2022.03.28,2127,,,,,
192,19th Delhi Open 2022,New Delhi IND,2022.03.23,2.1,"Erigaisi, Arjun","Karthikeyan, P2.",1-0,2397,B47,IND,2022.03.22,10,swiss,123,Mark Crowther,2022.03.28,2,The Week in Chess 1429,1,2022.03.28,2660,,,,,
193,19th Delhi Open 2022,New Delhi IND,2022.03.23,3.1,"Nigmatov, Ortik","Erigaisi, Arjun",0-1,2660,B66,IND,2022.03.22,10,swiss,96,Mark Crowther,2022.03.28,2,The Week in Chess 1429,1,2022.03.28,2445,,,,,
194,19th Delhi Open 2022,New Delhi IND,2022.03.24,4.1,"Erigaisi, Arjun","Jain, Kushagra",1-0,1452,A04,IND,2022.03.22,10,swiss,97,Mark Crowther,2022.03.28,2,The Week in Chess 1429,1,2022.03.28,2660,,,,,
195,19th Delhi Open 2022,New Delhi IND,2022.03.25,5.1,"Iniyan, P.","Erigaisi, Arjun",1/2-1/2,2660,B33,IND,2022.03.22,10,swiss,81,Mark Crowther,2022.03.28,2,The Week in Chess 1429,1,2022.03.28,2516,,,,,
196,19th Delhi Open 2022,New Delhi IND,2022.03.25,6.2,"Erigaisi, Arjun","Harsha, B.",1/2-1/2,2499,B42,IND,2022.03.22,10,swiss,70,Mark Crowther,2022.03.28,2,The Week in Chess 1429,1,2022.03.28,2660,,,,,
197,19th Delhi Open 2022,New Delhi IND,2022.03.26,7.2,"Shyam, N.","Erigaisi, Arjun",0-1,2660,C55,IND,2022.03.22,10,swiss,60,Mark Crowther,2022.03.28,2,The Week in Chess 1429,1,2022.03.28,2442,,,,,
198,19th Delhi Open 2022,New Delhi IND,2022.03.27,8.1,"Erigaisi, Arjun","Lalith, B.",1-0,2558,C45,IND,2022.03.22,10,swiss,55,Mark Crowther,2022.03.28,2,The Week in Chess 1429,1,2022.03.28,2660,,,,,
199,19th Delhi Open 2022,New Delhi IND,2022.03.28,9.1,"Gukesh, D.","Erigaisi, Arjun",1/2-1/2,2660,B90,IND,2022.03.22,10,swiss,88,Mark Crowther,2022.03.28,2,The Week in Chess 1429,1,2022.03.28,2614,,,,,
200,19th Delhi Open 2022,New Delhi IND,2022.03.29,10.3,"Erigaisi, Arjun","Karthik, V4.",1-0,2485,B90,IND,2022.03.22,10,swiss,115,Mark Crowther,2022.04.04,2,The Week in Chess 1430,1,2022.04.04,2660,,,,,
201,Fagernes GM Open 2022,Fagernes NOR,2022.04.10,1.1,"Erigaisi, Arjun","Sieber, Fiona",1-0,2248,D33,NOR,2022.04.10,9,swiss,53,Mark Crowther,2022.04.11,2,The Week in Chess 1431,1,2022.04.11,2675,,,,,
202,Fagernes GM Open 2022,Fagernes NOR,2022.04.11,2.1,"Kaasen, Tor Fredrik","Erigaisi, Arjun",0-1,2675,D45,NOR,2022.04.10,9,swiss,118,Mark Crowther,2022.04.11,2,The Week in Chess 1431,1,2022.04.11,2465,,,,,
203,Fagernes GM Open 2022,Fagernes NOR,2022.04.12,3.1,"Erigaisi, Arjun","Can, E.",1/2-1/2,2578,B90,NOR,2022.04.10,9,swiss,74,Mark Crowther,2022.04.18,2,The Week in Chess 1432,1,2022.04.18,2675,,,,,
204,Fagernes GM Open 2022,Fagernes NOR,2022.04.12,4.2,"Erigaisi, Arjun","Aryan, C.",1-0,2592,E92,NOR,2022.04.10,9,swiss,67,Mark Crowther,2022.04.18,2,The Week in Chess 1432,1,2022.04.18,2675,,,,,
205,Fagernes GM Open 2022,Fagernes NOR,2022.04.13,5.1,"Kulaots, K.","Erigaisi, Arjun",1/2-1/2,2675,C70,NOR,2022.04.10,9,swiss,112,Mark Crowther,2022.04.18,2,The Week in Chess 1432,1,2022.04.18,2529,,,,,
206,Fagernes GM Open 2022,Fagernes NOR,2022.04.14,6.1,"Erigaisi, Arjun","Urkedal, F.",1/2-1/2,2539,E20,NOR,2022.04.10,9,swiss,100,Mark Crowther,2022.04.18,2,The Week in Chess 1432,1,2022.04.18,2675,,,,,
207,Fagernes GM Open 2022,Fagernes NOR,2022.04.15,7.1,"Hakobyan, Aram","Erigaisi, Arjun",1/2-1/2,2675,D41,NOR,2022.04.10,9,swiss,99,Mark Crowther,2022.04.18,2,The Week in Chess 1432,1,2022.04.18,2612,,,,,
208,Fagernes GM Open 2022,Fagernes NOR,2022.04.16,8.2,"Erigaisi, Arjun","Donchenko, Alexa",1/2-1/2,2619,D02,NOR,2022.04.10,9,swiss,77,Mark Crowther,2022.04.18,2,The Week in Chess 1432,1,2022.04.18,2675,,,,,
209,Fagernes GM Open 2022,Fagernes NOR,2022.04.17,9.3,"Nihal, Sarin","Erigaisi, Arjun",1/2-1/2,2675,E32,NOR,2022.04.10,9,swiss,50,Mark Crowther,2022.04.18,2,The Week in Chess 1432,1,2022.04.18,2648,,,,,
210,3rd Yerevan Open A 2021,Yerevan ARM,2021.10.20,7.8,"Urazayev, Arystanbek","Erigaisi, Arjun",1/2-1/2,2634,D38,ARM,2021.10.14,9,swiss,95,Mark Crowther,2021.10.25,2,The Week in Chess 1407,1,2021.10.25,2451,,,,,
211,3rd Yerevan Open A 2021,Yerevan ARM,2021.10.21,8.9,"Erigaisi, Arjun","Pranav, Anand",1-0,2430,E71,ARM,2021.10.14,9,swiss,90,Mark Crowther,2021.10.25,2,The Week in Chess 1407,1,2021.10.25,2634,,,,,
212,3rd Yerevan Open A 2021,Yerevan ARM,2021.10.22,9.5,"Shahinyan, D.","Erigaisi, Arjun",0-1,2634,C02,ARM,2021.10.14,9,swiss,76,Mark Crowther,2021.10.25,2,The Week in Chess 1407,1,2021.10.25,2469,,,,,
213,I Menorca Open 2022,Ciutadella de Menorca ESP,2022.04.20,1.1,"Erigaisi, Arjun","Aguado Doncel, Pablo Luis",1-0,2123,D02,ESP,2022.04.20,7,swiss,93,Mark Crowther,2022.04.25,2,The Week in Chess 1433,1,2022.04.25,2675,,,,,
214,I Menorca Open 2022,Ciutadella de Menorca ESP,2022.04.21,2.1,"Alinasab, Mobina","Erigaisi, Arjun",0-1,2675,C02,ESP,2022.04.20,7,swiss,72,Mark Crowther,2022.04.25,2,The Week in Chess 1433,1,2022.04.25,2355,,,,,
215,I Menorca Open 2022,Ciutadella de Menorca ESP,2022.04.21,3.1,"Erigaisi, Arjun","Cuenca Jimenez, J.",1-0,2558,D02,ESP,2022.04.20,7,swiss,77,Mark Crowther,2022.04.25,2,The Week in Chess 1433,1,2022.04.25,2675,,,,,
216,I Menorca Open 2022,Ciutadella de Menorca ESP,2022.04.22,4.1,"Martirosyan, Haik M.","Erigaisi, Arjun",1/2-1/2,2675,D44,ESP,2022.04.20,7,swiss,52,Mark Crowther,2022.04.25,2,The Week in Chess 1433,1,2022.04.25,2633,,,,,
217,I Menorca Open 2022,Ciutadella de Menorca ESP,2022.04.23,5.2,"Erigaisi, Arjun","Sargsyan, Shant",0-1,2639,E20,ESP,2022.04.20,7,swiss,74,Mark Crowther,2022.04.25,2,The Week in Chess 1433,1,2022.04.25,2675,,,,,
218,I Menorca Open 2022,Ciutadella de Menorca ESP,2022.04.23,6.8,"Romanishin, O.","Erigaisi, Arjun",0-1,2675,D02,ESP,2022.04.20,7,swiss,102,Mark Crowther,2022.04.25,2,The Week in Chess 1433,1,2022.04.25,2415,,,,,
219,I Menorca Open 2022,Ciutadella de Menorca ESP,2022.04.24,7.4,"Erigaisi, Arjun","Sadhwani, Raunak",1/2-1/2,2628,E20,ESP,2022.04.20,7,swiss,26,Mark Crowther,2022.04.25,2,The Week in Chess 1433,1,2022.04.25,2675,,,,,
220,27th Sigeman & Co 2022,Malmo SWE,2022.05.03,1.1,"Erigaisi, Arjun","Shirov, A.",1-0,2693,D44,SWE,2022.05.03,7,tourn,81,Mark Crowther,2022.05.09,2,The Week in Chess 1435,2,2022.05.09,2675,,,18,,
221,27th Sigeman & Co 2022,Malmo SWE,2022.05.04,2.4,"Erigaisi, Arjun","Salem, AR.",1-0,2690,B12,SWE,2022.05.03,7,tourn,115,Mark Crowther,2022.05.09,2,The Week in Chess 1435,2,2022.05.09,2675,,,18,,
222,27th Sigeman & Co 2022,Malmo SWE,2022.05.05,3.2,"Niemann, Hans Moke","Erigaisi, Arjun",1-0,2675,D12,SWE,2022.05.03,7,tourn,135,Mark Crowther,2022.05.09,2,The Week in Chess 1435,2,2022.05.09,2637,,,18,,
223,27th Sigeman & Co 2022,Malmo SWE,2022.05.06,4.3,"Erigaisi, Arjun","Grandelius, N.",1/2-1/2,2656,C45,SWE,2022.05.03,7,tourn,77,Mark Crowther,2022.05.09,2,The Week in Chess 1435,2,2022.05.09,2675,,,18,,
224,27th Sigeman & Co 2022,Malmo SWE,2022.05.07,5.3,"Van Foreest, Jorden","Erigaisi, Arjun",1/2-1/2,2675,C55,SWE,2022.05.03,7,tourn,99,Mark Crowther,2022.05.09,2,The Week in Chess 1435,2,2022.05.09,2714,,,18,,
225,27th Sigeman & Co 2022,Malmo SWE,2022.05.08,6.2,"Erigaisi, Arjun","Adams, Mi",1/2-1/2,2698,A45,SWE,2022.05.03,7,tourn,80,Mark Crowther,2022.05.09,2,The Week in Chess 1435,2,2022.05.09,2675,,,18,,
226,27th Sigeman & Co 2022,Malmo SWE,2022.05.09,7.4,"Navara, D.","Erigaisi, Arjun",1/2-1/2,2675,D40,SWE,2022.05.03,7,tourn,117,Mark Crowther,2022.05.09,2,The Week in Chess 1435,2,2022.05.09,2693,,,18,,
227,5th Sharjah Masters 2022,Sharjah UAE,2022.05.21,1.4,"Mchedlishvili, M.","Erigaisi, Arjun",1/2-1/2,2675,D02,UAE,2022.05.21,9,swiss,139,Mark Crowther,2022.05.23,2,The Week in Chess 1437,1,2022.05.23,2595,,,,,
228,5th Sharjah Masters 2022,Sharjah UAE,2022.05.22,2.14,"Erigaisi, Arjun","Van Foreest, Lucas",1/2-1/2,2572,C45,UAE,2022.05.21,9,swiss,120,Mark Crowther,2022.05.23,2,The Week in Chess 1437,1,2022.05.23,2675,,,,,
229,5th Sharjah Masters 2022,Sharjah UAE,2022.05.23,3.16,"Kadric, D.","Erigaisi, Arjun",0-1,2675,B35,UAE,2022.05.21,9,swiss,70,Mark Crowther,2022.05.23,2,The Week in Chess 1437,1,2022.05.23,2576,,,,,
230,5th Sharjah Masters 2022,Sharjah UAE,2022.05.24,4.7,"Erigaisi, Arjun","Ganguly, S.",1/2-1/2,2616,A45,UAE,2022.05.21,9,swiss,111,Mark Crowther,2022.05.30,2,The Week in Chess 1438,1,2022.05.30,2675,,,,,
231,5th Sharjah Masters 2022,Sharjah UAE,2022.05.25,5.8,"Sadhwani, Raunak","Erigaisi, Arjun",1/2-1/2,2675,,UAE,2022.05.21,9,swiss,74,Mark Crowther,2022.05.30,2,The Week in Chess 1438,1,2022.05.30,2619,,,,,
232,5th Sharjah Masters 2022,Sharjah UAE,2022.05.26,6.9,"Erigaisi, Arjun","Aryan, C.",1-0,2609,E49,UAE,2022.05.21,9,swiss,133,Mark Crowther,2022.05.30,2,The Week in Chess 1438,1,2022.05.30,2675,,,,,
233,5th Sharjah Masters 2022,Sharjah UAE,2022.05.27,7.5,"Ponkratov, P.","Erigaisi, Arjun",1/2-1/2,2675,C50,UAE,2022.05.21,9,swiss,33,Mark Crowther,2022.05.30,2,The Week in Chess 1438,1,2022.05.30,2624,,,,,
234,5th Sharjah Masters 2022,Sharjah UAE,2022.05.28,8.4,"Erigaisi, Arjun","Martirosyan, Haik M.",1/2-1/2,2652,A45,UAE,2022.05.21,9,swiss,64,Mark Crowther,2022.05.30,2,The Week in Chess 1438,1,2022.05.30,2675,,,,,
235,5th Sharjah Masters 2022,Sharjah UAE,2022.05.29,9.6,"Indjic, A.","Erigaisi, Arjun",0-1,2675,D02,UAE,2022.05.21,9,swiss,59,Mark Crowther,2022.05.30,2,The Week in Chess 1438,1,2022.05.30,2621,,,,,
236,TCh-FRA Top 16 GpB 2022,Chartres FRA,2022.06.09,1.1,"Erigaisi, Arjun","Vernay, C.",1/2-1/2,2520,C11,FRA,2022.06.09,7,team,109,Mark Crowther,2022.06.13,2,The Week in Chess 1440,1,2022.06.13,2681,Lyon Olympique Echecs,Mulhouse Philidor,,,
237,TCh-FRA Top 16 GpB 2022,Chartres FRA,2022.06.10,2.3,"Duboue, P.","Erigaisi, Arjun",1/2-1/2,2681,C01,FRA,2022.06.09,7,team,70,Mark Crowther,2022.06.13,2,The Week in Chess 1440,1,2022.06.13,2426,Mulhouse Philidor,Echiquier de l'Erdre,,,
238,TCh-FRA Top 16 GpB 2022,Chartres FRA,2022.06.11,3.3,"Erigaisi, Arjun","Vocaturo, D.",1-0,2608,A45,FRA,2022.06.09,7,team,75,Mark Crowther,2022.06.13,2,The Week in Chess 1440,1,2022.06.13,2681,Clichy-Echecs-92,Mulhouse Philidor,,,
239,TCh-FRA Top 16 GpB 2022,Chartres FRA,2022.06.12,4.3,"Donchenko, Alexa","Erigaisi, Arjun",1-0,2681,E94,FRA,2022.06.09,7,team,87,Mark Crowther,2022.06.13,2,The Week in Chess 1440,1,2022.06.13,2602,Mulhouse Philidor,Vandoeuvre-Echecs,,,
240,TCh-FRA Top 16 GpB 2022,Chartres FRA,2022.06.13,5.2,"Erigaisi, Arjun","Le Hetet, N.",1-0,2372,B32,FRA,2022.06.09,7,team,115,Mark Crowther,2022.06.13,2,The Week in Chess 1440,1,2022.06.13,2681,Echiquier Agenais,Mulhouse Philidor,,,
241,TCh-FRA Top 16 GpB 2022,Chartres FRA,2022.06.14,6.4,"Kulaots, K.","Erigaisi, Arjun",0-1,2681,C02,FRA,2022.06.09,7,team,98,Mark Crowther,2022.06.20,2,The Week in Chess 1441,1,2022.06.20,2537,Mulhouse Philidor,Les Tours des Hauts de France - St Quentin,,,
242,TCh-FRA Top 16 GpB 2022,Chartres FRA,2022.06.15,7.1,"Erigaisi, Arjun","Esipenko, Andrey",1/2-1/2,2705,E49,FRA,2022.06.09,7,team,70,Mark Crowther,2022.06.20,2,The Week in Chess 1441,1,2022.06.20,2681,Asnieres - Le Grand Echiquier,Mulhouse Philidor,,,
243,TCh-FRA Top 16 Haute 2022,Chartres FRA,2022.06.16,1.1,"Erigaisi, Arjun","Fressinet, L.",1/2-1/2,2624,D00,FRA,2022.06.16,4,team,60,Mark Crowther,2022.06.20,2,The Week in Chess 1441,1,2022.06.20,2681,Bischwiller,Mulhouse Philidor,,,
244,TCh-FRA Top 16 Haute 2022,Chartres FRA,2022.06.17,2.2,"Korobov, A.","Erigaisi, Arjun",1-0,2681,E94,FRA,2022.06.16,4,team,115,Mark Crowther,2022.06.20,2,The Week in Chess 1441,1,2022.06.20,2675,Mulhouse Philidor,L'Echiquier Chalonnais,,,
245,TCh-FRA Top 16 Haute 2022,Chartres FRA,2022.06.18,3.2,"Abasov, N.","Erigaisi, Arjun",0-1,2681,D02,FRA,2022.06.16,4,team,98,Mark Crowther,2022.06.20,2,The Week in Chess 1441,1,2022.06.20,2635,Mulhouse Philidor,Grasse Echecs,,,
246,TCh-FRA Top 16 Haute 2022,Chartres FRA,2022.06.19,4.2,"Erigaisi, Arjun","Mamedov, Rau",1-0,2656,B33,FRA,2022.06.16,4,team,69,Mark Crowther,2022.06.20,2,The Week in Chess 1441,1,2022.06.20,2681,C'Chartres Echecs,Mulhouse Philidor,,,
247,44th Olympiad 2022,Chennai IND,2022.07.29,1.1,"Masango, S.","Erigaisi, Arjun",0-1,2689,D02,IND,2022.07.29,11,team,75,Mark Crowther,2022.08.01,2,The Week in Chess 1447,1,2022.08.01,2170,India,Zimbabwe,,IND,ZIM
248,44th Olympiad 2022,Chennai IND,2022.07.30,2.1,"Erigaisi, Arjun","Macovei, Andrei",1/2-1/2,2478,C65,IND,2022.07.29,11,team,91,Mark Crowther,2022.08.01,2,The Week in Chess 1447,1,2022.08.01,2689,Moldova,India,,MDA,IND
249,44th Olympiad 2022,Chennai IND,2022.07.31,3.1,"Erigaisi, Arjun","Mastrovasilis, A.",1-0,2527,D35,IND,2022.07.29,11,team,101,Mark Crowther,2022.08.01,2,The Week in Chess 1447,1,2022.08.01,2689,Greece,India,,GRE,IND
250,44th Olympiad 2022,Chennai IND,2022.08.01,4.1,"Cornette, M.","Erigaisi, Arjun",1/2-1/2,2689,B51,IND,2022.07.29,11,team,48,Mark Crowther,2022.08.01,2,The Week in Chess 1447,1,2022.08.01,2551,India,France,,IND,FRA
251,44th Olympiad 2022,Chennai IND,2022.08.02,5.1,"Erigaisi, Arjun","Parligras, M.",1-0,2576,E20,IND,2022.07.29,11,team,91,Mark Crowther,2022.08.08,2,The Week in Chess 1448,1,2022.08.08,2689,Romania,India,,ROU,IND
252,44th Olympiad 2022,Chennai IND,2022.08.03,6.2,"Sindarov, Javokhir","Erigaisi, Arjun",1/2-1/2,2689,B15,IND,2022.07.29,11,team,97,Mark Crowther,2022.08.08,2,The Week in Chess 1448,1,2022.08.08,2629,India,Uzbekistan,,IND,UZB
253,44th Olympiad 2022,Chennai IND,2022.08.05,7.1,"Erigaisi, Arjun","Gupta, Ab",1-0,2627,D00,IND,2022.07.29,11,team,91,Mark Crowther,2022.08.08,2,The Week in Chess 1448,1,2022.08.08,2689,India 3,India,,,IND
254,44th Olympiad 2022,Chennai IND,2022.08.06,8.1,"Ter Sahakyan, S.","Erigaisi, Arjun",1/2-1/2,2689,B40,IND,2022.07.29,11,team,167,Mark Crowther,2022.08.08,2,The Week in Chess 1448,1,2022.08.08,2625,India,Armenia,,IND,ARM
255,44th Olympiad 2022,Chennai IND,2022.08.07,9.5,"Erigaisi, Arjun","Mekhitarian, K.",1-0,2542,A33,IND,2022.07.29,11,team,125,Mark Crowther,2022.08.08,2,The Week in Chess 1448,1,2022.08.08,2689,Brazil,India,,BRA,IND
256,44th Olympiad 2022,Chennai IND,2022.08.08,10.4,"Idani, P.","Erigaisi, Arjun",1/2-1/2,2689,C67,IND,2022.07.29,11,team,60,Mark Crowther,2022.08.08,2,The Week in Chess 1448,1,2022.08.08,2641,India,Iran,,IND,IRI
257,44th Olympiad 2022,Chennai IND,2022.08.09,11.4,"Erigaisi, Arjun","Dominguez Perez, L.",1-0,2754,E20,IND,2022.07.29,11,team,97,Mark Crowther,2022.08.15,2,The Week in Chess 1449,1,2022.08.15,2689,United States of America,India,,,IND
258,28th Abu Dhabi Masters,Abu Dhabi UAE,2022.08.17,1.4,"Erigaisi, Arjun","Rohith, Krishna S",1-0,2358,C97,UAE,2022.08.17,9,swiss,185,Mark Crowther,2022.08.22,2,The Week in Chess 1450,1,2022.08.22,2689,,,,,
259,28th Abu Dhabi Masters,Abu Dhabi UAE,2022.08.18,2.4,"Sengupta, D.","Erigaisi, Arjun",0-1,2689,B40,UAE,2022.08.17,9,swiss,92,Mark Crowther,2022.08.22,2,The Week in Chess 1450,1,2022.08.22,2520,,,,,
260,28th Abu Dhabi Masters,Abu Dhabi UAE,2022.08.18,3.2,"Erigaisi, Arjun","Indjic, A.",1-0,2613,A67,UAE,2022.08.17,9,swiss,101,Mark Crowther,2022.08.22,2,The Week in Chess 1450,1,2022.08.22,2689,,,,,
261,28th Abu Dhabi Masters,Abu Dhabi UAE,2022.08.19,4.1,"Tomashevsky, E.","Erigaisi, Arjun",1/2-1/2,2689,A11,UAE,2022.08.17,9,swiss,75,Mark Crowther,2022.08.22,2,The Week in Chess 1450,1,2022.08.22,2702,,,,,
262,28th Abu Dhabi Masters,Abu Dhabi UAE,2022.08.20,5.1,"Erigaisi, Arjun","Van Foreest, Jorden",1/2-1/2,2680,D02,UAE,2022.08.17,9,swiss,80,Mark Crowther,2022.08.22,2,The Week in Chess 1450,1,2022.08.22,2689,,,,,
263,22nd Dubai Open 2022,Dubai UAE,2022.08.27,1.2,"Tolentino, R.","Erigaisi, Arjun",0-1,2689,,UAE,2022.08.27,9,swiss,0,Mark Crowther,2022.08.29,2,The Week in Chess 1451,1,2022.08.29,2259,,,,,
264,22nd Dubai Open 2022,Dubai UAE,2022.08.28,2.2,"Erigaisi, Arjun","Nitish, Belurkar",1-0,2416,C19,UAE,2022.08.27,9,swiss,77,Mark Crowther,2022.08.29,2,The Week in Chess 1451,1,2022.08.29,2689,,,,,
265,22nd Dubai Open 2022,Dubai UAE,2022.08.29,3.2,"Raja, Rithvik R","Erigaisi, Arjun",0-1,2689,A28,UAE,2022.08.27,9,swiss,64,Mark Crowther,2022.08.29,2,The Week in Chess 1451,1,2022.08.29,2491,,,,,
266,28th Abu Dhabi Masters,Abu Dhabi UAE,2022.08.22,6.2,"Sadhwani, Raunak","Erigaisi, Arjun",0-1,2689,B92,UAE,2022.08.17,9,swiss,82,Mark Crowther,2022.08.29,2,The Week in Chess 1451,1,2022.08.29,2622,,,,,
267,28th Abu Dhabi Masters,Abu Dhabi UAE,2022.08.23,7.1,"Erigaisi, Arjun","Robson, R.",1/2-1/2,2682,C58,UAE,2022.08.17,9,swiss,74,Mark Crowther,2022.08.29,2,The Week in Chess 1451,1,2022.08.29,2689,,,,,
268,28th Abu Dhabi Masters,Abu Dhabi UAE,2022.08.24,8.3,Wang Hao,"Erigaisi, Arjun",0-1,2689,D14,UAE,2022.08.17,9,swiss,110,Mark Crowther,2022.08.29,2,The Week in Chess 1451,1,2022.08.29,2735,,,,,
269,28th Abu Dhabi Masters,Abu Dhabi UAE,2022.08.25,9.1,"Erigaisi, Arjun","Anton Guijarro, D.",1-0,2668,B13,UAE,2022.08.17,9,swiss,133,Mark Crowther,2022.08.29,2,The Week in Chess 1451,1,2022.08.29,2689,,,,,
270,22nd Dubai Open 2022,Dubai UAE,2022.08.30,4.1,"Indjic, A.","Erigaisi, Arjun",1/2-1/2,2689,A20,UAE,2022.08.27,9,swiss,98,Mark Crowther,2022.09.05,2,The Week in Chess 1452,2,2022.09.06,2613,,,,,
271,22nd Dubai Open 2022,Dubai UAE,2022.08.31,5.3,"Erigaisi, Arjun","Muradli, Mahammad",1-0,2552,B23,UAE,2022.08.27,9,swiss,39,Mark Crowther,2022.09.05,2,The Week in Chess 1452,2,2022.09.06,2689,,,,,
272,22nd Dubai Open 2022,Dubai UAE,2022.09.01,6.1,"Erigaisi, Arjun","Jumabayev, R.",1-0,2615,E20,UAE,2022.08.27,9,swiss,77,Mark Crowther,2022.09.05,2,The Week in Chess 1452,2,2022.09.06,2689,,,,,
273,22nd Dubai Open 2022,Dubai UAE,2022.09.02,7.1,"Predke, A.","Erigaisi, Arjun",1/2-1/2,2689,B30,UAE,2022.08.27,9,swiss,61,Mark Crowther,2022.09.05,2,The Week in Chess 1452,2,2022.09.06,2692,,,,,
274,22nd Dubai Open 2022,Dubai UAE,2022.09.03,8.2,"Erigaisi, Arjun","Aravindh, Chithambaram VR.",0-1,2614,A08,UAE,2022.08.27,9,swiss,90,Mark Crowther,2022.09.05,2,The Week in Chess 1452,2,2022.09.06,2689,,,,,
275,22nd Dubai Open 2022,Dubai UAE,2022.09.04,9.3,"Harsha, B.","Erigaisi, Arjun",1/2-1/2,2689,D41,UAE,2022.08.27,9,swiss,67,Mark Crowther,2022.09.05,2,The Week in Chess 1452,2,2022.09.06,2557,,,,,
276,32nd TCh-SLO 2022,Ljubljana SLO,2022.09.09,4.1,"Javornik, Nik","Erigaisi, Arjun",0-1,2725,A04,SLO,2022.09.02,9,team,140,Mark Crowther,2022.09.12,2,The Week in Chess 1453,1,2022.09.12,2090,Tajfun SK Ljubljana,Celjski SK,,,
277,32nd TCh-SLO 2022,Ljubljana SLO,2022.09.10,5.1,"Erigaisi, Arjun","Kozul, Z.",1-0,2549,E85,SLO,2022.09.02,9,team,101,Mark Crowther,2022.09.12,2,The Week in Chess 1453,1,2022.09.12,2725,ZSK Maribor,Tajfun SK Ljubljana,,,
278,32nd TCh-SLO 2022,Ljubljana SLO,2022.09.11,6.1,"Guid, M.","Erigaisi, Arjun",0-1,2725,B10,SLO,2022.09.02,9,team,121,Mark Crowther,2022.09.19,2,The Week in Chess 1454,2,2022.09.20,2292,Tajfun SK Ljubljana,SK Trebnje BMP,,,
