,Event,Site,Date,Round,White,Black,Result,BlackElo,ECO,EventCountry,EventDate,EventRounds,EventType,PlyCount,Source,SourceDate,SourceQuality,SourceTitle,SourceVersion,SourceVersionDate,WhiteElo,BlackTeam,WhiteTeam,EventCategory,WhiteTeamCountry,BlackTeamCountry
0,Gibraltar Masters 2020,Caleta ENG,2020.01.21,1.57,"Priyanka, Nutakki","Gukesh, D.",1/2-1/2,2542,A16,ENG,2020.01.21,10,swiss,91,Mark Crowther,2020.01.27,2,The Week in Chess 1316,1,2020.01.27,2242,,,,,
1,Gibraltar Masters 2020,Caleta ENG,2020.01.22,2.63,"Gukesh, D.","Plotkin, V.",1-0,2267,A07,ENG,2020.01.21,10,swiss,109,Mark Crowther,2020.01.27,2,The Week in Chess 1316,1,2020.01.27,2542,,,,,
2,Gibraltar Masters 2020,Caleta ENG,2020.01.23,3.40,"Gschnitzer, Adrian","Gukesh, D.",1/2-1/2,2542,B09,ENG,2020.01.21,10,swiss,108,Mark Crowther,2020.01.27,2,The Week in Chess 1316,1,2020.01.27,2388,,,,,
3,Gibraltar Masters 2020,Caleta ENG,2020.01.24,4.36,"Gukesh, D.","Lombaers, P.",1-0,2383,B33,ENG,2020.01.21,10,swiss,77,Mark Crowther,2020.01.27,2,The Week in Chess 1316,1,2020.01.27,2542,,,,,
4,Gibraltar Masters 2020,Caleta ENG,2020.01.25,5.13,"Jones, G.","Gukesh, D.",1-0,2542,B31,ENG,2020.01.21,10,swiss,51,Mark Crowther,2020.01.27,2,The Week in Chess 1316,1,2020.01.27,2679,,,,,
5,Gibraltar Masters 2020,Caleta ENG,2020.01.26,6.35,"Gukesh, D.","Percivaldi, Martin",1-0,2403,A09,ENG,2020.01.21,10,swiss,75,Mark Crowther,2020.01.27,2,The Week in Chess 1316,1,2020.01.27,2542,,,,,
6,Gibraltar Masters 2020,Caleta ENG,2020.01.27,7.27,"Buksa, N.","Gukesh, D.",0-1,2542,B01,ENG,2020.01.21,10,swiss,78,Mark Crowther,2020.01.27,2,The Week in Chess 1316,1,2020.01.27,2403,,,,,
7,Gibraltar Masters 2020,Caleta ENG,2020.01.28,8.13,"Gukesh, D.","Adhiban, Baskaran",1/2-1/2,2654,D32,ENG,2020.01.21,10,swiss,130,Mark Crowther,2020.02.03,2,The Week in Chess 1317,1,2020.02.03,2542,,,,,
8,Gibraltar Masters 2020,Caleta ENG,2020.01.29,9.16,"Narayanan, SL.","Gukesh, D.",1/2-1/2,2542,D61,ENG,2020.01.21,10,swiss,72,Mark Crowther,2020.02.03,2,The Week in Chess 1317,1,2020.02.03,2637,,,,,
9,Gibraltar Masters 2020,Caleta ENG,2020.01.30,10.15,"Gukesh, D.","Vocaturo, D.",0-1,2622,D38,ENG,2020.01.21,10,swiss,172,Mark Crowther,2020.02.03,2,The Week in Chess 1317,1,2020.02.03,2542,,,,,
10,Hillerod 100th Ann. Open,Hillerod DEN,2020.02.08,1.2,"Gukesh, D.","Madsen, Michael Ole",1-0,2042,A11,DEN,2020.02.08,9,swiss,69,Mark Crowther,2020.02.10,2,The Week in Chess 1318,2,2020.02.11,2542,,,,,
11,Hillerod 100th Ann. Open,Hillerod DEN,2020.02.09,2.2,"Andersen, Soren Bull","Gukesh, D.",0-1,2542,E70,DEN,2020.02.08,9,swiss,54,Mark Crowther,2020.02.10,2,The Week in Chess 1318,2,2020.02.11,2100,,,,,
12,Hillerod 100th Ann. Open,Hillerod DEN,2020.02.09,3.2,"Gukesh, D.","Siva, Mahadevan",1-0,2310,E90,DEN,2020.02.08,9,swiss,93,Mark Crowther,2020.02.10,2,The Week in Chess 1318,2,2020.02.11,2542,,,,,
13,Hillerod 100th Ann. Open,Hillerod DEN,2020.02.10,4.2,"Jacobsen, Mikkel Manosri","Gukesh, D.",0-1,2542,D02,DEN,2020.02.08,9,swiss,78,Mark Crowther,2020.02.17,2,The Week in Chess 1319,1,2020.02.17,2315,,,,,
14,Hillerod 100th Ann. Open,Hillerod DEN,2020.02.11,5.1,"Gukesh, D.","Zeng, C.",1/2-1/2,2567,E46,DEN,2020.02.08,9,swiss,60,Mark Crowther,2020.02.17,2,The Week in Chess 1319,1,2020.02.17,2542,,,,,
15,Hillerod 100th Ann. Open,Hillerod DEN,2020.02.12,6.2,"Sylvan, J.","Gukesh, D.",0-1,2542,A15,DEN,2020.02.08,9,swiss,74,Mark Crowther,2020.02.17,2,The Week in Chess 1319,1,2020.02.17,2335,,,,,
16,Hillerod 100th Ann. Open,Hillerod DEN,2020.02.13,7.2,"Gukesh, D.","Schultz Pedersen, J.",1-0,2058,B00,DEN,2020.02.08,9,swiss,61,Mark Crowther,2020.02.17,2,The Week in Chess 1319,1,2020.02.17,2542,,,,,
17,Hillerod 100th Ann. Open,Hillerod DEN,2020.02.14,8.1,"Devereaux, M.","Gukesh, D.",1/2-1/2,2542,,DEN,2020.02.08,9,swiss,0,Mark Crowther,2020.02.17,2,The Week in Chess 1319,1,2020.02.17,2339,,,,,
18,Hillerod 100th Ann. Open,Hillerod DEN,2020.02.15,9.1,"Gukesh, D.","Ostergaard, J.",1-0,2229,A05,DEN,2020.02.08,9,swiss,87,Mark Crowther,2020.02.17,2,The Week in Chess 1319,1,2020.02.17,2542,,,,,
19,34th Cannes Open 2020,Cannes FRA,2020.02.17,1.4,"Bruaset, Eivind","Gukesh, D.",0-1,2542,B46,FRA,2020.02.17,9,swiss,56,Mark Crowther,2020.02.24,2,The Week in Chess 1320,1,2020.02.24,2247,,,,,
20,34th Cannes Open 2020,Cannes FRA,2020.02.18,2.4,"Gukesh, D.","Bressy, Theo",1-0,2314,A06,FRA,2020.02.17,9,swiss,133,Mark Crowther,2020.02.24,2,The Week in Chess 1320,1,2020.02.24,2542,,,,,
21,34th Cannes Open 2020,Cannes FRA,2020.02.18,3.4,"Joie, S.","Gukesh, D.",1/2-1/2,2542,A13,FRA,2020.02.17,9,swiss,42,Mark Crowther,2020.02.24,2,The Week in Chess 1320,1,2020.02.24,2421,,,,,
22,34th Cannes Open 2020,Cannes FRA,2020.02.19,4.3,"Gukesh, D.","Rakotomaharo, Fy Antenaina",1-0,2430,A34,FRA,2020.02.17,9,swiss,67,Mark Crowther,2020.02.24,2,The Week in Chess 1320,1,2020.02.24,2542,,,,,
23,34th Cannes Open 2020,Cannes FRA,2020.02.20,5.2,"Harshavardhan, G B.","Gukesh, D.",1/2-1/2,2542,D38,FRA,2020.02.17,9,swiss,165,Mark Crowther,2020.02.24,2,The Week in Chess 1320,1,2020.02.24,2377,,,,,
24,34th Cannes Open 2020,Cannes FRA,2020.02.20,6.2,"Gukesh, D.","Degraeve, Remy",1-0,2292,A07,FRA,2020.02.17,9,swiss,53,Mark Crowther,2020.02.24,2,The Week in Chess 1320,1,2020.02.24,2542,,,,,
25,34th Cannes Open 2020,Cannes FRA,2020.02.21,7.1,"Zeng, C.","Gukesh, D.",1/2-1/2,2542,B31,FRA,2020.02.17,9,swiss,85,Mark Crowther,2020.02.24,2,The Week in Chess 1320,1,2020.02.24,2567,,,,,
26,34th Cannes Open 2020,Cannes FRA,2020.02.22,8.3,"Gukesh, D.","Di Nicolantonio, L.",1-0,2417,A07,FRA,2020.02.17,9,swiss,143,Mark Crowther,2020.02.24,2,The Week in Chess 1320,1,2020.02.24,2542,,,,,
27,34th Cannes Open 2020,Cannes FRA,2020.02.23,9.1,"Gukesh, D.","Barsegyan, H.",1-0,2448,A22,FRA,2020.02.17,9,swiss,99,Mark Crowther,2020.02.24,2,The Week in Chess 1320,1,2020.02.24,2542,,,,,
28,Titled Tuesday 28th Apr,chess.com INT,2020.04.28,5,"Gukesh, D.","Liang, Jason",1/2-1/2,2340,B18,,2020.04.28,9,swiss,152,Mark Crowther,2020.05.04,2,The Week in Chess 1330,1,2020.05.04,2563,,,,,
29,Titled Tuesday 28th Apr,chess.com INT,2020.04.28,7,"Nitish, Belurkar","Gukesh, D.",0-1,2563,D05,,2020.04.28,9,swiss,62,Mark Crowther,2020.05.04,2,The Week in Chess 1330,1,2020.05.04,2351,,,,,
30,Titled Tuesday 28th Apr,chess.com INT,2020.04.28,8,"Donchenko, Alexa","Gukesh, D.",0-1,2563,A13,,2020.04.28,9,swiss,78,Mark Crowther,2020.05.04,2,The Week in Chess 1330,1,2020.05.04,2646,,,,,
31,Titled Tuesday 28th Apr,chess.com INT,2020.04.28,9,"Gukesh, D.","Kazakouski, Valery",1-0,2473,B28,,2020.04.28,9,swiss,133,Mark Crowther,2020.05.04,2,The Week in Chess 1330,1,2020.05.04,2563,,,,,
32,51st National Congress,ICC INT,2020.11.27,1,"Gukesh, D.","Krishnakumar, Sriram",1-0,1981,D02,,2020.11.27,9,swiss,43,Mark Crowther,2020.11.30,2,The Week in Chess 1360,1,2020.11.30,2563,,,,,
33,51st National Congress,ICC INT,2020.11.27,2,"Nyzhnyk, I.","Gukesh, D.",1/2-1/2,2563,E02,,2020.11.27,9,swiss,68,Mark Crowther,2020.11.30,2,The Week in Chess 1360,1,2020.11.30,2679,,,,,
34,51st National Congress,ICC INT,2020.11.27,3,"Gukesh, D.","Ehsani, Yassamin",1-0,1923,A21,,2020.11.27,9,swiss,129,Mark Crowther,2020.11.30,2,The Week in Chess 1360,1,2020.11.30,2563,,,,,
35,51st National Congress,ICC INT,2020.11.28,4,"Guseinov, G.","Gukesh, D.",1/2-1/2,2563,B15,,2020.11.27,9,swiss,204,Mark Crowther,2020.11.30,2,The Week in Chess 1360,1,2020.11.30,2665,,,,,
36,51st National Congress,ICC INT,2020.11.28,5,"Gukesh, D.","Azarov, S.",1-0,2604,A96,,2020.11.27,9,swiss,123,Mark Crowther,2020.11.30,2,The Week in Chess 1360,1,2020.11.30,2563,,,,,
37,51st National Congress,ICC INT,2020.11.28,6,"Gukesh, D.","Sjugirov, S.",1/2-1/2,2663,A13,,2020.11.27,9,swiss,154,Mark Crowther,2020.11.30,2,The Week in Chess 1360,1,2020.11.30,2563,,,,,
38,51st National Congress,ICC INT,2020.11.29,7,"Aleksandrov, A.","Gukesh, D.",1/2-1/2,2563,D37,,2020.11.27,9,swiss,49,Mark Crowther,2020.11.30,2,The Week in Chess 1360,1,2020.11.30,2574,,,,,
39,51st National Congress,ICC INT,2020.11.29,8,"Safarli, E.","Gukesh, D.",1-0,2563,B13,,2020.11.27,9,swiss,139,Mark Crowther,2020.11.30,2,The Week in Chess 1360,1,2020.11.30,2598,,,,,
40,51st National Congress,ICC INT,2020.11.29,9,"Gukesh, D.","Erenburg, S.",0-1,2559,A12,,2020.11.27,9,swiss,98,Mark Crowther,2020.11.30,2,The Week in Chess 1360,1,2020.11.30,2563,,,,,
41,30th North American Open,ICC INT,2020.12.26,1,"Krishnakumar, Sriram","Gukesh, D.",0-1,2563,B14,,2020.12.26,8,swiss,50,Mark Crowther,2021.01.04,2,The Week in Chess 1365,1,2021.01.04,1981,,,,,
42,30th North American Open,ICC INT,2020.12.26,2,"Gukesh, D.","Kogen, Jonathan",1-0,2244,A96,,2020.12.26,8,swiss,91,Mark Crowther,2021.01.04,2,The Week in Chess 1365,1,2021.01.04,2563,,,,,
43,30th North American Open,ICC INT,2020.12.27,3,"Rohde, M.","Gukesh, D.",0-1,2563,E92,,2020.12.26,8,swiss,128,Mark Crowther,2021.01.04,2,The Week in Chess 1365,1,2021.01.04,2348,,,,,
44,30th North American Open,ICC INT,2020.12.27,4,"Gukesh, D.","Vakhidov, J.",1/2-1/2,2533,B38,,2020.12.26,8,swiss,45,Mark Crowther,2021.01.04,2,The Week in Chess 1365,1,2021.01.04,2563,,,,,
45,30th North American Open,ICC INT,2020.12.28,5,"Solano Cuya, Bryan","Gukesh, D.",0-1,2563,D31,,2020.12.26,8,swiss,72,Mark Crowther,2021.01.04,2,The Week in Chess 1365,1,2021.01.04,2242,,,,,
46,30th North American Open,ICC INT,2020.12.28,6,"Gukesh, D.","Santos Latasa, J.",1-0,2588,A15,,2020.12.26,8,swiss,55,Mark Crowther,2021.01.04,2,The Week in Chess 1365,1,2021.01.04,2563,,,,,
47,30th North American Open,ICC INT,2020.12.29,7,"Sinha, Sahil","Gukesh, D.",0-1,2563,D37,,2020.12.26,8,swiss,156,Mark Crowther,2021.01.04,2,The Week in Chess 1365,1,2021.01.04,2324,,,,,
48,30th North American Open,ICC INT,2020.12.29,8,"Gukesh, D.","Velazquez Martinez, J.",1/2-1/2,2179,D02,,2020.12.26,8,swiss,5,Mark Crowther,2021.01.04,2,The Week in Chess 1365,1,2021.01.04,2563,,,,,
49,TCh-BAN Premier 2021,Dhaka BAN,2021.03.19,1.5,Jabed Al Azad,"Gukesh, D.",0-1,2563,B06,,2021.03.19,11,team,62,Mark Crowther,2021.03.22,2,The Week in Chess 1376,1,2021.03.22,2002,Bangladesh Biman,Titas Club,,,
50,TCh-BAN Premier 2021,Dhaka BAN,2021.03.21,3.5,"Gukesh, D.","Chowdhury, So",1-0,2149,D02,,2021.03.19,11,team,51,Mark Crowther,2021.03.22,2,The Week in Chess 1376,1,2021.03.22,2563,Shahin Chess Club,Bangladesh Biman,,,
51,TCh-BAN Premier 2021,Dhaka BAN,2021.03.22,4.1,"Minhazuddin, A.","Gukesh, D.",0-1,2563,B15,,2021.03.19,11,team,78,Mark Crowther,2021.03.22,2,The Week in Chess 1376,1,2021.03.22,2295,Bangladesh Biman,Bangladesh Navy,,,
52,TCh-BAN Premier 2021,Dhaka BAN,2021.03.23,5.4,"Gukesh, D.","Ganguly, S.",1-0,2635,E10,,2021.03.19,11,team,113,Mark Crowther,2021.03.29,2,The Week in Chess 1377,1,2021.03.29,2563,Bangladesh Police,Bangladesh Biman,,,
53,TCh-BAN Premier 2021,Dhaka BAN,2021.03.24,6.2,"Sabya, S.","Gukesh, D.",0-1,2563,D38,,2021.03.19,11,team,78,Mark Crowther,2021.03.29,2,The Week in Chess 1377,1,2021.03.29,1874,Bangladesh Biman,Sonali Bank Sports & Recreation Club,,,
54,TCh-BAN Premier 2021,Dhaka BAN,2021.03.25,7.3,"Gukesh, D.","Hasan Md, E.",1-0,2058,B02,,2021.03.19,11,team,63,Mark Crowther,2021.03.29,2,The Week in Chess 1377,1,2021.03.29,2563,Janata Bank Officer Welfare Society,Bangladesh Biman,,,
55,TCh-BAN Premier 2021,Dhaka BAN,2021.03.26,8.3,"Adhiban, Baskaran","Gukesh, D.",1/2-1/2,2563,D78,,2021.03.19,11,team,70,Mark Crowther,2021.03.29,2,The Week in Chess 1377,1,2021.03.29,2659,Bangladesh Biman,SAIF Sporting Club,,,
56,TCh-BAN Premier 2021,Dhaka BAN,2021.03.27,9.2,"Gukesh, D.","Hamid, R.",1-0,1923,A30,,2021.03.19,11,team,63,Mark Crowther,2021.03.29,2,The Week in Chess 1377,1,2021.03.29,2563,Sheikh Russel Chess Club,Bangladesh Biman,,,
57,TCh-BAN Premier 2021,Dhaka BAN,2021.03.28,10.4,"Shahnaz, M.","Gukesh, D.",0-1,2563,B14,,2021.03.19,11,team,46,Mark Crowther,2021.03.29,2,The Week in Chess 1377,1,2021.03.29,1831,Bangladesh Biman,Leonin Chess Club,,,
58,TCh-BAN Premier 2021,Dhaka BAN,2021.03.29,11.1,"Gukesh, D.","Alam, MdM",1-0,1853,E71,,2021.03.19,11,team,54,Mark Crowther,2021.03.29,2,The Week in Chess 1377,1,2021.03.29,2563,Uttara Central Chess Club,Bangladesh Biman,,,
59,FIDE World Cup 2021,Krasnaya Polyana RUS,2021.07.12,1.1,"Teclaf, Pawel","Gukesh, D.",1/2-1/2,2578,A14,RUS,2021.07.12,8,k.o.,122,Mark Crowther,2021.07.12,2,The Week in Chess 1392,1,2021.07.12,2514,,,,,
60,FIDE World Cup 2021,Krasnaya Polyana RUS,2021.07.13,1.2,"Gukesh, D.","Teclaf, Pawel",1/2-1/2,2514,D25,RUS,2021.07.12,8,k.o.,60,Mark Crowther,2021.07.19,2,The Week in Chess 1393,3,2021.07.20,2578,,,,,
61,FIDE World Cup 2021,Krasnaya Polyana RUS,2021.07.14,1.3,"Teclaf, Pawel","Gukesh, D.",0-1,2578,A13,RUS,2021.07.12,8,k.o.,94,Mark Crowther,2021.07.19,2,The Week in Chess 1393,3,2021.07.20,2514,,,,,
62,FIDE World Cup 2021,Krasnaya Polyana RUS,2021.07.14,1.4,"Gukesh, D.","Teclaf, Pawel",1/2-1/2,2514,A40,RUS,2021.07.12,8,k.o.,71,Mark Crowther,2021.07.19,2,The Week in Chess 1393,3,2021.07.20,2578,,,,,
63,FIDE World Cup 2021,Krasnaya Polyana RUS,2021.07.15,2.1,"Gukesh, D.","Dubov, Daniil",1/2-1/2,2714,D86,RUS,2021.07.12,8,k.o.,95,Mark Crowther,2021.07.19,2,The Week in Chess 1393,3,2021.07.20,2578,,,,,
64,FIDE World Cup 2021,Krasnaya Polyana RUS,2021.07.16,2.2,"Dubov, Daniil","Gukesh, D.",1/2-1/2,2578,E06,RUS,2021.07.12,8,k.o.,110,Mark Crowther,2021.07.19,2,The Week in Chess 1393,3,2021.07.20,2714,,,,,
65,FIDE World Cup 2021,Krasnaya Polyana RUS,2021.07.17,2.3,"Dubov, Daniil","Gukesh, D.",1-0,2578,E06,RUS,2021.07.12,8,k.o.,77,Mark Crowther,2021.07.19,2,The Week in Chess 1393,3,2021.07.20,2714,,,,,
66,FIDE World Cup 2021,Krasnaya Polyana RUS,2021.07.17,2.4,"Gukesh, D.","Dubov, Daniil",1/2-1/2,2714,A48,RUS,2021.07.12,8,k.o.,140,Mark Crowther,2021.07.19,2,The Week in Chess 1393,3,2021.07.20,2578,,,,,
67,54th Biel Master Open,Biel SUI,2021.07.26,1.15,"Gukesh, D.","Al Hosani, Omran",1-0,2197,A48,SUI,2021.07.26,9,swiss,71,Mark Crowther,2021.08.02,2,The Week in Chess 1395,1,2021.08.02,2578,,,,,
68,54th Biel Master Open,Biel SUI,2021.07.27,2.13,"Vaishali, R.","Gukesh, D.",1-0,2578,B31,SUI,2021.07.26,9,swiss,99,Mark Crowther,2021.08.02,2,The Week in Chess 1395,1,2021.08.02,2393,,,,,
69,54th Biel Master Open,Biel SUI,2021.07.28,3.13,"Gukesh, D.","Stelmaszyk, Nico",1/2-1/2,2296,D02,SUI,2021.07.26,9,swiss,50,Mark Crowther,2021.08.02,2,The Week in Chess 1395,1,2021.08.02,2578,,,,,
70,54th Biel Master Open,Biel SUI,2021.07.29,4.17,"Tahay, Alexis","Gukesh, D.",0-1,2578,B10,SUI,2021.07.26,9,swiss,94,Mark Crowther,2021.08.02,2,The Week in Chess 1395,1,2021.08.02,2349,,,,,
71,54th Biel Master Open,Biel SUI,2021.07.30,5.12,"Gukesh, D.","Unuk, Laura",1-0,2407,A11,SUI,2021.07.26,9,swiss,121,Mark Crowther,2021.08.02,2,The Week in Chess 1395,1,2021.08.02,2578,,,,,
72,54th Biel Master Open,Biel SUI,2021.08.01,6.9,"Gukesh, D.","Arjun, Kalyan",1/2-1/2,2503,D37,SUI,2021.07.26,9,swiss,72,Mark Crowther,2021.08.02,2,The Week in Chess 1395,1,2021.08.02,2578,,,,,
73,54th Biel Master Open,Biel SUI,2021.08.02,7.8,"Valsecchi, A.","Gukesh, D.",0-1,2578,B12,SUI,2021.07.26,9,swiss,78,Mark Crowther,2021.08.02,2,The Week in Chess 1395,1,2021.08.02,2527,,,,,
74,54th Biel Master Open,Biel SUI,2021.08.03,8.4,"Ganguly, S.","Gukesh, D.",0-1,2578,A01,SUI,2021.07.26,9,swiss,86,Mark Crowther,2021.08.10,2,The Week in Chess 1396,1,2021.08.10,2625,,,,,
75,54th Biel Master Open,Biel SUI,2021.08.04,9.1,"Gukesh, D.","Karthikeyan, M2.",1/2-1/2,2606,E04,SUI,2021.07.26,9,swiss,80,Mark Crowther,2021.08.10,2,The Week in Chess 1396,1,2021.08.10,2578,,,,,
76,Riga Tech Open A 2021,Riga LAT,2021.08.09,1.13,"Bekasovs, Rihards","Gukesh, D.",1/2-1/2,2578,A05,LAT,2021.08.09,9,swiss,142,Mark Crowther,2021.08.16,2,The Week in Chess 1397,2,2021.08.17,2140,,,,,
77,Riga Tech Open A 2021,Riga LAT,2021.08.10,3.16,"Klabis, R.","Gukesh, D.",0-1,2578,B31,LAT,2021.08.09,9,swiss,84,Mark Crowther,2021.08.16,2,The Week in Chess 1397,2,2021.08.17,2323,,,,,
78,Riga Tech Open A 2021,Riga LAT,2021.08.11,4.8,"Gukesh, D.","Haldorsen, Benjamin",1-0,2471,D37,LAT,2021.08.09,9,swiss,99,Mark Crowther,2021.08.16,2,The Week in Chess 1397,2,2021.08.17,2578,,,,,
79,Riga Tech Open A 2021,Riga LAT,2021.08.12,5.7,"Vardanyan, Aras","Gukesh, D.",0-1,2578,D38,LAT,2021.08.09,9,swiss,66,Mark Crowther,2021.08.16,2,The Week in Chess 1397,2,2021.08.17,2255,,,,,
80,Riga Tech Open A 2021,Riga LAT,2021.08.12,6.3,"Gukesh, D.","Smirin, I.",1/2-1/2,2610,E95,LAT,2021.08.09,9,swiss,84,Mark Crowther,2021.08.16,2,The Week in Chess 1397,2,2021.08.17,2578,,,,,
81,Riga Tech Open A 2021,Riga LAT,2021.08.13,7.1,"Kovalenko, I.","Gukesh, D.",1-0,2578,E51,LAT,2021.08.09,9,swiss,99,Mark Crowther,2021.08.16,2,The Week in Chess 1397,2,2021.08.17,2644,,,,,
82,Riga Tech Open A 2021,Riga LAT,2021.08.14,8.10,"Gukesh, D.","Stukan, Martin",1-0,2443,A30,LAT,2021.08.09,9,swiss,77,Mark Crowther,2021.08.16,2,The Week in Chess 1397,2,2021.08.17,2578,,,,,
83,Riga Tech Open A 2021,Riga LAT,2021.08.15,9.6,"Kantor, G.","Gukesh, D.",1-0,2578,A80,LAT,2021.08.09,9,swiss,71,Mark Crowther,2021.08.16,2,The Week in Chess 1397,2,2021.08.17,2533,,,,,
84,2nd Tras-os-Montes Open,Braganca POR,2021.08.19,1.4,"Jacquot, A.","Gukesh, D.",0-1,2578,B44,POR,2021.08.19,9,swiss,80,Mark Crowther,2021.08.23,2,The Week in Chess 1398,4,2021.08.26,1980,,,,,
85,2nd Tras-os-Montes Open,Braganca POR,2021.08.20,2.4,"Gukesh, D.","Tadevosyan, Aspet",1-0,2245,D02,POR,2021.08.19,9,swiss,57,Mark Crowther,2021.08.23,2,The Week in Chess 1398,4,2021.08.26,2578,,,,,
86,2nd Tras-os-Montes Open,Braganca POR,2021.08.20,3.3,"Sorensen, Hampus","Gukesh, D.",0-1,2578,E71,POR,2021.08.19,9,swiss,46,Mark Crowther,2021.08.23,2,The Week in Chess 1398,4,2021.08.26,2382,,,,,
87,2nd Tras-os-Montes Open,Braganca POR,2021.08.21,4.3,"Gukesh, D.","Zwardon, V.",1-0,2466,E10,POR,2021.08.19,9,swiss,43,Mark Crowther,2021.08.23,2,The Week in Chess 1398,4,2021.08.26,2578,,,,,
88,2nd Tras-os-Montes Open,Braganca POR,2021.08.21,5.1,"Martinez Ramirez, L.","Gukesh, D.",0-1,2578,A13,POR,2021.08.19,9,swiss,96,Mark Crowther,2021.08.23,2,The Week in Chess 1398,4,2021.08.26,2458,,,,,
89,2nd Tras-os-Montes Open,Braganca POR,2021.08.22,6.1,"Gukesh, D.","Warmerdam, Max",1-0,2562,D44,POR,2021.08.19,9,swiss,77,Mark Crowther,2021.08.23,2,The Week in Chess 1398,4,2021.08.26,2578,,,,,
90,2nd Tras-os-Montes Open,Braganca POR,2021.08.22,7.1,"Erigaisi, Arjun","Gukesh, D.",1-0,2578,D12,POR,2021.08.19,9,swiss,99,Mark Crowther,2021.08.30,2,The Week in Chess 1399,2,2021.08.31,2597,,,,,
91,2nd Tras-os-Montes Open,Braganca POR,2021.08.23,8.2,"Gukesh, D.","Rakotomaharo, Fy Antenaina",1-0,2444,D02,POR,2021.08.19,9,swiss,65,Mark Crowther,2021.08.30,2,The Week in Chess 1399,2,2021.08.31,2578,,,,,
92,2nd Tras-os-Montes Open,Braganca POR,2021.08.24,9.2,"Lortkipanidze, N.","Gukesh, D.",0-1,2578,B30,POR,2021.08.19,9,swiss,108,Mark Crowther,2021.08.30,2,The Week in Chess 1399,2,2021.08.31,2429,,,,,
93,IV Concello de Carballo,Carballo ESP,2021.09.01,1.1,"Belo, A.","Gukesh, D.",0-1,2599,B22,ESP,2021.09.01,9,swiss,68,Mark Crowther,2021.09.06,2,The Week in Chess 1400,1,2021.09.06,1653,,,,,
94,IV Concello de Carballo,Carballo ESP,2021.09.02,2.1,"Gukesh, D.","Fernandez Otero, J.",1-0,1905,D80,ESP,2021.09.01,9,swiss,115,Mark Crowther,2021.09.06,2,The Week in Chess 1400,1,2021.09.06,2599,,,,,
95,IV Concello de Carballo,Carballo ESP,2021.09.03,3.1,"Sixto Puente, Eloy","Gukesh, D.",0-1,2599,B12,ESP,2021.09.01,9,swiss,116,Mark Crowther,2021.09.06,2,The Week in Chess 1400,1,2021.09.06,2093,,,,,
96,IV Concello de Carballo,Carballo ESP,2021.09.04,4.1,"Gukesh, D.","Espineira Gonzalez, D.",1-0,2310,E06,ESP,2021.09.01,9,swiss,75,Mark Crowther,2021.09.06,2,The Week in Chess 1400,1,2021.09.06,2599,,,,,
97,IV Concello de Carballo,Carballo ESP,2021.09.05,5.1,"Narciso Dublan, M.","Gukesh, D.",1/2-1/2,2599,B24,ESP,2021.09.01,9,swiss,32,Mark Crowther,2021.09.06,2,The Week in Chess 1400,1,2021.09.06,2528,,,,,
98,IV Concello de Carballo,Carballo ESP,2021.09.05,6.1,"Gukesh, D.","Del Prado Rodriguez, Xulio",1/2-1/2,2279,D02,ESP,2021.09.01,9,swiss,90,Mark Crowther,2021.09.06,2,The Week in Chess 1400,1,2021.09.06,2599,,,,,
99,Guimaraes Open 2021,Guimaraes POR,2021.08.24,1.4,"Sanroman Costas, Mauro","Gukesh, D.",0-1,2578,B10,POR,2021.08.24,9,swiss,84,Mark Crowther,2021.09.06,2,The Week in Chess 1400,1,2021.09.06,1831,,,,,
100,Guimaraes Open 2021,Guimaraes POR,2021.08.25,2.3,"Gukesh, D.","Gimenez Menchon, C.",1-0,2246,D02,POR,2021.08.24,9,swiss,65,Mark Crowther,2021.09.06,2,The Week in Chess 1400,1,2021.09.06,2578,,,,,
101,Guimaraes Open 2021,Guimaraes POR,2021.08.25,3.2,"Vassallo Barroche, M.","Gukesh, D.",0-1,2578,A13,POR,2021.08.24,9,swiss,86,Mark Crowther,2021.09.06,2,The Week in Chess 1400,1,2021.09.06,2357,,,,,
102,Guimaraes Open 2021,Guimaraes POR,2021.08.26,4.2,"Gukesh, D.","Maenhout, T.",1-0,2394,A48,POR,2021.08.24,9,swiss,89,Mark Crowther,2021.09.06,2,The Week in Chess 1400,1,2021.09.06,2578,,,,,
103,Guimaraes Open 2021,Guimaraes POR,2021.08.26,5.2,"Mirzoev, E.","Gukesh, D.",0-1,2578,E40,POR,2021.08.24,9,swiss,90,Mark Crowther,2021.09.06,2,The Week in Chess 1400,1,2021.09.06,2437,,,,,
104,Guimaraes Open 2021,Guimaraes POR,2021.08.27,6.1,"Gukesh, D.","Warmerdam, Max",1/2-1/2,2562,D38,POR,2021.08.24,9,swiss,50,Mark Crowther,2021.09.06,2,The Week in Chess 1400,1,2021.09.06,2578,,,,,
105,Guimaraes Open 2021,Guimaraes POR,2021.08.28,7.2,"Erigaisi, Arjun","Gukesh, D.",1-0,2578,E06,POR,2021.08.24,9,swiss,93,Mark Crowther,2021.09.06,2,The Week in Chess 1400,1,2021.09.06,2597,,,,,
106,Guimaraes Open 2021,Guimaraes POR,2021.08.28,8.5,"Gukesh, D.","Goumas, G.",1/2-1/2,2422,A46,POR,2021.08.24,9,swiss,56,Mark Crowther,2021.09.06,2,The Week in Chess 1400,1,2021.09.06,2578,,,,,
107,Guimaraes Open 2021,Guimaraes POR,2021.08.29,9.7,"Yankelevich, L.","Gukesh, D.",1/2-1/2,2578,D31,POR,2021.08.24,9,swiss,64,Mark Crowther,2021.09.06,2,The Week in Chess 1400,1,2021.09.06,2412,,,,,
108,IV Concello de Carballo,Carballo ESP,2021.09.06,7.1,"Gukesh, D.","Larino Nieto, D.",1-0,2447,B07,ESP,2021.09.01,9,swiss,107,Mark Crowther,2021.09.13,2,The Week in Chess 1401,1,2021.09.13,2599,,,,,
109,IV Concello de Carballo,Carballo ESP,2021.09.07,8.1,"Arauz Alonso, F.","Gukesh, D.",0-1,2599,D31,ESP,2021.09.01,9,swiss,108,Mark Crowther,2021.09.13,2,The Week in Chess 1401,1,2021.09.13,2132,,,,,
110,IV Concello de Carballo,Carballo ESP,2021.09.08,9.1,"Gukesh, D.","Rey Malde, H.",1-0,2263,E62,ESP,2021.09.01,9,swiss,43,Mark Crowther,2021.09.13,2,The Week in Chess 1401,1,2021.09.13,2599,,,,,
111,Norway Chess Open Masters,Stavanger NOR,2021.09.10,1.2,"Unneland, Mathias","Gukesh, D.",0-1,2599,B10,NOR,2021.09.10,10,swiss,64,Mark Crowther,2021.09.20,2,The Week in Chess 1402,1,2021.09.20,2206,,,,,
112,Norway Chess Open Masters,Stavanger NOR,2021.09.11,2.2,"Gukesh, D.","Carlsson, Ludvig",1-0,2369,D40,NOR,2021.09.10,10,swiss,93,Mark Crowther,2021.09.20,2,The Week in Chess 1402,1,2021.09.20,2599,,,,,
113,Norway Chess Open Masters,Stavanger NOR,2021.09.12,3.2,"Dragnev, Valentin","Gukesh, D.",1/2-1/2,2599,B10,NOR,2021.09.10,10,swiss,78,Mark Crowther,2021.09.20,2,The Week in Chess 1402,1,2021.09.20,2551,,,,,
114,Norway Chess Open Masters,Stavanger NOR,2021.09.12,4.1,"Gukesh, D.","Kollars, Dmitrij",1-0,2621,A06,NOR,2021.09.10,10,swiss,127,Mark Crowther,2021.09.20,2,The Week in Chess 1402,1,2021.09.20,2599,,,,,
115,Norway Chess Open Masters,Stavanger NOR,2021.09.13,5.1,"Kunin, V.","Gukesh, D.",0-1,2599,D38,NOR,2021.09.10,10,swiss,70,Mark Crowther,2021.09.20,2,The Week in Chess 1402,1,2021.09.20,2562,,,,,
116,Norway Chess Open Masters,Stavanger NOR,2021.09.14,6.1,"Gukesh, D.","Stremavicius, T.",1-0,2478,A88,NOR,2021.09.10,10,swiss,89,Mark Crowther,2021.09.20,2,The Week in Chess 1402,1,2021.09.20,2599,,,,,
117,Norway Chess Open Masters,Stavanger NOR,2021.09.15,7.1,"Iniyan, P.","Gukesh, D.",1/2-1/2,2599,C79,NOR,2021.09.10,10,swiss,96,Mark Crowther,2021.09.20,2,The Week in Chess 1402,1,2021.09.20,2522,,,,,
118,Norway Chess Open Masters,Stavanger NOR,2021.09.15,8.1,"Gukesh, D.","Kaasen, Tor Fredrik",1-0,2405,D38,NOR,2021.09.10,10,swiss,71,Mark Crowther,2021.09.20,2,The Week in Chess 1402,1,2021.09.20,2599,,,,,
119,Norway Chess Open Masters,Stavanger NOR,2021.09.16,9.1,"Paasikangas, J.","Gukesh, D.",0-1,2599,E91,NOR,2021.09.10,10,swiss,160,Mark Crowther,2021.09.20,2,The Week in Chess 1402,1,2021.09.20,2163,,,,,
120,Norway Chess Open Masters,Stavanger NOR,2021.09.17,10.1,"Gukesh, D.","Romanov, E.",1/2-1/2,2594,E12,NOR,2021.09.10,10,swiss,43,Mark Crowther,2021.09.20,2,The Week in Chess 1402,1,2021.09.20,2599,,,,,
121,36th ECC Open 2021,Struga MKD,2021.09.18,1.17,"Gukesh, D.","Schreiner, Pe",1-0,2440,D86,MKD,2021.09.18,7,team,70,Mark Crowther,2021.09.20,2,The Week in Chess 1402,1,2021.09.20,2599,SV Raika Rapid Feffernitz,Prilep,,,
122,36th ECC Open 2021,Struga MKD,2021.09.19,2.8,"Christiansen, Johan-Sebastian","Gukesh, D.",0-1,2599,B31,MKD,2021.09.18,7,team,74,Mark Crowther,2021.09.20,2,The Week in Chess 1402,1,2021.09.20,2609,Prilep,Offerspill Chess Club,,,
123,36th ECC Open 2021,Struga MKD,2021.09.20,3.2,"Gukesh, D.","Svidler, P.",1/2-1/2,2701,D86,MKD,2021.09.18,7,team,82,Mark Crowther,2021.09.27,2,The Week in Chess 1403,2,2021.09.29,2599,Mednyi Vsadnik,Prilep,,,
124,36th ECC Open 2021,Struga MKD,2021.09.21,4.9,"Cornette, M.","Gukesh, D.",1/2-1/2,2599,B15,MKD,2021.09.18,7,team,61,Mark Crowther,2021.09.27,2,The Week in Chess 1403,2,2021.09.29,2578,Prilep,ASNIERES Le Grand Echiquier,,,
125,36th ECC Open 2021,Struga MKD,2021.09.22,5.6,"Gukesh, D.","Indjic, A.",1-0,2629,A67,MKD,2021.09.18,7,team,107,Mark Crowther,2021.09.27,2,The Week in Chess 1403,2,2021.09.29,2599,Sloven Ruma,Prilep,,,
126,36th ECC Open 2021,Struga MKD,2021.09.23,6.9,"Nevednichy, V.","Gukesh, D.",0-1,2599,B31,MKD,2021.09.18,7,team,72,Mark Crowther,2021.09.27,2,The Week in Chess 1403,2,2021.09.29,2498,Prilep,Gambit Asseko SEE,,,
127,36th ECC Open 2021,Struga MKD,2021.09.24,7.6,"Gukesh, D.","Donchenko, Alexa",1/2-1/2,2641,D38,MKD,2021.09.18,7,team,69,Mark Crowther,2021.09.27,2,The Week in Chess 1403,2,2021.09.29,2599,Skakfelag Selfoss,Prilep,,,
128,Junior U21 Round Table Op,Plovdiv BUL,2021.09.26,1.5,"Gukesh, D.","Mitev, Valentin",1/2-1/2,2223,D78,BUL,2021.09.26,9,swiss,121,Mark Crowther,2021.09.27,2,The Week in Chess 1403,2,2021.09.29,2599,,,,,
129,ChessMood Open 2021,Tsaghkadzor ARM,2021.10.04,1.2,"Gukesh, D.","Hakemi, Arman",1-0,2323,E11,ARM,2021.10.04,9,swiss,67,Mark Crowther,2021.10.04,2,The Week in Chess 1404,1,2021.10.04,2640,,,,,
130,Junior U21 Round Table Op,Plovdiv BUL,2021.09.28,3.8,"Gukesh, D.","Van Foreest, Lucas",1-0,2535,E06,BUL,2021.09.26,9,swiss,141,Mark Crowther,2021.10.04,2,The Week in Chess 1404,1,2021.10.04,2599,,,,,
131,Junior U21 Round Table Op,Plovdiv BUL,2021.09.28,4.5,"Alexakis, Dimitris","Gukesh, D.",0-1,2599,B33,BUL,2021.09.26,9,swiss,94,Mark Crowther,2021.10.04,2,The Week in Chess 1404,1,2021.10.04,2460,,,,,
132,Junior U21 Round Table Op,Plovdiv BUL,2021.09.29,5.2,"Gukesh, D.","Bharath, Subramaniyam H",1/2-1/2,2435,D30,BUL,2021.09.26,9,swiss,81,Mark Crowther,2021.10.04,2,The Week in Chess 1404,1,2021.10.04,2599,,,,,
133,Junior U21 Round Table Op,Plovdiv BUL,2021.09.30,6.2,"Erigaisi, Arjun","Gukesh, D.",1-0,2599,E46,BUL,2021.09.26,9,swiss,125,Mark Crowther,2021.10.04,2,The Week in Chess 1404,1,2021.10.04,2626,,,,,
134,Junior U21 Round Table Op,Plovdiv BUL,2021.10.01,7.5,"Gukesh, D.","Giannoulakis, Lampros",1-0,2319,E98,BUL,2021.09.26,9,swiss,77,Mark Crowther,2021.10.04,2,The Week in Chess 1404,1,2021.10.04,2599,,,,,
135,Junior U21 Round Table Op,Plovdiv BUL,2021.10.02,8.3,"Asadli, Vugar","Gukesh, D.",1/2-1/2,2599,C77,BUL,2021.09.26,9,swiss,57,Mark Crowther,2021.10.04,2,The Week in Chess 1404,1,2021.10.04,2578,,,,,
136,Junior U21 Round Table Op,Plovdiv BUL,2021.10.03,9.5,"Gukesh, D.","Iniyan, P.",1-0,2522,E94,BUL,2021.09.26,9,swiss,83,Mark Crowther,2021.10.04,2,The Week in Chess 1404,1,2021.10.04,2599,,,,,
137,ChessMood Open 2021,Tsaghkadzor ARM,2021.10.05,2.2,"Bharath, Subramaniyam H","Gukesh, D.",1/2-1/2,2640,C77,ARM,2021.10.04,9,swiss,161,Mark Crowther,2021.10.11,2,The Week in Chess 1405,1,2021.10.11,2435,,,,,
138,ChessMood Open 2021,Tsaghkadzor ARM,2021.10.06,3.9,"Gukesh, D.","Barseghyan, Armen Ar.",1-0,2356,E10,ARM,2021.10.04,9,swiss,141,Mark Crowther,2021.10.11,2,The Week in Chess 1405,1,2021.10.11,2640,,,,,
139,ChessMood Open 2021,Tsaghkadzor ARM,2021.10.07,4.3,"Goganov, A.","Gukesh, D.",1-0,2640,C79,ARM,2021.10.04,9,swiss,97,Mark Crowther,2021.10.11,2,The Week in Chess 1405,1,2021.10.11,2557,,,,,
140,ChessMood Open 2021,Tsaghkadzor ARM,2021.10.09,6.11,"Gukesh, D.","Mitrabha, G.",1-0,2479,E71,ARM,2021.10.04,9,swiss,95,Mark Crowther,2021.10.11,2,The Week in Chess 1405,1,2021.10.11,2640,,,,,
141,ChessMood Open 2021,Tsaghkadzor ARM,2021.10.10,7.6,"Davtyan, Artur","Gukesh, D.",1/2-1/2,2640,E06,ARM,2021.10.04,9,swiss,78,Mark Crowther,2021.10.11,2,The Week in Chess 1405,1,2021.10.11,2453,,,,,
142,3rd Yerevan Open A 2021,Yerevan ARM,2021.10.14,1.2,"Gukesh, D.","Prraneeth, Vuppala",1-0,2253,A07,ARM,2021.10.14,9,swiss,83,Mark Crowther,2021.10.18,2,The Week in Chess 1406,2,2021.10.19,2640,,,,,
143,3rd Yerevan Open A 2021,Yerevan ARM,2021.10.15,2.1,"Vaishali, R.","Gukesh, D.",0-1,2640,B51,ARM,2021.10.14,9,swiss,86,Mark Crowther,2021.10.18,2,The Week in Chess 1406,2,2021.10.19,2419,,,,,
144,3rd Yerevan Open A 2021,Yerevan ARM,2021.10.16,3.1,"Gukesh, D.","Golubka, P.",1-0,2438,D38,ARM,2021.10.14,9,swiss,115,Mark Crowther,2021.10.18,2,The Week in Chess 1406,2,2021.10.19,2640,,,,,
145,3rd Yerevan Open A 2021,Yerevan ARM,2021.10.17,4.1,"Mikaelyan, A.","Gukesh, D.",1-0,2640,D37,ARM,2021.10.14,9,swiss,97,Mark Crowther,2021.10.18,2,The Week in Chess 1406,2,2021.10.19,2487,,,,,
146,3rd Yerevan Open A 2021,Yerevan ARM,2021.10.18,5.6,"Gukesh, D.","Petriashvili, Nikoloz",1-0,2432,D87,ARM,2021.10.14,9,swiss,73,Mark Crowther,2021.10.18,2,The Week in Chess 1406,2,2021.10.19,2640,,,,,
147,ChessMood Open 2021,Tsaghkadzor ARM,2021.10.11,8.8,"Gukesh, D.","Petriashvili, Nikoloz",1/2-1/2,2432,D85,ARM,2021.10.04,9,swiss,85,Mark Crowther,2021.10.18,2,The Week in Chess 1406,2,2021.10.19,2640,,,,,
148,ChessMood Open 2021,Tsaghkadzor ARM,2021.10.12,9.8,"Vaishali, R.","Gukesh, D.",1/2-1/2,2640,B12,ARM,2021.10.04,9,swiss,86,Mark Crowther,2021.10.18,2,The Week in Chess 1406,2,2021.10.19,2419,,,,,
149,FIDE Grand Swiss 2021,Riga LAT,2021.10.27,1.53,"Gukesh, D.","Rakotomaharo, Fy Antenaina",1-0,2484,D37,LAT,2021.10.27,11,swiss,121,Mark Crowther,2021.11.01,2,The Week in Chess 1408,1,2021.11.01,2640,,,,,
150,FIDE Grand Swiss 2021,Riga LAT,2021.10.28,2.4,"Maghsoodloo, Parham","Gukesh, D.",1/2-1/2,2640,E06,LAT,2021.10.27,11,swiss,95,Mark Crowther,2021.11.01,2,The Week in Chess 1408,1,2021.11.01,2701,,,,,
151,FIDE Grand Swiss 2021,Riga LAT,2021.10.29,3.8,"Gukesh, D.","Artemiev, V.",1/2-1/2,2699,D27,LAT,2021.10.27,11,swiss,60,Mark Crowther,2021.11.01,2,The Week in Chess 1408,1,2021.11.01,2640,,,,,
152,FIDE Grand Swiss 2021,Riga LAT,2021.10.30,4.8,"Fedoseev, Vl3","Gukesh, D.",1/2-1/2,2640,C79,LAT,2021.10.27,11,swiss,71,Mark Crowther,2021.11.01,2,The Week in Chess 1408,1,2021.11.01,2704,,,,,
153,FIDE Grand Swiss 2021,Riga LAT,2021.10.31,5.16,"Navara, D.","Gukesh, D.",1-0,2640,B30,LAT,2021.10.27,11,swiss,81,Mark Crowther,2021.11.01,2,The Week in Chess 1408,1,2021.11.01,2691,,,,,
154,FIDE Grand Swiss 2021,Riga LAT,2021.11.01,6.29,"Gukesh, D.","Sadhwani, Raunak",0-1,2609,D38,LAT,2021.10.27,11,swiss,118,Mark Crowther,2021.11.01,2,The Week in Chess 1408,1,2021.11.01,2640,,,,,
155,FIDE Grand Swiss 2021,Riga LAT,2021.11.03,7.38,"Antipov, M2.","Gukesh, D.",1/2-1/2,2640,B30,LAT,2021.10.27,11,swiss,129,Mark Crowther,2021.11.08,2,The Week in Chess 1409,2,2021.11.10,2619,,,,,
156,FIDE Grand Swiss 2021,Riga LAT,2021.11.04,8.37,"Gukesh, D.","Yakubboev, Nodirbek",0-1,2621,E94,LAT,2021.10.27,11,swiss,74,Mark Crowther,2021.11.08,2,The Week in Chess 1409,2,2021.11.10,2640,,,,,
157,FIDE Grand Swiss 2021,Riga LAT,2021.11.05,9.47,"Gukesh, D.","Gretarsson, Hj",1/2-1/2,2577,D52,LAT,2021.10.27,11,swiss,191,Mark Crowther,2021.11.08,2,The Week in Chess 1409,2,2021.11.10,2640,,,,,
158,FIDE Grand Swiss 2021,Riga LAT,2021.11.06,10.44,"Georgiev, Ki","Gukesh, D.",0-1,2640,E51,LAT,2021.10.27,11,swiss,72,Mark Crowther,2021.11.08,2,The Week in Chess 1409,2,2021.11.10,2577,,,,,
159,FIDE Grand Swiss 2021,Riga LAT,2021.11.07,11.37,"Gukesh, D.","Praggnanandhaa, R.",1/2-1/2,2618,D41,LAT,2021.10.27,11,swiss,68,Mark Crowther,2021.11.08,2,The Week in Chess 1409,2,2021.11.10,2640,,,,,
160,58th ch-IND 2022,Kanpur IND,2022.02.25,1.7,"Gukesh, D.","Imtiaz, I.",1-0,2004,E71,IND,2022.02.25,11,swiss,37,Mark Crowther,2022.02.28,2,The Week in Chess 1425,1,2022.02.28,2614,,,,,
161,58th ch-IND 2022,Kanpur IND,2022.02.25,2.7,"Ayushh, Ravikumar","Gukesh, D.",0-1,2614,,IND,2022.02.25,11,swiss,94,Mark Crowther,2022.02.28,2,The Week in Chess 1425,1,2022.02.28,2269,,,,,
162,58th ch-IND 2022,Kanpur IND,2022.02.26,3.6,"Gukesh, D.","Sammed Jaykumar, Shete",1-0,2408,E28,IND,2022.02.25,11,swiss,91,Mark Crowther,2022.02.28,2,The Week in Chess 1425,1,2022.02.28,2614,,,,,
163,58th ch-IND 2022,Kanpur IND,2022.02.26,4.3,"Utsab, Chatterjee","Gukesh, D.",0-1,2614,C07,IND,2022.02.25,11,swiss,80,Mark Crowther,2022.02.28,2,The Week in Chess 1425,1,2022.02.28,2321,,,,,
164,58th ch-IND 2022,Kanpur IND,2022.02.27,5.1,"Gukesh, D.","Erigaisi, Arjun",1/2-1/2,2633,D44,IND,2022.02.25,11,swiss,92,Mark Crowther,2022.02.28,2,The Week in Chess 1425,1,2022.02.28,2614,,,,,
165,58th ch-IND 2022,Kanpur IND,2022.02.28,6.2,"Koustav, Chatterjee","Gukesh, D.",0-1,2614,B31,IND,2022.02.25,11,swiss,122,Mark Crowther,2022.02.28,2,The Week in Chess 1425,1,2022.02.28,2466,,,,,
166,58th ch-IND 2022,Kanpur IND,2022.02.28,7.2,"Gukesh, D.","Aravindh, Chithambaram VR.",1/2-1/2,2611,E11,IND,2022.02.25,11,swiss,138,Mark Crowther,2022.02.28,2,The Week in Chess 1425,1,2022.02.28,2614,,,,,
167,58th ch-IND 2022,Kanpur IND,2022.03.01,8.2,"Lalith, B.","Gukesh, D.",1/2-1/2,2614,D38,IND,2022.02.25,11,swiss,60,Mark Crowther,2022.03.07,2,The Week in Chess 1426,2,2022.03.08,2563,,,,,
168,58th ch-IND 2022,Kanpur IND,2022.03.01,9.2,"Gukesh, D.","Iniyan, P.",1/2-1/2,2516,E12,IND,2022.02.25,11,swiss,129,Mark Crowther,2022.03.07,2,The Week in Chess 1426,2,2022.03.08,2614,,,,,
169,58th ch-IND 2022,Kanpur IND,2022.03.02,10.3,"Gupta, Ab","Gukesh, D.",0-1,2614,E24,IND,2022.02.25,11,swiss,128,Mark Crowther,2022.03.07,2,The Week in Chess 1426,2,2022.03.08,2628,,,,,
170,58th ch-IND 2022,Kanpur IND,2022.03.03,11.2,"Gukesh, D.","Aryan, C.",1/2-1/2,2585,E12,IND,2022.02.25,11,swiss,60,Mark Crowther,2022.03.07,2,The Week in Chess 1426,2,2022.03.08,2614,,,,,
171,TCh-BAN Premier 2022,Dhaka BAN,2022.03.10,1.5,"Gukesh, D.",Jabed Al Azad,1-0,2064,D27,BAN,2022.03.10,11,team,73,Mark Crowther,2022.03.14,2,The Week in Chess 1427,1,2022.03.14,2614,Manha's Castle,Bangladesh Police,,,
172,TCh-BAN Premier 2022,Dhaka BAN,2022.03.11,2.3,"Harshad, S.","Gukesh, D.",0-1,2614,C00,BAN,2022.03.10,11,team,80,Mark Crowther,2022.03.14,2,The Week in Chess 1427,1,2022.03.14,2328,Bangladesh Police,Janata Bank Officer Welfare Society,,,
173,TCh-BAN Premier 2022,Dhaka BAN,2022.03.12,3.4,"Gukesh, D.","Parveen, T.",1-0,1971,A20,BAN,2022.03.10,11,team,73,Mark Crowther,2022.03.14,2,The Week in Chess 1427,1,2022.03.14,2614,Leonine Chess Club,Bangladesh Police,,,
174,TCh-BAN Premier 2022,Dhaka BAN,2022.03.13,4.4,"Md., Shar","Gukesh, D.",0-1,2614,B15,BAN,2022.03.10,11,team,66,Mark Crowther,2022.03.14,2,The Week in Chess 1427,1,2022.03.14,2205,Bangladesh Police,Bangladesh Navy,,,
175,TCh-BAN Premier 2022,Dhaka BAN,2022.03.14,5.3,"Gukesh, D.","Narayanan, Sri",1/2-1/2,2553,D38,BAN,2022.03.10,11,team,73,Mark Crowther,2022.03.21,2,The Week in Chess 1428,2,2022.03.22,2614,Rupali Bank Krira Parisad,Bangladesh Police,,,
176,TCh-BAN Premier 2022,Dhaka BAN,2022.03.15,6.5,"Bharath, Subramaniyam H","Gukesh, D.",1/2-1/2,2614,C11,BAN,2022.03.10,11,team,79,Mark Crowther,2022.03.21,2,The Week in Chess 1428,2,2022.03.22,2508,Bangladesh Police,Uttara Central Chess Club,,,
177,TCh-BAN Premier 2022,Dhaka BAN,2022.03.16,7.2,"Gukesh, D.","Gosh, C.",1-0,2042,E95,BAN,2022.03.10,11,team,63,Mark Crowther,2022.03.21,2,The Week in Chess 1428,2,2022.03.22,2614,Titas Club,Bangladesh Police,,,
178,TCh-BAN Premier 2022,Dhaka BAN,2022.03.17,8.6,"Aditya, Mittal","Gukesh, D.",0-1,2614,E04,BAN,2022.03.10,11,team,102,Mark Crowther,2022.03.21,2,The Week in Chess 1428,2,2022.03.22,2487,Bangladesh Police,Shahin Chess Club,,,
179,TCh-BAN Premier 2022,Dhaka BAN,2022.03.18,9.1,"Gukesh, D.","Hossain, Enam",1-0,2410,D41,BAN,2022.03.10,11,team,55,Mark Crowther,2022.03.21,2,The Week in Chess 1428,2,2022.03.22,2614,SAIF Sporting Club,Bangladesh Police,,,
180,TCh-BAN Premier 2022,Dhaka BAN,2022.03.19,10.6,"Gukesh, D.","Ahmed, Sh",1-0,2106,A92,BAN,2022.03.10,11,team,87,Mark Crowther,2022.03.21,2,The Week in Chess 1428,2,2022.03.22,2614,Sheikh Russel Chess Club,Bangladesh Police,,,
181,TCh-BAN Premier 2022,Dhaka BAN,2022.03.20,11.2,"Puranik, A.","Gukesh, D.",1-0,2614,C02,BAN,2022.03.10,11,team,103,Mark Crowther,2022.03.21,2,The Week in Chess 1428,2,2022.03.22,2618,Bangladesh Police,Bangladesh Biman,,,
182,19th Delhi Open 2022,New Delhi IND,2022.03.22,1.6,"Gukesh, D.","Sudarshan, Bhat",1-0,2100,E26,IND,2022.03.22,10,swiss,53,Mark Crowther,2022.03.28,2,The Week in Chess 1429,1,2022.03.28,2614,,,,,
183,19th Delhi Open 2022,New Delhi IND,2022.03.23,2.6,"Liyanage, Ranindu Dilshan","Gukesh, D.",1-0,2614,C15,IND,2022.03.22,10,swiss,127,Mark Crowther,2022.03.28,2,The Week in Chess 1429,1,2022.03.28,2340,,,,,
184,19th Delhi Open 2022,New Delhi IND,2022.03.25,5.13,"Gukesh, D.","Singh, Ojasva",1-0,2141,D11,IND,2022.03.22,10,swiss,49,Mark Crowther,2022.03.28,2,The Week in Chess 1429,1,2022.03.28,2614,,,,,
185,19th Delhi Open 2022,New Delhi IND,2022.03.25,6.7,"Shahil, Dey","Gukesh, D.",0-1,2614,B15,IND,2022.03.22,10,swiss,52,Mark Crowther,2022.03.28,2,The Week in Chess 1429,1,2022.03.28,2400,,,,,
186,19th Delhi Open 2022,New Delhi IND,2022.03.26,7.6,"Gukesh, D.","Tahbaz, Arash",1-0,2469,D37,IND,2022.03.22,10,swiss,87,Mark Crowther,2022.03.28,2,The Week in Chess 1429,1,2022.03.28,2614,,,,,
187,19th Delhi Open 2022,New Delhi IND,2022.03.27,8.3,"Karthik, V4.","Gukesh, D.",0-1,2614,E10,IND,2022.03.22,10,swiss,58,Mark Crowther,2022.03.28,2,The Week in Chess 1429,1,2022.03.28,2485,,,,,
188,19th Delhi Open 2022,New Delhi IND,2022.03.28,9.1,"Gukesh, D.","Erigaisi, Arjun",1/2-1/2,2660,B90,IND,2022.03.22,10,swiss,88,Mark Crowther,2022.03.28,2,The Week in Chess 1429,1,2022.03.28,2614,,,,,
189,19th Delhi Open 2022,New Delhi IND,2022.03.29,10.1,"Gupta, Ab","Gukesh, D.",0-1,2614,E24,IND,2022.03.22,10,swiss,116,Mark Crowther,2022.04.04,2,The Week in Chess 1430,1,2022.04.04,2628,,,,,
190,Kvika Reykjavik Open 2022,Reykjavik ISL,2022.04.06,1.2,"Mahitosh, Dey","Gukesh, D.",0-1,2637,D02,ISL,2022.04.06,9,swiss,120,Mark Crowther,2022.04.11,2,The Week in Chess 1431,1,2022.04.11,2233,,,,,
191,Kvika Reykjavik Open 2022,Reykjavik ISL,2022.04.07,2.2,"Gukesh, D.","Fantinel, T.",1-0,2378,E94,ISL,2022.04.06,9,swiss,71,Mark Crowther,2022.04.11,2,The Week in Chess 1431,1,2022.04.11,2637,,,,,
192,Kvika Reykjavik Open 2022,Reykjavik ISL,2022.04.07,3.1,"Cornette, M.","Gukesh, D.",1/2-1/2,2637,B31,ISL,2022.04.06,9,swiss,68,Mark Crowther,2022.04.11,2,The Week in Chess 1431,1,2022.04.11,2569,,,,,
193,Kvika Reykjavik Open 2022,Reykjavik ISL,2022.04.08,4.3,"Gukesh, D.","Maze, S.",1-0,2524,D38,ISL,2022.04.06,9,swiss,91,Mark Crowther,2022.04.11,2,The Week in Chess 1431,1,2022.04.11,2637,,,,,
194,Kvika Reykjavik Open 2022,Reykjavik ISL,2022.04.09,5.2,"Fier, A.","Gukesh, D.",1/2-1/2,2637,B31,ISL,2022.04.06,9,swiss,44,Mark Crowther,2022.04.11,2,The Week in Chess 1431,1,2022.04.11,2573,,,,,
195,Kvika Reykjavik Open 2022,Reykjavik ISL,2022.04.10,6.2,"Gukesh, D.","Steingrimsson, H.",1/2-1/2,2538,D40,ISL,2022.04.06,9,swiss,66,Mark Crowther,2022.04.11,2,The Week in Chess 1431,1,2022.04.11,2637,,,,,
196,Kvika Reykjavik Open 2022,Reykjavik ISL,2022.04.10,7.4,"Laurent-Paoli, Pierre","Gukesh, D.",1/2-1/2,2637,D38,ISL,2022.04.06,9,swiss,111,Mark Crowther,2022.04.11,2,The Week in Chess 1431,1,2022.04.11,2487,,,,,
197,Kvika Reykjavik Open 2022,Reykjavik ISL,2022.04.11,8.4,"Gukesh, D.","Hjartarson, J.",1-0,2465,E15,ISL,2022.04.06,9,swiss,91,Mark Crowther,2022.04.11,2,The Week in Chess 1431,1,2022.04.11,2637,,,,,
198,Kvika Reykjavik Open 2022,Reykjavik ISL,2022.04.12,9.2,"Gukesh, D.","Praggnanandhaa, R.",0-1,2624,E48,ISL,2022.04.06,9,swiss,75,Mark Crowther,2022.04.18,2,The Week in Chess 1432,1,2022.04.18,2637,,,,,
199,48th La Roda Open 2022,La Roda ESP,2022.04.13,1.2,"Gukesh, D.",Bhagat Kush,1-0,1848,E71,ESP,2022.04.13,9,swiss,53,Mark Crowther,2022.04.18,2,The Week in Chess 1432,1,2022.04.18,2637,,,,,
200,48th La Roda Open 2022,La Roda ESP,2022.04.14,2.2,"Hernandez Ramos, Alberto","Gukesh, D.",0-1,2637,B11,ESP,2022.04.13,9,swiss,80,Mark Crowther,2022.04.18,2,The Week in Chess 1432,1,2022.04.18,2086,,,,,
201,48th La Roda Open 2022,La Roda ESP,2022.04.14,3.2,"Gukesh, D.","Romero Pallares, Daniel",1-0,2283,B62,ESP,2022.04.13,9,swiss,67,Mark Crowther,2022.04.18,2,The Week in Chess 1432,1,2022.04.18,2637,,,,,
202,48th La Roda Open 2022,La Roda ESP,2022.04.15,4.1,"Bernabeu Lopez, C.","Gukesh, D.",0-1,2637,D38,ESP,2022.04.13,9,swiss,40,Mark Crowther,2022.04.18,2,The Week in Chess 1432,1,2022.04.18,2419,,,,,
203,48th La Roda Open 2022,La Roda ESP,2022.04.15,5.1,"Gukesh, D.","Martirosyan, Haik M.",1/2-1/2,2633,D37,ESP,2022.04.13,9,swiss,53,Mark Crowther,2022.04.18,2,The Week in Chess 1432,1,2022.04.18,2637,,,,,
204,48th La Roda Open 2022,La Roda ESP,2022.04.16,6.1,"Praggnanandhaa, R.","Gukesh, D.",1/2-1/2,2637,B11,ESP,2022.04.13,9,swiss,81,Mark Crowther,2022.04.18,2,The Week in Chess 1432,1,2022.04.18,2624,,,,,
205,48th La Roda Open 2022,La Roda ESP,2022.04.16,7.2,"Gukesh, D.","Renteria, J.",1-0,2264,E26,ESP,2022.04.13,9,swiss,55,Mark Crowther,2022.04.18,2,The Week in Chess 1432,1,2022.04.18,2637,,,,,
206,48th La Roda Open 2022,La Roda ESP,2022.04.17,8.2,"Gavarrete, Nahun","Gukesh, D.",0-1,2637,B31,ESP,2022.04.13,9,swiss,38,Mark Crowther,2022.04.18,2,The Week in Chess 1432,1,2022.04.18,2349,,,,,
207,48th La Roda Open 2022,La Roda ESP,2022.04.17,9.1,"Gukesh, D.","Mikhalevski, V.",1-0,2554,A16,ESP,2022.04.13,9,swiss,51,Mark Crowther,2022.04.18,2,The Week in Chess 1432,1,2022.04.18,2637,,,,,
208,3rd Yerevan Open A 2021,Yerevan ARM,2021.10.19,6.3,"Davtyan, Artur","Gukesh, D.",0-1,2640,D38,ARM,2021.10.14,9,swiss,98,Mark Crowther,2021.10.25,2,The Week in Chess 1407,1,2021.10.25,2453,,,,,
209,3rd Yerevan Open A 2021,Yerevan ARM,2021.10.20,7.2,"Gukesh, D.","Puranik, A.",0-1,2568,D85,ARM,2021.10.14,9,swiss,98,Mark Crowther,2021.10.25,2,The Week in Chess 1407,1,2021.10.25,2640,,,,,
210,3rd Yerevan Open A 2021,Yerevan ARM,2021.10.21,8.4,"Karthik, V4.","Gukesh, D.",1/2-1/2,2640,E06,ARM,2021.10.14,9,swiss,52,Mark Crowther,2021.10.25,2,The Week in Chess 1407,1,2021.10.25,2483,,,,,
211,3rd Yerevan Open A 2021,Yerevan ARM,2021.10.22,9.4,"Gharibyan, Mamikon","Gukesh, D.",1/2-1/2,2640,E04,ARM,2021.10.14,9,swiss,60,Mark Crowther,2021.10.25,2,The Week in Chess 1407,1,2021.10.25,2471,,,,,
212,I Menorca Open 2022,Ciutadella de Menorca ESP,2022.04.20,1.5,"Gukesh, D.","Rodriguez Redondo, Adhara",1-0,2086,D31,ESP,2022.04.20,7,swiss,47,Mark Crowther,2022.04.25,2,The Week in Chess 1433,1,2022.04.25,2637,,,,,
213,I Menorca Open 2022,Ciutadella de Menorca ESP,2022.04.21,2.5,"Dubkov, A.","Gukesh, D.",0-1,2637,D38,ESP,2022.04.20,7,swiss,62,Mark Crowther,2022.04.25,2,The Week in Chess 1433,1,2022.04.25,2332,,,,,
214,I Menorca Open 2022,Ciutadella de Menorca ESP,2022.04.21,3.5,"Gukesh, D.","Batsiashvili, N.",1-0,2463,D38,ESP,2022.04.20,7,swiss,89,Mark Crowther,2022.04.25,2,The Week in Chess 1433,1,2022.04.25,2637,,,,,
215,I Menorca Open 2022,Ciutadella de Menorca ESP,2022.04.22,4.3,"Heimann, An","Gukesh, D.",0-1,2637,E10,ESP,2022.04.20,7,swiss,142,Mark Crowther,2022.04.25,2,The Week in Chess 1433,1,2022.04.25,2583,,,,,
216,I Menorca Open 2022,Ciutadella de Menorca ESP,2022.04.23,5.1,"Gukesh, D.","Aryan, C.",1/2-1/2,2592,E15,ESP,2022.04.20,7,swiss,85,Mark Crowther,2022.04.25,2,The Week in Chess 1433,1,2022.04.25,2637,,,,,
217,I Menorca Open 2022,Ciutadella de Menorca ESP,2022.04.23,6.1,"Sargsyan, Shant","Gukesh, D.",1/2-1/2,2637,D38,ESP,2022.04.20,7,swiss,22,Mark Crowther,2022.04.25,2,The Week in Chess 1433,1,2022.04.25,2639,,,,,
218,I Menorca Open 2022,Ciutadella de Menorca ESP,2022.04.24,7.2,"Gukesh, D.","Adhiban, Baskaran",1-0,2633,E94,ESP,2022.04.20,7,swiss,105,Mark Crowther,2022.04.25,2,The Week in Chess 1433,1,2022.04.25,2637,,,,,
219,I Sunway Formentera Open,Sant Ferran de ses Roques ESP,2022.04.29,1.4,"Dukic, Zachary","Gukesh, D.",0-1,2637,B12,ESP,2022.04.29,10,swiss,70,Mark Crowther,2022.05.02,2,The Week in Chess 1434,2,2022.05.03,2226,,,,,
220,I Sunway Formentera Open,Sant Ferran de ses Roques ESP,2022.04.30,2.4,"Gukesh, D.","Alinasab, Mobina",1-0,2355,B40,ESP,2022.04.29,10,swiss,79,Mark Crowther,2022.05.02,2,The Week in Chess 1434,2,2022.05.03,2637,,,,,
221,I Sunway Formentera Open,Sant Ferran de ses Roques ESP,2022.05.01,3.3,"Cuenca Jimenez, J.","Gukesh, D.",0-1,2637,D38,ESP,2022.04.29,10,swiss,92,Mark Crowther,2022.05.02,2,The Week in Chess 1434,2,2022.05.03,2558,,,,,
222,I Sunway Formentera Open,Sant Ferran de ses Roques ESP,2022.05.02,4.1,"Gukesh, D.","Santos Latasa, J.",1/2-1/2,2656,D43,ESP,2022.04.29,10,swiss,60,Mark Crowther,2022.05.09,2,The Week in Chess 1435,2,2022.05.09,2637,,,,,
223,I Sunway Formentera Open,Sant Ferran de ses Roques ESP,2022.05.03,5.3,"Batsiashvili, N.","Gukesh, D.",0-1,2637,D38,ESP,2022.04.29,10,swiss,78,Mark Crowther,2022.05.09,2,The Week in Chess 1435,2,2022.05.09,2463,,,,,
224,I Sunway Formentera Open,Sant Ferran de ses Roques ESP,2022.05.04,6.1,"Gukesh, D.","Santos Ruiz, Miguel",1/2-1/2,2597,D41,ESP,2022.04.29,10,swiss,57,Mark Crowther,2022.05.09,2,The Week in Chess 1435,2,2022.05.09,2637,,,,,
225,I Sunway Formentera Open,Sant Ferran de ses Roques ESP,2022.05.05,7.2,"Sargsyan, Shant","Gukesh, D.",1/2-1/2,2637,B31,ESP,2022.04.29,10,swiss,112,Mark Crowther,2022.05.09,2,The Week in Chess 1435,2,2022.05.09,2639,,,,,
226,I Sunway Formentera Open,Sant Ferran de ses Roques ESP,2022.05.06,8.2,"Gukesh, D.","Song, Ju",1-0,2373,D32,ESP,2022.04.29,10,swiss,135,Mark Crowther,2022.05.09,2,The Week in Chess 1435,2,2022.05.09,2637,,,,,
227,I Sunway Formentera Open,Sant Ferran de ses Roques ESP,2022.05.07,9.1,"Sasikiran, K.","Gukesh, D.",0-1,2637,B31,ESP,2022.04.29,10,swiss,94,Mark Crowther,2022.05.09,2,The Week in Chess 1435,2,2022.05.09,2650,,,,,
228,I Sunway Formentera Open,Sant Ferran de ses Roques ESP,2022.05.08,10.1,"Gukesh, D.","Martirosyan, Haik M.",1/2-1/2,2633,D37,ESP,2022.04.29,10,swiss,49,Mark Crowther,2022.05.09,2,The Week in Chess 1435,2,2022.05.09,2637,,,,,
229,5th Sharjah Masters 2022,Sharjah UAE,2022.05.21,1.9,"Gukesh, D.","Sanal, V.",1-0,2575,D43,UAE,2022.05.21,9,swiss,127,Mark Crowther,2022.05.23,2,The Week in Chess 1437,1,2022.05.23,2659,,,,,
230,5th Sharjah Masters 2022,Sharjah UAE,2022.05.22,2.4,"Sindarov, Javokhir","Gukesh, D.",1-0,2659,B31,UAE,2022.05.21,9,swiss,63,Mark Crowther,2022.05.23,2,The Week in Chess 1437,1,2022.05.23,2609,,,,,
231,5th Sharjah Masters 2022,Sharjah UAE,2022.05.23,3.18,"Gukesh, D.","Suleymanli, Aydin",1-0,2537,D37,UAE,2022.05.21,9,swiss,41,Mark Crowther,2022.05.23,2,The Week in Chess 1437,1,2022.05.23,2659,,,,,
232,5th Sharjah Masters 2022,Sharjah UAE,2022.05.24,4.10,"Indjic, A.","Gukesh, D.",1/2-1/2,2659,A13,UAE,2022.05.21,9,swiss,76,Mark Crowther,2022.05.30,2,The Week in Chess 1438,1,2022.05.30,2621,,,,,
233,5th Sharjah Masters 2022,Sharjah UAE,2022.05.25,5.11,"Gukesh, D.","Sethuraman, S.",1/2-1/2,2613,D43,UAE,2022.05.21,9,swiss,127,Mark Crowther,2022.05.30,2,The Week in Chess 1438,1,2022.05.30,2659,,,,,
234,5th Sharjah Masters 2022,Sharjah UAE,2022.05.26,6.11,"Hovhannisyan, R.","Gukesh, D.",0-1,2659,B47,UAE,2022.05.21,9,swiss,70,Mark Crowther,2022.05.30,2,The Week in Chess 1438,1,2022.05.30,2607,,,,,
235,5th Sharjah Masters 2022,Sharjah UAE,2022.05.27,7.4,"Gukesh, D.","Yilmaz, M.",1/2-1/2,2631,C45,UAE,2022.05.21,9,swiss,69,Mark Crowther,2022.05.30,2,The Week in Chess 1438,1,2022.05.30,2659,,,,,
236,5th Sharjah Masters 2022,Sharjah UAE,2022.05.28,8.6,"Idani, P.","Gukesh, D.",1/2-1/2,2659,B47,UAE,2022.05.21,9,swiss,106,Mark Crowther,2022.05.30,2,The Week in Chess 1438,1,2022.05.30,2635,,,,,
237,5th Sharjah Masters 2022,Sharjah UAE,2022.05.29,9.7,"Gukesh, D.","Abasov, N.",1-0,2635,D37,UAE,2022.05.21,9,swiss,83,Mark Crowther,2022.05.30,2,The Week in Chess 1438,1,2022.05.30,2659,,,,,
238,14th Gijon Closed 2022,Gijon ESP,2022.07.03,1.3,"Garrido Outon, Alex","Gukesh, D.",0-1,2684,B32,ESP,2022.07.03,9,tourn,76,Mark Crowther,2022.07.11,2,The Week in Chess 1444,1,2022.07.11,2436,,,9,,
239,14th Gijon Closed 2022,Gijon ESP,2022.07.04,2.3,"Gukesh, D.","Fier, A.",1-0,2567,D45,ESP,2022.07.03,9,tourn,59,Mark Crowther,2022.07.11,2,The Week in Chess 1444,1,2022.07.11,2684,,,9,,
240,14th Gijon Closed 2022,Gijon ESP,2022.07.04,3.4,"Forgas Moreno, Y.","Gukesh, D.",0-1,2684,A00,ESP,2022.07.03,9,tourn,56,Mark Crowther,2022.07.11,2,The Week in Chess 1444,1,2022.07.11,2343,,,9,,
241,14th Gijon Closed 2022,Gijon ESP,2022.07.05,4.2,"Gukesh, D.","Panelo, M.",1-0,2383,C88,ESP,2022.07.03,9,tourn,107,Mark Crowther,2022.07.11,2,The Week in Chess 1444,1,2022.07.11,2684,,,9,,
242,14th Gijon Closed 2022,Gijon ESP,2022.07.05,5.5,"Alvarez Fernandez, E.","Gukesh, D.",0-1,2684,D02,ESP,2022.07.03,9,tourn,102,Mark Crowther,2022.07.11,2,The Week in Chess 1444,1,2022.07.11,2329,,,9,,
243,14th Gijon Closed 2022,Gijon ESP,2022.07.06,6.1,"Gines Esteo, Pedro Antonio","Gukesh, D.",1/2-1/2,2684,E10,ESP,2022.07.03,9,tourn,146,Mark Crowther,2022.07.11,2,The Week in Chess 1444,1,2022.07.11,2455,,,9,,
244,14th Gijon Closed 2022,Gijon ESP,2022.07.07,7.5,"Gukesh, D.","Delgado Ramirez, N.",1-0,2614,E11,ESP,2022.07.03,9,tourn,69,Mark Crowther,2022.07.11,2,The Week in Chess 1444,1,2022.07.11,2684,,,9,,
245,14th Gijon Closed 2022,Gijon ESP,2022.07.07,8.2,"Tejedor Fuente, Enrique","Gukesh, D.",0-1,2684,A45,ESP,2022.07.03,9,tourn,77,Mark Crowther,2022.07.11,2,The Week in Chess 1444,1,2022.07.11,2419,,,9,,
246,14th Gijon Closed 2022,Gijon ESP,2022.07.08,9.4,"Gukesh, D.","Martinez Duany, L.",1/2-1/2,2497,E94,ESP,2022.07.03,9,tourn,84,Mark Crowther,2022.07.11,2,The Week in Chess 1444,1,2022.07.11,2684,,,9,,
247,55th Biel GM 2022,Biel SUI,2022.07.14,1.1,"Abdusattorov, Nodirbek","Gukesh, D.",0-1,2684,B33,SUI,2022.07.14,7,tourn,94,Mark Crowther,2022.07.18,2,The Week in Chess 1445,2,2022.07.23,2688,,,18,,
248,55th Biel GM 2022,Biel SUI,2022.07.15,2.1,"Gukesh, D.","Naiditsch, A.",1/2-1/2,2664,E11,SUI,2022.07.14,7,tourn,38,Mark Crowther,2022.07.18,2,The Week in Chess 1445,2,2022.07.23,2684,,,18,,
249,55th Biel GM 2022,Biel SUI,2022.07.16,3.1,"Le, Quang Liem","Gukesh, D.",0-1,2684,D35,SUI,2022.07.14,7,tourn,98,Mark Crowther,2022.07.18,2,The Week in Chess 1445,2,2022.07.23,2722,,,18,,
250,55th Biel GM 2022,Biel SUI,2022.07.19,4.1,"Gukesh, D.","Esipenko, Andrey",0-1,2682,D41,SUI,2022.07.14,7,tourn,88,Mark Crowther,2022.07.25,2,The Week in Chess 1446,1,2022.07.25,2684,,,18,,
251,55th Biel GM 2022,Biel SUI,2022.07.20,5.1,"Keymer, Vincent","Gukesh, D.",0-1,2684,D35,SUI,2022.07.14,7,tourn,134,Mark Crowther,2022.07.25,2,The Week in Chess 1446,1,2022.07.25,2686,,,18,,
252,55th Biel GM 2022,Biel SUI,2022.07.21,6.1,"Gukesh, D.","Kamsky, G.",1/2-1/2,2655,D87,SUI,2022.07.14,7,tourn,80,Mark Crowther,2022.07.25,2,The Week in Chess 1446,1,2022.07.25,2684,,,18,,
253,55th Biel GM 2022,Biel SUI,2022.07.22,7.1,"Salem, AR.","Gukesh, D.",1-0,2684,E01,SUI,2022.07.14,7,tourn,113,Mark Crowther,2022.07.25,2,The Week in Chess 1446,1,2022.07.25,2684,,,18,,
254,44th Olympiad 2022,Chennai IND,2022.07.29,1.11,"Al Hosani, Omran","Gukesh, D.",0-1,2684,E73,IND,2022.07.29,11,team,82,Mark Crowther,2022.08.01,2,The Week in Chess 1447,1,2022.08.01,2215,India 2,United Arab Emirates,,UAE,
255,44th Olympiad 2022,Chennai IND,2022.07.30,2.11,"Gukesh, D.","Kiik, K.",1-0,2365,B30,IND,2022.07.29,11,team,77,Mark Crowther,2022.08.01,2,The Week in Chess 1447,1,2022.08.01,2684,Estonia,India 2,,,EST
256,44th Olympiad 2022,Chennai IND,2022.07.31,3.11,"Georgiadis, N.","Gukesh, D.",0-1,2684,B44,IND,2022.07.29,11,team,74,Mark Crowther,2022.08.01,2,The Week in Chess 1447,1,2022.08.01,2578,India 2,Switzerland,,SUI,
257,44th Olympiad 2022,Chennai IND,2022.08.01,4.8,"Gukesh, D.","Vocaturo, D.",1-0,2616,D41,IND,2022.07.29,11,team,67,Mark Crowther,2022.08.01,2,The Week in Chess 1447,1,2022.08.01,2684,Italy,India 2,,,ITA
258,44th Olympiad 2022,Chennai IND,2022.08.02,5.2,"Shirov, A.","Gukesh, D.",0-1,2684,B30,IND,2022.07.29,11,team,88,Mark Crowther,2022.08.08,2,The Week in Chess 1448,1,2022.08.08,2704,India 2,Spain,,ESP,
259,44th Olympiad 2022,Chennai IND,2022.08.03,6.1,"Gukesh, D.","Sargissian, G.",1-0,2698,D38,IND,2022.07.29,11,team,81,Mark Crowther,2022.08.08,2,The Week in Chess 1448,1,2022.08.08,2684,Armenia,India 2,,,ARM
260,44th Olympiad 2022,Chennai IND,2022.08.05,7.5,"Albornoz Cabrera, Carlos Daniel","Gukesh, D.",0-1,2684,B30,IND,2022.07.29,11,team,91,Mark Crowther,2022.08.08,2,The Week in Chess 1448,1,2022.08.08,2566,India 2,Cuba,,CUB,
261,44th Olympiad 2022,Chennai IND,2022.08.06,8.2,"Caruana, F.","Gukesh, D.",0-1,2684,B31,IND,2022.07.29,11,team,90,Mark Crowther,2022.08.08,2,The Week in Chess 1448,1,2022.08.08,2783,India 2,United States of America,,,
262,44th Olympiad 2022,Chennai IND,2022.08.07,9.1,"Gukesh, D.","Mamedyarov, S.",1/2-1/2,2759,D20,IND,2022.07.29,11,team,68,Mark Crowther,2022.08.08,2,The Week in Chess 1448,1,2022.08.08,2684,Azerbaijan,India 2,,,AZE
263,44th Olympiad 2022,Chennai IND,2022.08.08,10.1,"Gukesh, D.","Abdusattorov, Nodirbek",0-1,2688,D38,IND,2022.07.29,11,team,144,Mark Crowther,2022.08.08,2,The Week in Chess 1448,1,2022.08.08,2684,Uzbekistan,India 2,,,UZB
264,44th Olympiad 2022,Chennai IND,2022.08.09,11.1,"Keymer, Vincent","Gukesh, D.",1/2-1/2,2684,D38,IND,2022.07.29,11,team,149,Mark Crowther,2022.08.15,2,The Week in Chess 1449,1,2022.08.15,2686,India 2,Germany,,GER,
265,TCh-TUR Super League 2022,Ankara TUR,2022.08.16,1.4,"Gukesh, D.","Gholami, A.",1-0,2507,B15,TUR,2022.08.16,13,team,101,Mark Crowther,2022.08.22,2,The Week in Chess 1450,1,2022.08.22,2699,BURSA BUYUKSEHIR BELEDIYESPOR KULUBU,TURK HAVA YOLLARI (THY) SPOR KULUBU,,,
266,TCh-TUR Super League 2022,Ankara TUR,2022.08.17,2.3,"Esipenko, Andrey","Gukesh, D.",0-1,2699,E10,TUR,2022.08.16,13,team,58,Mark Crowther,2022.08.22,2,The Week in Chess 1450,1,2022.08.22,2692,TURK HAVA YOLLARI (THY) SPOR KULUBU,BAYEGAN PENDIK SATRANC SPOR KULUBU,,,
267,TCh-TUR Super League 2022,Ankara TUR,2022.08.18,3.3,"Gukesh, D.","Sanal, V.",1-0,2570,D38,TUR,2022.08.16,13,team,81,Mark Crowther,2022.08.22,2,The Week in Chess 1450,1,2022.08.22,2699,DENIZ SU AQUAMATCH SATRANC GENCLIK VE SP,TURK HAVA YOLLARI (THY) SPOR KULUBU,,,
268,TCh-TUR Super League 2022,Ankara TUR,2022.08.19,4.4,"Kobalia, M.","Gukesh, D.",1-0,2699,B31,TUR,2022.08.16,13,team,95,Mark Crowther,2022.08.22,2,The Week in Chess 1450,1,2022.08.22,2578,TURK HAVA YOLLARI (THY) SPOR KULUBU,KARAMAN FUTBOL KULUBU,,,
269,TCh-TUR Super League 2022,Ankara TUR,2022.08.20,5.2,"Gukesh, D.","Maghsoodloo, Parham",0-1,2701,E10,TUR,2022.08.16,13,team,58,Mark Crowther,2022.08.22,2,The Week in Chess 1450,1,2022.08.22,2699,GOKTURK SATRANC SPOR KULUBU,TURK HAVA YOLLARI (THY) SPOR KULUBU,,,
270,TCh-TUR Super League 2022,Ankara TUR,2022.08.22,7.1,"Gukesh, D.","Idani, P.",1-0,2641,D45,TUR,2022.08.16,13,team,81,Mark Crowther,2022.08.29,2,The Week in Chess 1451,1,2022.08.29,2699,HATAY BUYUKSEHIR BELEDIYESI GENCLIK SPOR,TURK HAVA YOLLARI (THY) SPOR KULUBU,,,
271,TCh-TUR Super League 2022,Ankara TUR,2022.08.23,8.6,"Sychev, K.","Gukesh, D.",1/2-1/2,2699,B31,TUR,2022.08.16,13,team,84,Mark Crowther,2022.08.29,2,The Week in Chess 1451,1,2022.08.29,2547,TURK HAVA YOLLARI (THY) SPOR KULUBU,TAS DUVAR SPOR KULUBU,,,
272,TCh-TUR Super League 2022,Ankara TUR,2022.08.24,10.6,"Gukesh, D.","Nigmatov, Ortik",1-0,2437,A20,TUR,2022.08.16,13,team,73,Mark Crowther,2022.08.29,2,The Week in Chess 1451,1,2022.08.29,2699,ROTA KOLEJI SPOR KULUBU,TURK HAVA YOLLARI (THY) SPOR KULUBU,,,
273,TCh-TUR Super League 2022,Ankara TUR,2022.08.25,11.1,"Nguyen, Thai Dai Van","Gukesh, D.",1/2-1/2,2699,B31,TUR,2022.08.16,13,team,113,Mark Crowther,2022.08.29,2,The Week in Chess 1451,1,2022.08.29,2629,TURK HAVA YOLLARI (THY) SPOR KULUBU,GOKYAY VAKFI SPOR KULUBU,,,
274,TCh-TUR Super League 2022,Ankara TUR,2022.08.26,12.5,"Gukesh, D.","Ivic, Velimir",1/2-1/2,2583,D45,TUR,2022.08.16,13,team,60,Mark Crowther,2022.08.29,2,The Week in Chess 1451,1,2022.08.29,2699,BURHANIYE SATRANC SPOR KULUBU,TURK HAVA YOLLARI (THY) SPOR KULUBU,,,
275,TCh-ESP Div Honor 2022,Linares ESP,2022.09.17,1.2,"Martinez Fernandez, Adrian","Gukesh, D.",0-1,2726,B31,ESP,2022.09.17,7,team,78,Mark Crowther,2022.09.19,2,The Week in Chess 1454,2,2022.09.20,2338,C.A. Solvay,C.E. Barcelona,,,
276,TCh-ESP Div Honor 2022,Linares ESP,2022.09.18,2.4,"Gukesh, D.","Jones, G.",1-0,2623,D94,ESP,2022.09.17,7,team,59,Mark Crowther,2022.09.19,2,The Week in Chess 1454,2,2022.09.20,2726,Sestao Hotel Naval,C.A. Solvay,,,
277,TCh-ESP Div Honor 2022,Linares ESP,2022.09.19,3.1,"Alekseenko, K.","Gukesh, D.",1/2-1/2,2726,B30,ESP,2022.09.17,7,team,59,Mark Crowther,2022.09.26,2,The Week in Chess 1455,2,2022.09.27,2707,C.A. Solvay,C.A. Silla 60 Aniversario,,,
278,TCh-ESP Div Honor 2022,Linares ESP,2022.09.20,4.4,"Anton Guijarro, D.","Gukesh, D.",0-1,2726,B30,ESP,2022.09.17,7,team,112,Mark Crowther,2022.09.26,2,The Week in Chess 1455,2,2022.09.27,2662,C.A. Solvay,C.A. Jaime Casas de Monzon,,,
279,TCh-ESP Div Honor 2022,Linares ESP,2022.09.21,5.2,"Gukesh, D.","Tabatabaei, M.",0-1,2651,C53,ESP,2022.09.17,7,team,78,Mark Crowther,2022.09.26,2,The Week in Chess 1455,2,2022.09.27,2726,DuoBeniajan Costa Calida,C.A. Solvay,,,
280,TCh-ESP Div Honor 2022,Linares ESP,2022.09.22,6.3,"Nihal, Sarin","Gukesh, D.",1/2-1/2,2726,D38,ESP,2022.09.17,7,team,61,Mark Crowther,2022.09.26,2,The Week in Chess 1455,2,2022.09.27,2677,C.A. Solvay,Andreu Paterna,,,
281,TCh-ESP Div Honor 2022,Linares ESP,2022.09.23,7.3,"Gukesh, D.","Santos Latasa, J.",1-0,2680,D41,ESP,2022.09.17,7,team,129,Mark Crowther,2022.09.26,2,The Week in Chess 1455,2,2022.09.27,2726,Magic Extremadura,C.A. Solvay,,,
