,Event,Site,Date,Round,White,Black,Result,BlackElo,ECO,EventCategory,EventCountry,EventDate,EventRounds,EventType,PlyCount,Source,SourceDate,SourceQuality,SourceTitle,SourceVersion,SourceVersionDate,WhiteElo,BlackTeam,WhiteTeam
0,Marshall GM Norm 2020,New York USA,2020.02.27,1.2,"Wang, K.","Niemann, Hans Moke",0-1,2459,B22,8,USA,2020.02.27,9,tourn,84,Mark Crowther,2020.03.02,2,The Week in Chess 1321,1,2020.03.02,2418,,
1,Marshall GM Norm 2020,New York USA,2020.02.27,2.4,"Niemann, Hans Moke","Korley, K.",1-0,2430,D37,8,USA,2020.02.27,9,tourn,129,Mark Crowther,2020.03.02,2,The Week in Chess 1321,1,2020.03.02,2459,,
2,Marshall GM Norm 2020,New York USA,2020.02.28,3.3,"Perunovic, Mil","Niemann, Hans Moke",1-0,2459,B69,8,USA,2020.02.27,9,tourn,143,Mark Crowther,2020.03.02,2,The Week in Chess 1321,1,2020.03.02,2591,,
3,Marshall GM Norm 2020,New York USA,2020.02.28,4.3,"Niemann, Hans Moke","Kaliksteyn, A.",1-0,2394,A06,8,USA,2020.02.27,9,tourn,63,Mark Crowther,2020.03.02,2,The Week in Chess 1321,1,2020.03.02,2459,,
4,Marshall GM Norm 2020,New York USA,2020.02.29,5.4,"Paragua, M.","Niemann, Hans Moke",1-0,2459,C26,8,USA,2020.02.27,9,tourn,55,Mark Crowther,2020.03.02,2,The Week in Chess 1321,1,2020.03.02,2513,,
5,Marshall GM Norm 2020,New York USA,2020.02.29,6.2,"Niemann, Hans Moke",Wang Qibiao,0-1,2362,D35,8,USA,2020.02.27,9,tourn,92,Mark Crowther,2020.03.02,2,The Week in Chess 1321,1,2020.03.02,2459,,
6,Marshall GM Norm 2020,New York USA,2020.03.01,7.5,"Yoo, Christopher Woojin","Niemann, Hans Moke",0-1,2459,C65,8,USA,2020.02.27,9,tourn,44,Mark Crowther,2020.03.02,2,The Week in Chess 1321,1,2020.03.02,2430,,
7,Marshall GM Norm 2020,New York USA,2020.03.01,8.2,"Khamrakulov, D.","Niemann, Hans Moke",1/2-1/2,2459,A05,8,USA,2020.02.27,9,tourn,14,Mark Crowther,2020.03.02,2,The Week in Chess 1321,1,2020.03.02,2525,,
8,Marshall GM Norm 2020,New York USA,2020.03.02,9.1,"Niemann, Hans Moke","Colas, Joshua",1-0,2319,B10,8,USA,2020.02.27,9,tourn,91,Mark Crowther,2020.03.02,2,The Week in Chess 1321,1,2020.03.02,2459,,
9,CCCSA Fall GM 2020,Charlotte USA,2020.09.30,1.5,"Niemann, Hans Moke","Daggupati, Balaji",1-0,2331,A09,8,USA,2020.09.30,9,tourn,53,Mark Crowther,2020.10.05,2,The Week in Chess 1352,1,2020.10.05,2465,,
10,CCCSA Fall GM 2020,Charlotte USA,2020.10.01,2.2,"Liang, Jason","Niemann, Hans Moke",1/2-1/2,2465,C60,8,USA,2020.09.30,9,tourn,182,Mark Crowther,2020.10.05,2,The Week in Chess 1352,1,2020.10.05,2367,,
11,CCCSA Fall GM 2020,Charlotte USA,2020.10.01,3.4,"Niemann, Hans Moke","Stremavicius, T.",1-0,2517,B08,8,USA,2020.09.30,9,tourn,61,Mark Crowther,2020.10.05,2,The Week in Chess 1352,1,2020.10.05,2465,,
12,CCCSA Fall GM 2020,Charlotte USA,2020.10.02,4.3,"Fernandez, Dani","Niemann, Hans Moke",1/2-1/2,2465,C46,8,USA,2020.09.30,9,tourn,100,Mark Crowther,2020.10.05,2,The Week in Chess 1352,1,2020.10.05,2470,,
13,CCCSA Fall GM 2020,Charlotte USA,2020.10.02,5.1,"Niemann, Hans Moke","Gauri, S.",1-0,2353,E15,8,USA,2020.09.30,9,tourn,99,Mark Crowther,2020.10.05,2,The Week in Chess 1352,1,2020.10.05,2465,,
14,CCCSA Fall GM 2020,Charlotte USA,2020.10.03,6.4,"Ostrovskiy, Al","Niemann, Hans Moke",0-1,2465,C55,8,USA,2020.09.30,9,tourn,56,Mark Crowther,2020.10.05,2,The Week in Chess 1352,1,2020.10.05,2427,,
15,CCCSA Fall GM 2020,Charlotte USA,2020.10.03,7.2,"Niemann, Hans Moke","Mista, A.",1/2-1/2,2574,D30,8,USA,2020.09.30,9,tourn,11,Mark Crowther,2020.10.05,2,The Week in Chess 1352,1,2020.10.05,2465,,
16,CCCSA Fall GM 2020,Charlotte USA,2020.10.04,8.5,"Mishra, Abhimanyu","Niemann, Hans Moke",0-1,2465,C55,8,USA,2020.09.30,9,tourn,112,Mark Crowther,2020.10.05,2,The Week in Chess 1352,1,2020.10.05,2342,,
17,CCCSA Fall GM 2020,Charlotte USA,2020.10.05,9.5,"Niemann, Hans Moke","Dragun, K.",1/2-1/2,2561,E92,8,USA,2020.09.30,9,tourn,12,Mark Crowther,2020.10.05,2,The Week in Chess 1352,1,2020.10.05,2465,,
18,SPICE Cup Open 2020,Chesterfield MO USA,2020.10.20,1,"Oberoi, Shelev","Niemann, Hans Moke",0-1,2465,C45,,USA,2020.10.20,9,swiss,54,Mark Crowther,2020.10.26,2,The Week in Chess 1355,2,2020.10.27,2101,,
19,SPICE Cup Open 2020,Chesterfield MO USA,2020.10.21,2,"Niemann, Hans Moke","Lenderman, A.",0-1,2634,E10,,USA,2020.10.20,9,swiss,90,Mark Crowther,2020.10.26,2,The Week in Chess 1355,2,2020.10.27,2465,,
20,SPICE Cup Open 2020,Chesterfield MO USA,2020.10.21,3,"Chen, Ryo","Niemann, Hans Moke",1-0,2465,B58,,USA,2020.10.20,9,swiss,99,Mark Crowther,2020.10.26,2,The Week in Chess 1355,2,2020.10.27,2085,,
21,SPICE Cup Open 2020,Chesterfield MO USA,2020.10.22,4,"Niemann, Hans Moke","Proleiko, Julian",1-0,2131,A09,,USA,2020.10.20,9,swiss,81,Mark Crowther,2020.10.26,2,The Week in Chess 1355,2,2020.10.27,2465,,
22,SPICE Cup Open 2020,Chesterfield MO USA,2020.10.22,5,"Lu, Ming","Niemann, Hans Moke",0-1,2465,A27,,USA,2020.10.20,9,swiss,80,Mark Crowther,2020.10.26,2,The Week in Chess 1355,2,2020.10.27,2084,,
23,SPICE Cup Open 2020,Chesterfield MO USA,2020.10.23,6,"Niemann, Hans Moke","Colas, Joshua",0-1,2255,E04,,USA,2020.10.20,9,swiss,170,Mark Crowther,2020.10.26,2,The Week in Chess 1355,2,2020.10.27,2465,,
24,SPICE Cup Open 2020,Chesterfield MO USA,2020.10.24,7,"Daggupati, Balaji","Niemann, Hans Moke",0-1,2465,C11,,USA,2020.10.20,9,swiss,80,Mark Crowther,2020.10.26,2,The Week in Chess 1355,2,2020.10.27,2331,,
25,SPICE Cup Open 2020,Chesterfield MO USA,2020.10.24,8,"Niemann, Hans Moke","Antova, Gabriela",1-0,2238,A14,,USA,2020.10.20,9,swiss,77,Mark Crowther,2020.10.26,2,The Week in Chess 1355,2,2020.10.27,2465,,
26,SPICE Cup Open 2020,Chesterfield MO USA,2020.10.25,9,"Hakobyan, Aram","Niemann, Hans Moke",1-0,2465,E12,,USA,2020.10.20,9,swiss,191,Mark Crowther,2020.10.26,2,The Week in Chess 1355,2,2020.10.27,2588,,
27,US Class Master 2020,Dulles USA,2020.10.31,2,"Niemann, Hans Moke","Yu, Jennifer",1/2-1/2,2315,A09,,USA,2020.10.31,5,swiss,120,Mark Crowther,2020.11.09,2,The Week in Chess 1357,1,2020.11.09,2465,,
28,US Class Master 2020,Dulles USA,2020.11.01,3,"Tsay, Vincent","Niemann, Hans Moke",0-1,2465,A40,,USA,2020.10.31,5,swiss,51,Mark Crowther,2020.11.09,2,The Week in Chess 1357,1,2020.11.09,2266,,
29,US Class Master 2020,Dulles USA,2020.11.01,4,"Niemann, Hans Moke","Posthuma, Joshua",1-0,2339,B12,,USA,2020.10.31,5,swiss,173,Mark Crowther,2020.11.09,2,The Week in Chess 1357,1,2020.11.09,2465,,
30,US Class Master 2020,Dulles USA,2020.11.01,5,"Stukopin, A.","Niemann, Hans Moke",1/2-1/2,2465,C56,,USA,2020.10.31,5,swiss,48,Mark Crowther,2020.11.09,2,The Week in Chess 1357,1,2020.11.09,2566,,
31,7th Sunway Sitges 2020,Sitges ESP,2020.12.13,1.24,"Kanov, Nikola","Niemann, Hans Moke",0-1,2478,C55,,ESP,2020.12.13,10,swiss,88,Mark Crowther,2020.12.14,2,The Week in Chess 1362,1,2020.12.14,2079,,
32,7th Sunway Sitges 2020,Sitges ESP,2020.12.14,2.22,"Niemann, Hans Moke","Dalaud, Dorian",1-0,2291,D37,,ESP,2020.12.13,10,swiss,119,Mark Crowther,2020.12.21,2,The Week in Chess 1363,1,2020.12.21,2478,,
33,7th Sunway Sitges 2020,Sitges ESP,2020.12.15,3.5,"Santos Ruiz, Miguel","Niemann, Hans Moke",1-0,2478,C55,,ESP,2020.12.13,10,swiss,77,Mark Crowther,2020.12.21,2,The Week in Chess 1363,1,2020.12.21,2581,,
34,7th Sunway Sitges 2020,Sitges ESP,2020.12.16,4.19,"Niemann, Hans Moke","Souhardo, Basak",1-0,2276,E53,,ESP,2020.12.13,10,swiss,121,Mark Crowther,2020.12.21,2,The Week in Chess 1363,1,2020.12.21,2478,,
35,7th Sunway Sitges 2020,Sitges ESP,2020.12.17,5.13,"Carbonell Sancho, Marc","Niemann, Hans Moke",0-1,2478,C55,,ESP,2020.12.13,10,swiss,96,Mark Crowther,2020.12.21,2,The Week in Chess 1363,1,2020.12.21,2318,,
36,7th Sunway Sitges 2020,Sitges ESP,2020.12.19,6.5,"Niemann, Hans Moke","Cornette, M.",1-0,2558,D31,,ESP,2020.12.13,10,swiss,71,Mark Crowther,2020.12.21,2,The Week in Chess 1363,1,2020.12.21,2478,,
37,7th Sunway Sitges 2020,Sitges ESP,2020.12.20,7.2,"Niemann, Hans Moke","Moussard, J.",1/2-1/2,2626,D85,,ESP,2020.12.13,10,swiss,113,Mark Crowther,2020.12.21,2,The Week in Chess 1363,1,2020.12.21,2478,,
38,5th Vergani Cup Dec 2020,Villorba ITA,2020.12.26,1.9,"Niemann, Hans Moke","Persico, Lorenzo",1-0,1946,D36,,ITA,2020.12.26,9,swiss,61,Mark Crowther,2020.12.28,2,The Week in Chess 1364,1,2020.12.28,2478,,
39,5th Vergani Cup Dec 2020,Villorba ITA,2020.12.27,2.8,"Mitran, Anthony Cristian","Niemann, Hans Moke",0-1,2478,A45,,ITA,2020.12.26,9,swiss,60,Mark Crowther,2020.12.28,2,The Week in Chess 1364,1,2020.12.28,2157,,
40,5th Vergani Cup Dec 2020,Villorba ITA,2020.12.27,3.1,"Bernadskiy, V.","Niemann, Hans Moke",1/2-1/2,2478,A20,,ITA,2020.12.26,9,swiss,109,Mark Crowther,2020.12.28,2,The Week in Chess 1364,1,2020.12.28,2619,,
41,5th Vergani Cup Dec 2020,Villorba ITA,2020.12.28,4.4,"Niemann, Hans Moke","Dardha, Daniel",0-1,2485,B31,,ITA,2020.12.26,9,swiss,104,Mark Crowther,2020.12.28,2,The Week in Chess 1364,1,2020.12.28,2478,,
42,7th Sunway Sitges 2020,Sitges ESP,2020.12.21,8.2,"Cheparinov, I.","Niemann, Hans Moke",1-0,2478,D30,,ESP,2020.12.13,10,swiss,186,Mark Crowther,2020.12.28,2,The Week in Chess 1364,1,2020.12.28,2660,,
43,7th Sunway Sitges 2020,Sitges ESP,2020.12.22,9.8,"Niemann, Hans Moke","Maze, S.",1-0,2557,E47,,ESP,2020.12.13,10,swiss,43,Mark Crowther,2020.12.28,2,The Week in Chess 1364,1,2020.12.28,2478,,
44,7th Sunway Sitges 2020,Sitges ESP,2020.12.23,10.4,"Fier, A.","Niemann, Hans Moke",1-0,2478,C88,,ESP,2020.12.13,10,swiss,127,Mark Crowther,2020.12.28,2,The Week in Chess 1364,1,2020.12.28,2549,,
45,5th Vergani Cup Dec 2020,Villorba ITA,2020.12.28,5.7,"Samoun, F.","Niemann, Hans Moke",1/2-1/2,2478,A22,,ITA,2020.12.26,9,swiss,97,Mark Crowther,2021.01.04,2,The Week in Chess 1365,1,2021.01.04,2293,,
46,5th Vergani Cup Dec 2020,Villorba ITA,2020.12.29,6.8,"Niemann, Hans Moke","Orfini, Nicolo'",1-0,2278,E73,,ITA,2020.12.26,9,swiss,49,Mark Crowther,2021.01.04,2,The Week in Chess 1365,1,2021.01.04,2478,,
47,5th Vergani Cup Dec 2020,Villorba ITA,2020.12.29,7.6,"Loiacono, Antonio","Niemann, Hans Moke",0-1,2478,C48,,ITA,2020.12.26,9,swiss,86,Mark Crowther,2021.01.04,2,The Week in Chess 1365,1,2021.01.04,2304,,
48,5th Vergani Cup Dec 2020,Villorba ITA,2020.12.30,8.3,"Niemann, Hans Moke","Basso, Pier Luigi",1-0,2581,A09,,ITA,2020.12.26,9,swiss,103,Mark Crowther,2021.01.04,2,The Week in Chess 1365,1,2021.01.04,2478,,
49,5th Vergani Cup Dec 2020,Villorba ITA,2020.12.30,9.2,"Moroni, L.","Niemann, Hans Moke",1/2-1/2,2478,D31,,ITA,2020.12.26,9,swiss,24,Mark Crowther,2021.01.04,2,The Week in Chess 1365,1,2021.01.04,2562,,
50,5th Vergani Cup Jan 2021,Villorba ITA,2021.01.04,3.3,"Niemann, Hans Moke","Checa, Nicolas",1-0,2527,D15,,ITA,2021.01.03,9,swiss,76,Mark Crowther,2021.01.11,2,The Week in Chess 1366,2,2021.01.12,2484,,
51,5th Vergani Cup Jan 2021,Villorba ITA,2021.01.05,4.2,"Dardha, Daniel","Niemann, Hans Moke",1/2-1/2,2484,A46,,ITA,2021.01.03,9,swiss,106,Mark Crowther,2021.01.11,2,The Week in Chess 1366,2,2021.01.12,2485,,
52,5th Vergani Cup Jan 2021,Villorba ITA,2021.01.05,5.1,"Bellahcene, B.","Niemann, Hans Moke",1/2-1/2,2484,C67,,ITA,2021.01.03,9,swiss,61,Mark Crowther,2021.01.11,2,The Week in Chess 1366,2,2021.01.12,2510,,
53,5th Vergani Cup Jan 2021,Villorba ITA,2021.01.06,6.2,"Niemann, Hans Moke","Moroni, L.",1/2-1/2,2560,B06,,ITA,2021.01.03,9,swiss,106,Mark Crowther,2021.01.11,2,The Week in Chess 1366,2,2021.01.12,2484,,
54,5th Vergani Cup Jan 2021,Villorba ITA,2021.01.06,7.4,"Niemann, Hans Moke","Bernadskiy, V.",1-0,2619,A40,,ITA,2021.01.03,9,swiss,97,Mark Crowther,2021.01.11,2,The Week in Chess 1366,2,2021.01.12,2484,,
55,5th Vergani Cup Jan 2021,Villorba ITA,2021.01.07,8.3,"Bjerre, Jonas Buhl","Niemann, Hans Moke",1/2-1/2,2484,E18,,ITA,2021.01.03,9,swiss,51,Mark Crowther,2021.01.11,2,The Week in Chess 1366,2,2021.01.12,2552,,
56,5th Vergani Cup Jan 2021,Villorba ITA,2021.01.07,9.1,"Niemann, Hans Moke","Warmerdam, Max",1/2-1/2,2506,E75,,ITA,2021.01.03,9,swiss,46,Mark Crowther,2021.01.11,2,The Week in Chess 1366,2,2021.01.12,2484,,
57,Paracin Winter GM 2021,Paracin SRB,2021.01.29,1.4,"Niemann, Hans Moke","Vetokhin, Savva",1-0,2309,E52,6,SRB,2021.01.29,9,tourn,53,Mark Crowther,2021.02.01,2,The Week in Chess 1369,1,2021.02.01,2484,,
58,Paracin Winter GM 2021,Paracin SRB,2021.01.30,2.3,"Atalik, S.","Niemann, Hans Moke",0-1,2484,D30,6,SRB,2021.01.29,9,tourn,96,Mark Crowther,2021.02.01,2,The Week in Chess 1369,1,2021.02.01,2504,,
59,Paracin Winter GM 2021,Paracin SRB,2021.01.30,3.3,"Niemann, Hans Moke","Dudin, Gleb",1-0,2380,E04,6,SRB,2021.01.29,9,tourn,63,Mark Crowther,2021.02.01,2,The Week in Chess 1369,1,2021.02.01,2484,,
60,Paracin Winter GM 2021,Paracin SRB,2021.01.31,4.4,"Ratkovic, Milov","Niemann, Hans Moke",0-1,2484,E30,6,SRB,2021.01.29,9,tourn,142,Mark Crowther,2021.02.01,2,The Week in Chess 1369,1,2021.02.01,2433,,
61,Paracin Winter GM 2021,Paracin SRB,2021.01.31,5.2,"Niemann, Hans Moke","Durak, Can",1-0,2187,D37,6,SRB,2021.01.29,9,tourn,63,Mark Crowther,2021.02.01,2,The Week in Chess 1369,1,2021.02.01,2484,,
62,Paracin Winter GM 2021,Paracin SRB,2021.02.01,6.5,"Potpara, N.","Niemann, Hans Moke",1-0,2484,A13,6,SRB,2021.01.29,9,tourn,117,Mark Crowther,2021.02.08,2,The Week in Chess 1370,1,2021.02.08,2378,,
63,Paracin Winter GM 2021,Paracin SRB,2021.02.02,7.1,"Niemann, Hans Moke","Stankovic, Milo",1-0,2442,E06,6,SRB,2021.01.29,9,tourn,103,Mark Crowther,2021.02.08,2,The Week in Chess 1370,1,2021.02.08,2484,,
64,Paracin Winter GM 2021,Paracin SRB,2021.02.03,8.5,"Niemann, Hans Moke","Abramovic, B.",1-0,2335,D37,6,SRB,2021.01.29,9,tourn,32,Mark Crowther,2021.02.08,2,The Week in Chess 1370,1,2021.02.08,2484,,
65,Paracin Winter GM 2021,Paracin SRB,2021.02.04,9.2,"Kosic, D.","Niemann, Hans Moke",1-0,2484,D37,6,SRB,2021.01.29,9,tourn,161,Mark Crowther,2021.02.08,2,The Week in Chess 1370,1,2021.02.08,2443,,
66,Paracin Orbis 1 GM 2021,Paracin SRB,2021.02.05,1.1,"Niemann, Hans Moke","Vetokhin, Savva",1-0,2309,E32,6,SRB,2021.02.05,9,tourn,59,Mark Crowther,2021.02.08,2,The Week in Chess 1370,1,2021.02.08,2525,,
67,Paracin Orbis 1 GM 2021,Paracin SRB,2021.02.06,2.5,"Niemann, Hans Moke","Shahil, Dey",0-1,2376,B52,6,SRB,2021.02.05,9,tourn,68,Mark Crowther,2021.02.08,2,The Week in Chess 1370,1,2021.02.08,2525,,
68,Paracin Orbis 1 GM 2021,Paracin SRB,2021.02.07,3.2,"Injac, Teodora","Niemann, Hans Moke",0-1,2525,D38,6,SRB,2021.02.05,9,tourn,89,Mark Crowther,2021.02.08,2,The Week in Chess 1370,1,2021.02.08,2314,,
69,Paracin Orbis 1 GM 2021,Paracin SRB,2021.02.07,4.4,"Niemann, Hans Moke","Mijatovic, Dusan",1-0,2295,E42,6,SRB,2021.02.05,9,tourn,63,Mark Crowther,2021.02.08,2,The Week in Chess 1370,1,2021.02.08,2525,,
70,Paracin Orbis 1 GM 2021,Paracin SRB,2021.02.08,5.3,"Ratkovic, Milov","Niemann, Hans Moke",1/2-1/2,2525,A45,6,SRB,2021.02.05,9,tourn,128,Mark Crowther,2021.02.08,2,The Week in Chess 1370,1,2021.02.08,2433,,
71,Paracin Orbis 1 GM 2021,Paracin SRB,2021.02.09,6.3,"Niemann, Hans Moke","Dudin, Gleb",0-1,2380,A15,6,SRB,2021.02.05,9,tourn,127,Mark Crowther,2021.02.15,2,The Week in Chess 1371,2,2021.02.15,2525,,
72,Paracin Orbis 1 GM 2021,Paracin SRB,2021.02.09,7.4,"Kosic, D.","Niemann, Hans Moke",1/2-1/2,2525,D37,6,SRB,2021.02.05,9,tourn,81,Mark Crowther,2021.02.15,2,The Week in Chess 1371,2,2021.02.15,2443,,
73,Paracin Orbis 1 GM 2021,Paracin SRB,2021.02.10,8.2,"Niemann, Hans Moke","Atalik, S.",1-0,2504,E60,6,SRB,2021.02.05,9,tourn,48,Mark Crowther,2021.02.15,2,The Week in Chess 1371,2,2021.02.15,2525,,
74,Paracin Orbis 1 GM 2021,Paracin SRB,2021.02.11,9.5,"Moksh, Amit Doshi","Niemann, Hans Moke",0-1,2525,D37,6,SRB,2021.02.05,9,tourn,96,Mark Crowther,2021.02.15,2,The Week in Chess 1371,2,2021.02.15,2332,,
75,RADNICKICHESS T2R-GM 2021,Belgrade SRB,2021.02.19,1.3,"Potpara, N.","Niemann, Hans Moke",0-1,2525,A20,9,SRB,2021.02.19,9,tourn,45,Mark Crowther,2021.03.01,2,The Week in Chess 1373,1,2021.03.01,2378,,
76,RADNICKICHESS T2R-GM 2021,Belgrade SRB,2021.02.20,2.3,"Niemann, Hans Moke","Yankelevich, L.",1/2-1/2,2416,E06,9,SRB,2021.02.19,9,tourn,114,Mark Crowther,2021.03.01,2,The Week in Chess 1373,1,2021.03.01,2525,,
77,RADNICKICHESS T2R-GM 2021,Belgrade SRB,2021.02.21,3.4,"Mohammad, Nubairshah Shaikh","Niemann, Hans Moke",1/2-1/2,2525,E46,9,SRB,2021.02.19,9,tourn,71,Mark Crowther,2021.03.01,2,The Week in Chess 1373,1,2021.03.01,2445,,
78,RADNICKICHESS T2R-GM 2021,Belgrade SRB,2021.02.21,4.2,"Niemann, Hans Moke","Pranav, Anand",1/2-1/2,2381,D41,9,SRB,2021.02.19,9,tourn,132,Mark Crowther,2021.03.01,2,The Week in Chess 1373,1,2021.03.01,2525,,
79,RADNICKICHESS T2R-GM 2021,Belgrade SRB,2021.02.22,5.5,"Thybo, Jesper Sondergaard","Niemann, Hans Moke",1/2-1/2,2525,E00,9,SRB,2021.02.19,9,tourn,35,Mark Crowther,2021.03.01,2,The Week in Chess 1373,1,2021.03.01,2569,,
80,RADNICKICHESS T2R-GM 2021,Belgrade SRB,2021.02.23,6.1,"Utegaliyev, A.","Niemann, Hans Moke",1/2-1/2,2525,B24,9,SRB,2021.02.19,9,tourn,62,Mark Crowther,2021.03.01,2,The Week in Chess 1373,1,2021.03.01,2488,,
81,RADNICKICHESS T2R-GM 2021,Belgrade SRB,2021.02.24,7.5,"Niemann, Hans Moke","Travadon, Loic",0-1,2413,A15,9,SRB,2021.02.19,9,tourn,15,Mark Crowther,2021.03.01,2,The Week in Chess 1373,1,2021.03.01,2525,,
82,RADNICKICHESS T2R-GM 2021,Belgrade SRB,2021.02.24,8.2,"Rakotomaharo, Fy Antenaina","Niemann, Hans Moke",0-1,2525,E46,9,SRB,2021.02.19,9,tourn,32,Mark Crowther,2021.03.01,2,The Week in Chess 1373,1,2021.03.01,2422,,
83,RADNICKICHESS T2R-GM 2021,Belgrade SRB,2021.02.25,9.4,"Niemann, Hans Moke","Kotronias, V.",1-0,2522,E73,9,SRB,2021.02.19,9,tourn,23,Mark Crowther,2021.03.01,2,The Week in Chess 1373,1,2021.03.01,2525,,
84,Third Sat Mix 157 2021,Novi Sad SRB,2021.02.14,1.3,"Milosevic, Milos","Niemann, Hans Moke",0-1,2525,C24,,SRB,2021.02.14,10,swiss,73,Mark Crowther,2021.03.01,2,The Week in Chess 1373,1,2021.03.01,2322,,
85,Third Sat Mix 157 2021,Novi Sad SRB,2021.02.14,2.1,"Niemann, Hans Moke","Lajthajm, B.",1-0,2412,E33,,SRB,2021.02.14,10,swiss,75,Mark Crowther,2021.03.01,2,The Week in Chess 1373,1,2021.03.01,2525,,
86,Third Sat Mix 157 2021,Novi Sad SRB,2021.02.15,3.1,"Czebe, A.","Niemann, Hans Moke",0-1,2525,A06,,SRB,2021.02.14,10,swiss,74,Mark Crowther,2021.03.01,2,The Week in Chess 1373,1,2021.03.01,2367,,
87,Third Sat Mix 157 2021,Novi Sad SRB,2021.02.16,4.1,"Niemann, Hans Moke","Bryakin, M.",1/2-1/2,2434,E54,,SRB,2021.02.14,10,swiss,173,Mark Crowther,2021.03.01,2,The Week in Chess 1373,1,2021.03.01,2525,,
88,Third Sat Mix 157 2021,Novi Sad SRB,2021.02.16,5.1,"Sedlak, N.","Niemann, Hans Moke",0-1,2525,C44,,SRB,2021.02.14,10,swiss,101,Mark Crowther,2021.03.01,2,The Week in Chess 1373,1,2021.03.01,2542,,
89,Third Sat Mix 157 2021,Novi Sad SRB,2021.02.17,6.1,"Niemann, Hans Moke","Haldorsen, Benjamin",0-1,2458,B06,,SRB,2021.02.14,10,swiss,124,Mark Crowther,2021.03.01,2,The Week in Chess 1373,1,2021.03.01,2525,,
90,Third Sat Mix 157 2021,Novi Sad SRB,2021.02.17,7.1,"Niemann, Hans Moke","Petrov, N.",0-1,2570,E10,,SRB,2021.02.14,10,swiss,70,Mark Crowther,2021.03.01,2,The Week in Chess 1373,1,2021.03.01,2525,,
91,Third Sat Mix 157 2021,Novi Sad SRB,2021.02.18,8.3,"Kaasen, Tor Fredrik","Niemann, Hans Moke",1-0,2525,B01,,SRB,2021.02.14,10,swiss,49,Mark Crowther,2021.03.01,2,The Week in Chess 1373,1,2021.03.01,2381,,
92,Third Sat Mix 157 2021,Novi Sad SRB,2021.02.19,9.5,"Niemann, Hans Moke","Nikitenko, M.",0-1,2452,D17,,SRB,2021.02.14,10,swiss,126,Mark Crowther,2021.03.01,2,The Week in Chess 1373,1,2021.03.01,2525,,
93,1st Spring Weekend 2021,Bassano del Grappa ITA,2021.03.12,1.4,"Cassi, Elisa","Niemann, Hans Moke",0-1,2526,B92,,ITA,2021.03.12,5,swiss,76,Mark Crowther,2021.03.15,2,The Week in Chess 1375,1,2021.03.15,1966,,
94,1st Spring Weekend 2021,Bassano del Grappa ITA,2021.03.13,2.4,"Niemann, Hans Moke","Cacinschi, A.",1-0,2097,C00,,ITA,2021.03.12,5,swiss,91,Mark Crowther,2021.03.15,2,The Week in Chess 1375,1,2021.03.15,2526,,
95,1st Spring Weekend 2021,Bassano del Grappa ITA,2021.03.13,3.4,"Solomon, K.","Niemann, Hans Moke",0-1,2526,D43,,ITA,2021.03.12,5,swiss,76,Mark Crowther,2021.03.15,2,The Week in Chess 1375,1,2021.03.15,2357,,
96,1st Spring Weekend 2021,Bassano del Grappa ITA,2021.03.14,4.1,"Niemann, Hans Moke","Checa, Nicolas",0-1,2546,D06,,ITA,2021.03.12,5,swiss,64,Mark Crowther,2021.03.15,2,The Week in Chess 1375,1,2021.03.15,2526,,
97,1st Spring Weekend 2021,Bassano del Grappa ITA,2021.03.14,5.4,"Cappelletto, Joshuaede","Niemann, Hans Moke",0-1,2526,B33,,ITA,2021.03.12,5,swiss,63,Mark Crowther,2021.03.15,2,The Week in Chess 1375,1,2021.03.15,2126,,
98,First GM Mix Bassano 2021,Bassano del Grappa ITA,2021.03.17,1.1,"Niemann, Hans Moke","Baenziger, Fabian",1-0,2409,D43,,ITA,2021.03.17,9,swiss,91,Mark Crowther,2021.03.22,2,The Week in Chess 1376,1,2021.03.22,2526,,
99,First GM Mix Bassano 2021,Bassano del Grappa ITA,2021.03.17,2.1,"Sebenik, M.","Niemann, Hans Moke",1-0,2526,D30,,ITA,2021.03.17,9,swiss,81,Mark Crowther,2021.03.22,2,The Week in Chess 1376,1,2021.03.22,2481,,
100,First GM Mix Bassano 2021,Bassano del Grappa ITA,2021.03.18,3.3,"Niemann, Hans Moke","Subelj, Jan",1-0,2430,D37,,ITA,2021.03.17,9,swiss,63,Mark Crowther,2021.03.22,2,The Week in Chess 1376,1,2021.03.22,2526,,
101,First GM Mix Bassano 2021,Bassano del Grappa ITA,2021.03.18,4.3,"Sonis, Francesco","Niemann, Hans Moke",0-1,2526,D43,,ITA,2021.03.17,9,swiss,78,Mark Crowther,2021.03.22,2,The Week in Chess 1376,1,2021.03.22,2477,,
102,First GM Mix Bassano 2021,Bassano del Grappa ITA,2021.03.19,5.1,"Martin Duque, J.","Niemann, Hans Moke",0-1,2526,C88,,ITA,2021.03.17,9,swiss,56,Mark Crowther,2021.03.22,2,The Week in Chess 1376,1,2021.03.22,2454,,
103,First GM Mix Bassano 2021,Bassano del Grappa ITA,2021.03.19,6.1,"Niemann, Hans Moke","Bellahcene, B.",1/2-1/2,2517,A40,,ITA,2021.03.17,9,swiss,61,Mark Crowther,2021.03.22,2,The Week in Chess 1376,1,2021.03.22,2526,,
104,First GM Mix Bassano 2021,Bassano del Grappa ITA,2021.03.20,7.1,"Shetty, A.","Niemann, Hans Moke",1-0,2526,A13,,ITA,2021.03.17,9,swiss,91,Mark Crowther,2021.03.22,2,The Week in Chess 1376,1,2021.03.22,2447,,
105,First GM Mix Bassano 2021,Bassano del Grappa ITA,2021.03.20,8.4,"Niemann, Hans Moke","Kuhn, Clement",1-0,2278,E17,,ITA,2021.03.17,9,swiss,69,Mark Crowther,2021.03.22,2,The Week in Chess 1376,1,2021.03.22,2526,,
106,First GM Mix Bassano 2021,Bassano del Grappa ITA,2021.03.21,9.3,"Markoja, B.","Niemann, Hans Moke",1/2-1/2,2526,A13,,ITA,2021.03.17,9,swiss,36,Mark Crowther,2021.03.22,2,The Week in Chess 1376,1,2021.03.22,2439,,
107,2nd GM Mix Bassano 2021,Bassano del Grappa ITA,2021.03.24,1.6,"Niemann, Hans Moke","Pasini, Nicolo",1-0,2220,A56,,ITA,2021.03.24,9,swiss,59,Mark Crowther,2021.03.29,2,The Week in Chess 1377,1,2021.03.29,2526,,
108,2nd GM Mix Bassano 2021,Bassano del Grappa ITA,2021.03.24,2.5,"Martin Duque, J.","Niemann, Hans Moke",0-1,2526,A06,,ITA,2021.03.24,9,swiss,68,Mark Crowther,2021.03.29,2,The Week in Chess 1377,1,2021.03.29,2454,,
109,2nd GM Mix Bassano 2021,Bassano del Grappa ITA,2021.03.25,3.1,"Niemann, Hans Moke","Bernadskiy, V.",0-1,2599,A31,,ITA,2021.03.24,9,swiss,80,Mark Crowther,2021.03.29,2,The Week in Chess 1377,1,2021.03.29,2526,,
110,2nd GM Mix Bassano 2021,Bassano del Grappa ITA,2021.03.25,4.5,"Schreiner, Pe","Niemann, Hans Moke",1-0,2526,E00,,ITA,2021.03.24,9,swiss,105,Mark Crowther,2021.03.29,2,The Week in Chess 1377,1,2021.03.29,2445,,
111,2nd GM Mix Bassano 2021,Bassano del Grappa ITA,2021.03.26,5.6,"Niemann, Hans Moke","Deuer, Marius",1-0,2231,C95,,ITA,2021.03.24,9,swiss,55,Mark Crowther,2021.03.29,2,The Week in Chess 1377,1,2021.03.29,2526,,
112,2nd GM Mix Bassano 2021,Bassano del Grappa ITA,2021.03.26,6.6,"Diermair, A.","Niemann, Hans Moke",0-1,2526,A46,,ITA,2021.03.24,9,swiss,120,Mark Crowther,2021.03.29,2,The Week in Chess 1377,1,2021.03.29,2487,,
113,2nd GM Mix Bassano 2021,Bassano del Grappa ITA,2021.03.27,7.1,"Niemann, Hans Moke","Sonis, Francesco",1/2-1/2,2477,E10,,ITA,2021.03.24,9,swiss,132,Mark Crowther,2021.03.29,2,The Week in Chess 1377,1,2021.03.29,2526,,
114,2nd GM Mix Bassano 2021,Bassano del Grappa ITA,2021.03.27,8.4,"Moroni, L.","Niemann, Hans Moke",1-0,2526,D43,,ITA,2021.03.24,9,swiss,73,Mark Crowther,2021.03.29,2,The Week in Chess 1377,1,2021.03.29,2552,,
115,2nd GM Mix Bassano 2021,Bassano del Grappa ITA,2021.03.28,9.7,"Niemann, Hans Moke","Di Benedetto, Edoardo",0-1,2400,A45,,ITA,2021.03.24,9,swiss,117,Mark Crowther,2021.03.29,2,The Week in Chess 1377,1,2021.03.29,2526,,
116,1st Easter Bassano Open A,Bassano del Grappa ITA,2021.04.01,1.9,"Mameli, G.","Niemann, Hans Moke",0-1,2508,C28,,ITA,2021.04.01,9,swiss,58,Mark Crowther,2021.04.05,2,The Week in Chess 1378,1,2021.04.05,2066,,
117,1st Easter Bassano Open A,Bassano del Grappa ITA,2021.04.01,2.9,"Niemann, Hans Moke","Brinovec, David",1-0,2262,C65,,ITA,2021.04.01,9,swiss,135,Mark Crowther,2021.04.05,2,The Week in Chess 1378,1,2021.04.05,2508,,
118,1st Easter Bassano Open A,Bassano del Grappa ITA,2021.04.02,3.2,"Checa, Nicolas","Niemann, Hans Moke",0-1,2508,D38,,ITA,2021.04.01,9,swiss,58,Mark Crowther,2021.04.05,2,The Week in Chess 1378,1,2021.04.05,2562,,
119,1st Easter Bassano Open A,Bassano del Grappa ITA,2021.04.02,4.2,"Basso, Pier Luigi","Niemann, Hans Moke",1/2-1/2,2508,D14,,ITA,2021.04.01,9,swiss,23,Mark Crowther,2021.04.05,2,The Week in Chess 1378,1,2021.04.05,2552,,
120,1st Easter Bassano Open A,Bassano del Grappa ITA,2021.04.03,5.1,"Niemann, Hans Moke","Bernadskiy, V.",1/2-1/2,2603,E92,,ITA,2021.04.01,9,swiss,123,Mark Crowther,2021.04.05,2,The Week in Chess 1378,1,2021.04.05,2508,,
121,1st Easter Bassano Open A,Bassano del Grappa ITA,2021.04.03,6.3,"Dragnev, Valentin","Niemann, Hans Moke",1/2-1/2,2508,C89,,ITA,2021.04.01,9,swiss,101,Mark Crowther,2021.04.05,2,The Week in Chess 1378,1,2021.04.05,2559,,
122,1st Easter Bassano Open A,Bassano del Grappa ITA,2021.04.04,7.4,"Niemann, Hans Moke","Yu, Jennifer",1-0,2255,A21,,ITA,2021.04.01,9,swiss,55,Mark Crowther,2021.04.05,2,The Week in Chess 1378,1,2021.04.05,2508,,
123,1st Easter Bassano Open A,Bassano del Grappa ITA,2021.04.04,8.1,"Niemann, Hans Moke","Bjerre, Jonas Buhl",1/2-1/2,2550,E04,,ITA,2021.04.01,9,swiss,116,Mark Crowther,2021.04.05,2,The Week in Chess 1378,1,2021.04.05,2508,,
124,1st Easter Bassano Open A,Bassano del Grappa ITA,2021.04.05,9.2,"Shetty, A.","Niemann, Hans Moke",1-0,2508,A11,,ITA,2021.04.01,9,swiss,80,Mark Crowther,2021.04.05,2,The Week in Chess 1378,1,2021.04.05,2453,,
125,Third Sat Mix 200 2021,Novi Sad SRB,2021.04.08,2.4,"Niemann, Hans Moke","Popchev, M.",1-0,2229,A80,,SRB,2021.04.07,10,swiss,47,Mark Crowther,2021.04.12,2,The Week in Chess 1379,1,2021.04.12,2508,,
126,Third Sat Mix 200 2021,Novi Sad SRB,2021.04.08,3.3,"Drazic, S.","Niemann, Hans Moke",0-1,2508,B51,,SRB,2021.04.07,10,swiss,72,Mark Crowther,2021.04.12,2,The Week in Chess 1379,1,2021.04.12,2366,,
127,Third Sat Mix 200 2021,Novi Sad SRB,2021.04.09,4.2,"Niemann, Hans Moke","Fernandez, Dani",1/2-1/2,2465,E11,,SRB,2021.04.07,10,swiss,79,Mark Crowther,2021.04.12,2,The Week in Chess 1379,1,2021.04.12,2508,,
128,Third Sat Mix 200 2021,Novi Sad SRB,2021.04.09,5.1,"Gharibyan, Mamikon","Niemann, Hans Moke",1/2-1/2,2508,D38,,SRB,2021.04.07,10,swiss,170,Mark Crowther,2021.04.12,2,The Week in Chess 1379,1,2021.04.12,2455,,
129,Third Sat Mix 200 2021,Novi Sad SRB,2021.04.10,6.2,"Niemann, Hans Moke","Omorjan, Dejan",1-0,2329,A15,,SRB,2021.04.07,10,swiss,67,Mark Crowther,2021.04.12,2,The Week in Chess 1379,1,2021.04.12,2508,,
130,Third Sat Mix 200 2021,Novi Sad SRB,2021.04.11,7.1,"Peycheva, Gergana","Niemann, Hans Moke",0-1,2508,E35,,SRB,2021.04.07,10,swiss,78,Mark Crowther,2021.04.12,2,The Week in Chess 1379,1,2021.04.12,2229,,
131,Third Sat Mix 200 2021,Novi Sad SRB,2021.04.12,8.1,"Niemann, Hans Moke","Davtyan, Artur",1-0,2457,E04,,SRB,2021.04.07,10,swiss,71,Mark Crowther,2021.04.12,2,The Week in Chess 1379,1,2021.04.12,2508,,
132,Third Sat Mix 200 2021,Novi Sad SRB,2021.04.12,9.1,"Dardha, Daniel","Niemann, Hans Moke",1/2-1/2,2508,A20,,SRB,2021.04.07,10,swiss,51,Mark Crowther,2021.04.19,2,The Week in Chess 1380,1,2021.04.19,2516,,
133,Third Sat Mix 200 2021,Novi Sad SRB,2021.04.13,10.1,"Niemann, Hans Moke","Nikitenko, M.",1-0,2477,D17,,SRB,2021.04.07,10,swiss,127,Mark Crowther,2021.04.19,2,The Week in Chess 1380,1,2021.04.19,2508,,
134,Third Sat Mix 201 2021,Novi Sad SRB,2021.04.15,1.2,"Niemann, Hans Moke","Cvitan, Ena",1-0,2263,C02,,SRB,2021.04.15,10,swiss,61,Mark Crowther,2021.04.19,2,The Week in Chess 1380,1,2021.04.19,2508,,
135,Third Sat Mix 201 2021,Novi Sad SRB,2021.04.15,2.2,"Gharibyan, Mamikon","Niemann, Hans Moke",0-1,2508,E17,,SRB,2021.04.15,10,swiss,100,Mark Crowther,2021.04.19,2,The Week in Chess 1380,1,2021.04.19,2455,,
136,Niksic Mem 2021,Podgorica MNE,2021.04.23,1.4,"Girel, Joseph","Niemann, Hans Moke",0-1,2508,C77,,MNE,2021.04.23,9,swiss,106,Mark Crowther,2021.04.26,2,The Week in Chess 1381,1,2021.04.26,2310,,
137,Niksic Mem 2021,Podgorica MNE,2021.04.24,2.1,"Niemann, Hans Moke","Sanal, V.",1-0,2572,E60,,MNE,2021.04.23,9,swiss,77,Mark Crowther,2021.04.26,2,The Week in Chess 1381,1,2021.04.26,2508,,
138,Niksic Mem 2021,Podgorica MNE,2021.04.24,3.1,"Travadon, Loic","Niemann, Hans Moke",0-1,2508,E46,,MNE,2021.04.23,9,swiss,126,Mark Crowther,2021.04.26,2,The Week in Chess 1381,1,2021.04.26,2414,,
139,Niksic Mem 2021,Podgorica MNE,2021.04.25,4.1,"Niemann, Hans Moke","Suleymanli, Aydin",1/2-1/2,2520,B11,,MNE,2021.04.23,9,swiss,87,Mark Crowther,2021.04.26,2,The Week in Chess 1381,1,2021.04.26,2508,,
140,Vladimir Bato Kontic Mem,Niksic MNE,2021.04.16,1.7,"Nikac, P.","Niemann, Hans Moke",1/2-1/2,2508,C55,,MNE,2021.04.16,9,swiss,101,Mark Crowther,2021.04.26,2,The Week in Chess 1381,1,2021.04.26,2318,,
141,Vladimir Bato Kontic Mem,Niksic MNE,2021.04.17,2.6,"Niemann, Hans Moke","Potpara, N.",1/2-1/2,2370,E40,,MNE,2021.04.16,9,swiss,118,Mark Crowther,2021.04.26,2,The Week in Chess 1381,1,2021.04.26,2508,,
142,Vladimir Bato Kontic Mem,Niksic MNE,2021.04.18,3.4,"Niemann, Hans Moke","Nikcevic, N.",1-0,2393,D30,,MNE,2021.04.16,9,swiss,80,Mark Crowther,2021.04.26,2,The Week in Chess 1381,1,2021.04.26,2508,,
143,Vladimir Bato Kontic Mem,Niksic MNE,2021.04.18,4.2,"Bogosavljevic, B.","Niemann, Hans Moke",1/2-1/2,2508,A08,,MNE,2021.04.16,9,swiss,149,Mark Crowther,2021.04.26,2,The Week in Chess 1381,1,2021.04.26,2523,,
144,Vladimir Bato Kontic Mem,Niksic MNE,2021.04.19,5.2,"Niemann, Hans Moke","Sanal, V.",1-0,2572,A40,,MNE,2021.04.16,9,swiss,79,Mark Crowther,2021.04.26,2,The Week in Chess 1381,1,2021.04.26,2508,,
145,Vladimir Bato Kontic Mem,Niksic MNE,2021.04.20,6.1,"Suleymanli, Aydin","Niemann, Hans Moke",1/2-1/2,2508,D31,,MNE,2021.04.16,9,swiss,139,Mark Crowther,2021.04.26,2,The Week in Chess 1381,1,2021.04.26,2520,,
146,Vladimir Bato Kontic Mem,Niksic MNE,2021.04.20,7.2,"Niemann, Hans Moke","Kisic, B.",1-0,2263,D32,,MNE,2021.04.16,9,swiss,111,Mark Crowther,2021.04.26,2,The Week in Chess 1381,1,2021.04.26,2508,,
147,Vladimir Bato Kontic Mem,Niksic MNE,2021.04.21,8.2,"Draskovic, L.","Niemann, Hans Moke",1/2-1/2,2508,A23,,MNE,2021.04.16,9,swiss,80,Mark Crowther,2021.04.26,2,The Week in Chess 1381,1,2021.04.26,2472,,
148,Vladimir Bato Kontic Mem,Niksic MNE,2021.04.22,9.2,"Djukic, Ni","Niemann, Hans Moke",1/2-1/2,2508,C67,,MNE,2021.04.16,9,swiss,40,Mark Crowther,2021.04.26,2,The Week in Chess 1381,1,2021.04.26,2515,,
149,Niksic Mem 2021,Podgorica MNE,2021.04.26,5.2,"Draskovic, L.","Niemann, Hans Moke",0-1,2508,A36,,MNE,2021.04.23,9,swiss,118,Mark Crowther,2021.05.03,2,The Week in Chess 1382,1,2021.05.03,2472,,
150,Niksic Mem 2021,Podgorica MNE,2021.04.26,6.1,"Niemann, Hans Moke","Nikac, P.",1-0,2318,A80,,MNE,2021.04.23,9,swiss,59,Mark Crowther,2021.05.03,2,The Week in Chess 1382,1,2021.05.03,2508,,
151,Niksic Mem 2021,Podgorica MNE,2021.04.27,7.1,"Bogosavljevic, B.","Niemann, Hans Moke",1-0,2508,A15,,MNE,2021.04.23,9,swiss,97,Mark Crowther,2021.05.03,2,The Week in Chess 1382,1,2021.05.03,2523,,
152,Niksic Mem 2021,Podgorica MNE,2021.04.28,8.2,"Niemann, Hans Moke","Osmak, Iulija",1-0,2428,D20,,MNE,2021.04.23,9,swiss,133,Mark Crowther,2021.05.03,2,The Week in Chess 1382,1,2021.05.03,2508,,
153,Niksic Mem 2021,Podgorica MNE,2021.04.29,9.2,"Sukovic, Andrej","Niemann, Hans Moke",0-1,2508,C60,,MNE,2021.04.23,9,swiss,80,Mark Crowther,2021.05.03,2,The Week in Chess 1382,1,2021.05.03,2283,,
154,National Open 2021,Las Vegas USA,2021.06.16,1.10,"Niemann, Hans Moke","Oberoi, Shelev",1-0,2198,E73,,USA,2021.06.16,9,swiss,67,Mark Crowther,2021.06.21,2,The Week in Chess 1389,1,2021.06.21,2567,,
155,National Open 2021,Las Vegas USA,2021.06.17,2.6,"Colas, Joshua","Niemann, Hans Moke",0-1,2567,B14,,USA,2021.06.16,9,swiss,94,Mark Crowther,2021.06.21,2,The Week in Chess 1389,1,2021.06.21,2315,,
156,National Open 2021,Las Vegas USA,2021.06.17,3.5,"Niemann, Hans Moke","Wang, Justin",1/2-1/2,2447,E52,,USA,2021.06.16,9,swiss,145,Mark Crowther,2021.06.21,2,The Week in Chess 1389,1,2021.06.21,2567,,
157,National Open 2021,Las Vegas USA,2021.06.18,4.7,"Ostrovskiy, Al","Niemann, Hans Moke",0-1,2567,A13,,USA,2021.06.16,9,swiss,96,Mark Crowther,2021.06.21,2,The Week in Chess 1389,1,2021.06.21,2422,,
158,National Open 2021,Las Vegas USA,2021.06.18,5.4,"Niemann, Hans Moke","Shetty, A.",1-0,2461,D43,,USA,2021.06.16,9,swiss,97,Mark Crowther,2021.06.21,2,The Week in Chess 1389,1,2021.06.21,2567,,
159,National Open 2021,Las Vegas USA,2021.06.19,6.1,"Hakobyan, Aram","Niemann, Hans Moke",1/2-1/2,2567,D30,,USA,2021.06.16,9,swiss,85,Mark Crowther,2021.06.21,2,The Week in Chess 1389,1,2021.06.21,2598,,
160,National Open 2021,Las Vegas USA,2021.06.19,7.3,"Niemann, Hans Moke","Guo, Arthur",0-1,2359,E06,,USA,2021.06.16,9,swiss,60,Mark Crowther,2021.06.21,2,The Week in Chess 1389,1,2021.06.21,2567,,
161,National Open 2021,Las Vegas USA,2021.06.20,8.8,"Katz, Alexander","Niemann, Hans Moke",0-1,2567,C55,,USA,2021.06.16,9,swiss,68,Mark Crowther,2021.06.21,2,The Week in Chess 1389,1,2021.06.21,2398,,
162,National Open 2021,Las Vegas USA,2021.06.20,9.2,"Niemann, Hans Moke","Nyzhnyk, I.",0-1,2679,E73,,USA,2021.06.16,9,swiss,60,Mark Crowther,2021.06.21,2,The Week in Chess 1389,1,2021.06.21,2567,,
163,14th Philadelphia Int,Philadelphia USA,2021.06.26,1,"Niemann, Hans Moke","Tian, Eddy",1-0,2204,D30,,USA,2021.06.26,9,swiss,61,Mark Crowther,2021.06.28,2,The Week in Chess 1390,1,2021.06.28,2567,,
164,14th Philadelphia Int,Philadelphia USA,2021.06.26,2,"Bartell, T.","Niemann, Hans Moke",1/2-1/2,2567,A23,,USA,2021.06.26,9,swiss,75,Mark Crowther,2021.06.28,2,The Week in Chess 1390,1,2021.06.28,2363,,
165,14th Philadelphia Int,Philadelphia USA,2021.06.27,3,"Niemann, Hans Moke","Asaria, Danial",1-0,2318,D30,,USA,2021.06.26,9,swiss,67,Mark Crowther,2021.06.28,2,The Week in Chess 1390,1,2021.06.28,2567,,
166,14th Philadelphia Int,Philadelphia USA,2021.06.27,4,"Jacobson, Brandon","Niemann, Hans Moke",0-1,2567,A06,,USA,2021.06.26,9,swiss,66,Mark Crowther,2021.06.28,2,The Week in Chess 1390,1,2021.06.28,2491,,
167,49th Annual World Open,Philadelphia USA,2021.07.01,1,"Niemann, Hans Moke","Mahajan, Rushaan",1-0,2151,E47,,USA,2021.07.01,9,swiss,40,Mark Crowther,2021.07.05,2,The Week in Chess 1391,1,2021.07.05,2571,,
168,49th Annual World Open,Philadelphia USA,2021.07.02,2,"Morrison, W.","Niemann, Hans Moke",0-1,2571,B92,,USA,2021.07.01,9,swiss,86,Mark Crowther,2021.07.05,2,The Week in Chess 1391,1,2021.07.05,2278,,
169,49th Annual World Open,Philadelphia USA,2021.07.02,3,"Niemann, Hans Moke","Shlyakhtenko, Robert",1/2-1/2,2370,D32,,USA,2021.07.01,9,swiss,58,Mark Crowther,2021.07.05,2,The Week in Chess 1391,1,2021.07.05,2571,,
170,49th Annual World Open,Philadelphia USA,2021.07.03,4,"Sinha, Sahil","Niemann, Hans Moke",0-1,2571,E35,,USA,2021.07.01,9,swiss,100,Mark Crowther,2021.07.05,2,The Week in Chess 1391,1,2021.07.05,2361,,
171,49th Annual World Open,Philadelphia USA,2021.07.03,5,"Niemann, Hans Moke","Liang, Jason",1-0,2352,D52,,USA,2021.07.01,9,swiss,113,Mark Crowther,2021.07.05,2,The Week in Chess 1391,1,2021.07.05,2571,,
172,49th Annual World Open,Philadelphia USA,2021.07.04,7.1,"Niemann, Hans Moke","Gledura, B.",1-0,2629,D70,,USA,2021.07.01,9,swiss,41,Mark Crowther,2021.07.05,2,The Week in Chess 1391,1,2021.07.05,2571,,
173,14th Philadelphia Int,Philadelphia USA,2021.06.28,5.1,"Niemann, Hans Moke","Belous, V.",0-1,2520,B36,,USA,2021.06.26,9,swiss,128,Mark Crowther,2021.07.05,2,The Week in Chess 1391,1,2021.07.05,2567,,
174,14th Philadelphia Int,Philadelphia USA,2021.06.28,6.3,"Niemann, Hans Moke","Andriasian, Z.",1/2-1/2,2581,D17,,USA,2021.06.26,9,swiss,111,Mark Crowther,2021.07.05,2,The Week in Chess 1391,1,2021.07.05,2567,,
175,14th Philadelphia Int,Philadelphia USA,2021.06.29,7,"Guo, Arthur","Niemann, Hans Moke",0-1,2567,C77,,USA,2021.06.26,9,swiss,96,Mark Crowther,2021.07.05,2,The Week in Chess 1391,1,2021.07.05,2359,,
176,14th Philadelphia Int,Philadelphia USA,2021.06.30,9.2,"Niemann, Hans Moke","Cordova, E.",1-0,2590,E53,,USA,2021.06.26,9,swiss,115,Mark Crowther,2021.07.05,2,The Week in Chess 1391,1,2021.07.05,2567,,
177,49th Annual World Open,Philadelphia USA,2021.07.05,8,"Nyzhnyk, I.","Niemann, Hans Moke",1/2-1/2,2571,C85,,USA,2021.07.01,9,swiss,131,Mark Crowther,2021.07.12,2,The Week in Chess 1392,1,2021.07.12,2683,,
178,49th Annual World Open,Philadelphia USA,2021.07.05,9.1,"Niemann, Hans Moke",Zhou Jianchao,1/2-1/2,2603,A80,,USA,2021.07.01,9,swiss,95,Mark Crowther,2021.07.12,2,The Week in Chess 1392,1,2021.07.12,2571,,
179,ch-USA Junior 2021,Saint Louis USA,2021.07.16,1.5,"Brodsky, David","Niemann, Hans Moke",1/2-1/2,2571,C55,10,USA,2021.07.16,9,tourn,84,Mark Crowther,2021.07.19,2,The Week in Chess 1393,3,2021.07.20,2455,,
180,ch-USA Junior 2021,Saint Louis USA,2021.07.17,2.3,"Balakrishnan, Praveen","Niemann, Hans Moke",0-1,2571,C85,10,USA,2021.07.16,9,tourn,100,Mark Crowther,2021.07.19,2,The Week in Chess 1393,3,2021.07.20,2507,,
181,ch-USA Junior 2021,Saint Louis USA,2021.07.18,3.4,"Niemann, Hans Moke","Checa, Nicolas",1-0,2552,C11,10,USA,2021.07.16,9,tourn,59,Mark Crowther,2021.07.19,2,The Week in Chess 1393,3,2021.07.20,2571,,
182,ch-USA Junior 2021,Saint Louis USA,2021.07.19,4.3,"Hong, Andrew","Niemann, Hans Moke",0-1,2571,B12,10,USA,2021.07.16,9,tourn,88,Mark Crowther,2021.07.26,2,The Week in Chess 1394,3,2021.07.27,2474,,
183,ch-USA Junior 2021,Saint Louis USA,2021.07.20,5.4,"Niemann, Hans Moke","Burke, John M",1/2-1/2,2538,A15,10,USA,2021.07.16,9,tourn,64,Mark Crowther,2021.07.26,2,The Week in Chess 1394,3,2021.07.27,2571,,
184,ch-USA Junior 2021,Saint Louis USA,2021.07.22,6.3,"Li, Ben","Niemann, Hans Moke",0-1,2571,E12,10,USA,2021.07.16,9,tourn,68,Mark Crowther,2021.07.26,2,The Week in Chess 1394,3,2021.07.27,2376,,
185,ch-USA Junior 2021,Saint Louis USA,2021.07.23,7.3,"Niemann, Hans Moke","Wang, Justin",1/2-1/2,2467,A13,10,USA,2021.07.16,9,tourn,104,Mark Crowther,2021.07.26,2,The Week in Chess 1394,3,2021.07.27,2571,,
186,ch-USA Junior 2021,Saint Louis USA,2021.07.24,8.4,"Yoo, Christopher Woojin","Niemann, Hans Moke",1-0,2571,D90,10,USA,2021.07.16,9,tourn,107,Mark Crowther,2021.07.26,2,The Week in Chess 1394,3,2021.07.27,2479,,
187,ch-USA Junior 2021,Saint Louis USA,2021.07.25,9.4,"Niemann, Hans Moke","Jacobson, Brandon",1/2-1/2,2504,A20,10,USA,2021.07.16,9,tourn,141,Mark Crowther,2021.07.26,2,The Week in Chess 1394,3,2021.07.27,2571,,
188,121st US Open 2021,Cherry Hill USA,2021.07.31,1.5,"Ravid, Orren","Niemann, Hans Moke",0-1,2606,A22,,USA,2021.07.31,9,swiss,94,Mark Crowther,2021.08.10,2,The Week in Chess 1396,1,2021.08.10,,,
189,121st US Open 2021,Cherry Hill USA,2021.08.01,2.5,"Niemann, Hans Moke","Levin, Eric",1-0,,D37,,USA,2021.07.31,9,swiss,95,Mark Crowther,2021.08.10,2,The Week in Chess 1396,1,2021.08.10,2606,,
190,121st US Open 2021,Cherry Hill USA,2021.08.02,3.4,"Dong, Andy","Niemann, Hans Moke",0-1,2606,E34,,USA,2021.07.31,9,swiss,62,Mark Crowther,2021.08.10,2,The Week in Chess 1396,1,2021.08.10,1954,,
191,121st US Open 2021,Cherry Hill USA,2021.08.03,4.4,"Niemann, Hans Moke","Gorman, D.",1-0,2253,A13,,USA,2021.07.31,9,swiss,61,Mark Crowther,2021.08.10,2,The Week in Chess 1396,1,2021.08.10,2606,,
192,121st US Open 2021,Cherry Hill USA,2021.08.04,5.2,"Hungaski, R.","Niemann, Hans Moke",0-1,2606,C58,,USA,2021.07.31,9,swiss,82,Mark Crowther,2021.08.10,2,The Week in Chess 1396,1,2021.08.10,2514,,
193,121st US Open 2021,Cherry Hill USA,2021.08.06,7.1,"Lenderman, A.","Niemann, Hans Moke",1-0,2606,A45,,USA,2021.07.31,9,swiss,57,Mark Crowther,2021.08.10,2,The Week in Chess 1396,1,2021.08.10,2607,,
194,121st US Open 2021,Cherry Hill USA,2021.08.07,8.6,"Niemann, Hans Moke","Rosenthal, Nicholas",1-0,2137,D30,,USA,2021.07.31,9,swiss,59,Mark Crowther,2021.08.10,2,The Week in Chess 1396,1,2021.08.10,2606,,
195,121st US Open 2021,Cherry Hill USA,2021.08.08,9.2,"Niemann, Hans Moke","Liang, Awonder",1-0,2587,B12,,USA,2021.07.31,9,swiss,75,Mark Crowther,2021.08.10,2,The Week in Chess 1396,1,2021.08.10,2606,,
196,2nd Tras-os-Montes Open,Braganca POR,2021.08.19,1.2,"Monteiro, Paulo Alexandre G","Niemann, Hans Moke",0-1,2606,E43,,POR,2021.08.19,9,swiss,84,Mark Crowther,2021.08.23,2,The Week in Chess 1398,4,2021.08.26,1985,,
197,2nd Tras-os-Montes Open,Braganca POR,2021.08.20,2.2,"Niemann, Hans Moke","Rey Malde, H.",1/2-1/2,2257,E97,,POR,2021.08.19,9,swiss,94,Mark Crowther,2021.08.23,2,The Week in Chess 1398,4,2021.08.26,2606,,
198,2nd Tras-os-Montes Open,Braganca POR,2021.08.21,4.6,"Niemann, Hans Moke","Suarez Gomez, Julio",1/2-1/2,2449,C11,,POR,2021.08.19,9,swiss,150,Mark Crowther,2021.08.23,2,The Week in Chess 1398,4,2021.08.26,2606,,
199,2nd Tras-os-Montes Open,Braganca POR,2021.08.21,5.7,"Eugene, Floryan","Niemann, Hans Moke",1/2-1/2,2606,C55,,POR,2021.08.19,9,swiss,101,Mark Crowther,2021.08.23,2,The Week in Chess 1398,4,2021.08.26,2368,,
200,2nd Tras-os-Montes Open,Braganca POR,2021.08.22,7.4,"Niemann, Hans Moke","Storme, Isak",1-0,2398,A20,,POR,2021.08.19,9,swiss,76,Mark Crowther,2021.08.30,2,The Week in Chess 1399,2,2021.08.31,2606,,
201,2nd Tras-os-Montes Open,Braganca POR,2021.08.23,8.3,"Beerdsen, Thomas","Niemann, Hans Moke",1/2-1/2,2606,B11,,POR,2021.08.19,9,swiss,150,Mark Crowther,2021.08.30,2,The Week in Chess 1399,2,2021.08.31,2454,,
202,2nd Tras-os-Montes Open,Braganca POR,2021.08.24,9.3,"Niemann, Hans Moke","Veiga, Jose Francisco R P ",1-0,2389,E91,,POR,2021.08.19,9,swiss,115,Mark Crowther,2021.08.30,2,The Week in Chess 1399,2,2021.08.31,2606,,
203,Guimaraes Open 2021,Guimaraes POR,2021.08.24,1.2,"Garcia Hernandez, Angel","Niemann, Hans Moke",0-1,2606,A45,,POR,2021.08.24,9,swiss,38,Mark Crowther,2021.09.06,2,The Week in Chess 1400,1,2021.09.06,1843,,
204,Guimaraes Open 2021,Guimaraes POR,2021.08.25,3.1,"De Schampheleire, G.","Niemann, Hans Moke",0-1,2606,E04,,POR,2021.08.24,9,swiss,58,Mark Crowther,2021.09.06,2,The Week in Chess 1400,1,2021.09.06,2360,,
205,Guimaraes Open 2021,Guimaraes POR,2021.08.26,4.1,"Niemann, Hans Moke","Campora, D.",1-0,2401,A20,,POR,2021.08.24,9,swiss,89,Mark Crowther,2021.09.06,2,The Week in Chess 1400,1,2021.09.06,2606,,
206,Guimaraes Open 2021,Guimaraes POR,2021.08.26,5.1,"Galperin, Platon","Niemann, Hans Moke",1/2-1/2,2606,E19,,POR,2021.08.24,9,swiss,70,Mark Crowther,2021.09.06,2,The Week in Chess 1400,1,2021.09.06,2498,,
207,Guimaraes Open 2021,Guimaraes POR,2021.08.27,6.2,"Niemann, Hans Moke","Yankelevich, L.",1-0,2412,E97,,POR,2021.08.24,9,swiss,91,Mark Crowther,2021.09.06,2,The Week in Chess 1400,1,2021.09.06,2606,,
208,Guimaraes Open 2021,Guimaraes POR,2021.08.28,7.1,"Warmerdam, Max","Niemann, Hans Moke",1-0,2606,C65,,POR,2021.08.24,9,swiss,151,Mark Crowther,2021.09.06,2,The Week in Chess 1400,1,2021.09.06,2562,,
209,Guimaraes Open 2021,Guimaraes POR,2021.08.28,8.4,"Niemann, Hans Moke","Vlachos, Anatole",1-0,2443,E06,,POR,2021.08.24,9,swiss,89,Mark Crowther,2021.09.06,2,The Week in Chess 1400,1,2021.09.06,2606,,
210,Guimaraes Open 2021,Guimaraes POR,2021.08.29,9.2,"Erigaisi, Arjun","Niemann, Hans Moke",0-1,2606,C88,,POR,2021.08.24,9,swiss,182,Mark Crowther,2021.09.06,2,The Week in Chess 1400,1,2021.09.06,2597,,
211,TCh-SRB Premier 2021,Vrnjacka Banja SRB,2021.09.07,1.6,"Bicer, Atakan Mert","Niemann, Hans Moke",0-1,2609,B23,,SRB,2021.09.07,9,team,92,Mark Crowther,2021.09.13,2,The Week in Chess 1401,1,2021.09.13,2440,JUGOVIC - Kac,RADNICKI VODOVOD - Kragujevac
212,TCh-SRB Premier 2021,Vrnjacka Banja SRB,2021.09.08,2.1,"Indjic, A.","Niemann, Hans Moke",0-1,2609,D11,,SRB,2021.09.07,9,team,66,Mark Crowther,2021.09.13,2,The Week in Chess 1401,1,2021.09.13,2629,JUGOVIC - Kac,SLOVEN - Ruma
213,TCh-SRB Premier 2021,Vrnjacka Banja SRB,2021.09.09,3.6,"Niemann, Hans Moke","Cabarkapa, N.",1-0,2474,D02,,SRB,2021.09.07,9,team,73,Mark Crowther,2021.09.13,2,The Week in Chess 1401,1,2021.09.13,2609,SPARTAK - Subotica,JUGOVIC - Kac
214,TCh-SRB Premier 2021,Vrnjacka Banja SRB,2021.09.10,4.2,"Bernadskiy, V.","Niemann, Hans Moke",1-0,2609,D12,,SRB,2021.09.07,9,team,69,Mark Crowther,2021.09.13,2,The Week in Chess 1401,1,2021.09.13,2611,JUGOVIC - Kac,NAFTAGAS - Elemir
215,TCh-SRB Premier 2021,Vrnjacka Banja SRB,2021.09.11,5.5,"Niemann, Hans Moke","Ivic, Velimir",1/2-1/2,2603,E06,,SRB,2021.09.07,9,team,55,Mark Crowther,2021.09.13,2,The Week in Chess 1401,1,2021.09.13,2609,JELICA PEP - Goracici,JUGOVIC - Kac
216,TCh-SRB Premier 2021,Vrnjacka Banja SRB,2021.09.11,6.3,"Budisavljevic, Luka","Niemann, Hans Moke",0-1,2609,E46,,SRB,2021.09.07,9,team,118,Mark Crowther,2021.09.13,2,The Week in Chess 1401,1,2021.09.13,2509,JUGOVIC - Kac,POLITIKA - Beograd
217,TCh-SRB Premier 2021,Vrnjacka Banja SRB,2021.09.12,7.4,"Niemann, Hans Moke","Stojanovic, Da",1/2-1/2,2483,E94,,SRB,2021.09.07,9,team,86,Mark Crowther,2021.09.13,2,The Week in Chess 1401,1,2021.09.13,2609,VSK 2005 - Valjevo,JUGOVIC - Kac
218,4th Sharjah Masters 2021,Sharjah UAE,2021.09.17,1.6,"Naiditsch, A.","Niemann, Hans Moke",1/2-1/2,2609,C92,,UAE,2021.09.17,9,swiss,27,Mark Crowther,2021.09.20,2,The Week in Chess 1402,1,2021.09.20,2663,,
219,4th Sharjah Masters 2021,Sharjah UAE,2021.09.18,2.18,"Niemann, Hans Moke","Rios, Cr",1-0,2466,B30,,UAE,2021.09.17,9,swiss,89,Mark Crowther,2021.09.20,2,The Week in Chess 1402,1,2021.09.20,2609,,
220,4th Sharjah Masters 2021,Sharjah UAE,2021.09.19,3.6,"Salem, AR.","Niemann, Hans Moke",1-0,2609,D43,,UAE,2021.09.17,9,swiss,61,Mark Crowther,2021.09.20,2,The Week in Chess 1402,1,2021.09.20,2679,,
221,4th Sharjah Masters 2021,Sharjah UAE,2021.09.20,4.15,"Niemann, Hans Moke","Amin, B.",1-0,2704,E94,,UAE,2021.09.17,9,swiss,67,Mark Crowther,2021.09.20,2,The Week in Chess 1402,1,2021.09.20,2609,,
222,TCh-SRB Premier 2021,Vrnjacka Banja SRB,2021.09.13,8.4,"Draskovic, L.","Niemann, Hans Moke",1/2-1/2,2609,A28,,SRB,2021.09.07,9,team,88,Mark Crowther,2021.09.20,2,The Week in Chess 1402,1,2021.09.20,2470,JUGOVIC - Kac,MLADOST - Lucani
223,TCh-SRB Premier 2021,Vrnjacka Banja SRB,2021.09.14,9.3,"Niemann, Hans Moke","Damjanovic, Vuk",1-0,2395,E10,,SRB,2021.09.07,9,team,133,Mark Crowther,2021.09.20,2,The Week in Chess 1402,1,2021.09.20,2609,ITAKA - Beograd,JUGOVIC - Kac
224,TCh-SRB Premier 2021,Vrnjacka Banja SRB,2021.09.15,10.5,"Rakhmanov, Ale","Niemann, Hans Moke",1/2-1/2,2609,A08,,SRB,2021.09.07,9,team,70,Mark Crowther,2021.09.20,2,The Week in Chess 1402,1,2021.09.20,2661,JUGOVIC - Kac,VLADIMIRCI - Vladimirci
225,TCh-SRB Premier 2021,Vrnjacka Banja SRB,2021.09.16,11.2,"Niemann, Hans Moke","Sanal, V.",1/2-1/2,2561,D11,,SRB,2021.09.07,9,team,135,Mark Crowther,2021.09.20,2,The Week in Chess 1402,1,2021.09.20,2609,NOVOSADSKI SK - N.Sad,JUGOVIC - Kac
226,Junior U21 Round Table Op,Plovdiv BUL,2021.09.26,1.4,"Urh, Zala","Niemann, Hans Moke",0-1,2609,E17,,BUL,2021.09.26,9,swiss,92,Mark Crowther,2021.09.27,2,The Week in Chess 1403,2,2021.09.29,2234,,
227,4th Sharjah Masters 2021,Sharjah UAE,2021.09.21,5.8,"Niemann, Hans Moke","Nisipeanu, LD.",1/2-1/2,2657,D20,,UAE,2021.09.17,9,swiss,95,Mark Crowther,2021.09.27,2,The Week in Chess 1403,2,2021.09.29,2609,,
228,4th Sharjah Masters 2021,Sharjah UAE,2021.09.22,6.9,"Abdusattorov, Nodirbek","Niemann, Hans Moke",1-0,2609,A28,,UAE,2021.09.17,9,swiss,89,Mark Crowther,2021.09.27,2,The Week in Chess 1403,2,2021.09.29,2648,,
229,4th Sharjah Masters 2021,Sharjah UAE,2021.09.23,7.17,"Niemann, Hans Moke","Nikolov, Mo",1-0,2522,E11,,UAE,2021.09.17,9,swiss,71,Mark Crowther,2021.09.27,2,The Week in Chess 1403,2,2021.09.29,2609,,
230,4th Sharjah Masters 2021,Sharjah UAE,2021.09.24,8.13,"Harutyunian, T.","Niemann, Hans Moke",0-1,2609,D45,,UAE,2021.09.17,9,swiss,116,Mark Crowther,2021.09.27,2,The Week in Chess 1403,2,2021.09.29,2573,,
231,4th Sharjah Masters 2021,Sharjah UAE,2021.09.25,9.5,"Niemann, Hans Moke","Adhiban, Baskaran",1/2-1/2,2672,D85,,UAE,2021.09.17,9,swiss,106,Mark Crowther,2021.09.27,2,The Week in Chess 1403,2,2021.09.29,2609,,
232,Junior U21 Round Table Op,Plovdiv BUL,2021.09.27,2.3,"Niemann, Hans Moke","Papadiamandis, Elliot",1/2-1/2,2404,A15,,BUL,2021.09.26,9,swiss,128,Mark Crowther,2021.10.04,2,The Week in Chess 1404,1,2021.10.04,2609,,
233,Junior U21 Round Table Op,Plovdiv BUL,2021.09.28,3.7,"Bashirli, Nail","Niemann, Hans Moke",0-1,2609,B30,,BUL,2021.09.26,9,swiss,62,Mark Crowther,2021.10.04,2,The Week in Chess 1404,1,2021.10.04,2382,,
234,Junior U21 Round Table Op,Plovdiv BUL,2021.09.28,4.4,"Niemann, Hans Moke","Ioannidis, Ev",1/2-1/2,2445,E50,,BUL,2021.09.26,9,swiss,111,Mark Crowther,2021.10.04,2,The Week in Chess 1404,1,2021.10.04,2609,,
235,Junior U21 Round Table Op,Plovdiv BUL,2021.09.29,5.4,"Muradli, Mahammad","Niemann, Hans Moke",1/2-1/2,2609,A20,,BUL,2021.09.26,9,swiss,88,Mark Crowther,2021.10.04,2,The Week in Chess 1404,1,2021.10.04,2487,,
236,Junior U21 Round Table Op,Plovdiv BUL,2021.09.30,6.5,"Niemann, Hans Moke","Ochedzan, Tymon",1-0,2300,E91,,BUL,2021.09.26,9,swiss,71,Mark Crowther,2021.10.04,2,The Week in Chess 1404,1,2021.10.04,2609,,
237,Junior U21 Round Table Op,Plovdiv BUL,2021.10.01,7.2,"Puranik, A.","Niemann, Hans Moke",1/2-1/2,2609,A15,,BUL,2021.09.26,9,swiss,86,Mark Crowther,2021.10.04,2,The Week in Chess 1404,1,2021.10.04,2568,,
238,Junior U21 Round Table Op,Plovdiv BUL,2021.10.02,8.1,"Niemann, Hans Moke","Sarana, A.",1/2-1/2,2635,A21,,BUL,2021.09.26,9,swiss,138,Mark Crowther,2021.10.04,2,The Week in Chess 1404,1,2021.10.04,2609,,
239,Junior U21 Round Table Op,Plovdiv BUL,2021.10.03,9.4,"Petrov, Martin","Niemann, Hans Moke",1/2-1/2,2609,C50,,BUL,2021.09.26,9,swiss,91,Mark Crowther,2021.10.04,2,The Week in Chess 1404,1,2021.10.04,2533,,
240,FIDE Grand Swiss 2021,Riga LAT,2021.10.27,1.4,"Niemann, Hans Moke","Vachier Lagrave, M.",1/2-1/2,2763,A04,,LAT,2021.10.27,11,swiss,66,Mark Crowther,2021.11.01,2,The Week in Chess 1408,1,2021.11.01,2638,,
241,FIDE Grand Swiss 2021,Riga LAT,2021.10.28,2.11,"Aronian, L.","Niemann, Hans Moke",1-0,2638,C50,,LAT,2021.10.27,11,swiss,83,Mark Crowther,2021.11.01,2,The Week in Chess 1408,1,2021.11.01,2782,,
242,FIDE Grand Swiss 2021,Riga LAT,2021.10.29,3.48,"Niemann, Hans Moke","Nguyen, Thai Dai Van",1/2-1/2,2577,A05,,LAT,2021.10.27,11,swiss,151,Mark Crowther,2021.11.01,2,The Week in Chess 1408,1,2021.11.01,2638,,
243,FIDE Grand Swiss 2021,Riga LAT,2021.10.30,4.44,"Goryachkina, A.","Niemann, Hans Moke",1/2-1/2,2638,D45,,LAT,2021.10.27,11,swiss,89,Mark Crowther,2021.11.01,2,The Week in Chess 1408,1,2021.11.01,2602,,
244,FIDE Grand Swiss 2021,Riga LAT,2021.10.31,5.40,"Niemann, Hans Moke","Ter Sahakyan, S.",1/2-1/2,2607,E36,,LAT,2021.10.27,11,swiss,96,Mark Crowther,2021.11.01,2,The Week in Chess 1408,1,2021.11.01,2638,,
245,FIDE Grand Swiss 2021,Riga LAT,2021.11.01,6.41,"Bjerre, Jonas Buhl","Niemann, Hans Moke",0-1,2638,C84,,LAT,2021.10.27,11,swiss,114,Mark Crowther,2021.11.01,2,The Week in Chess 1408,1,2021.11.01,2569,,
246,FIDE Grand Swiss 2021,Riga LAT,2021.11.03,7.30,"Niemann, Hans Moke","Sindarov, Javokhir",1-0,2587,A15,,LAT,2021.10.27,11,swiss,79,Mark Crowther,2021.11.08,2,The Week in Chess 1409,2,2021.11.10,2638,,
247,FIDE Grand Swiss 2021,Riga LAT,2021.11.04,8.18,"Artemiev, V.","Niemann, Hans Moke",1/2-1/2,2638,D47,,LAT,2021.10.27,11,swiss,101,Mark Crowther,2021.11.08,2,The Week in Chess 1409,2,2021.11.10,2699,,
248,FIDE Grand Swiss 2021,Riga LAT,2021.11.05,9.20,"Wojtaszek, R.","Niemann, Hans Moke",1/2-1/2,2638,D47,,LAT,2021.10.27,11,swiss,61,Mark Crowther,2021.11.08,2,The Week in Chess 1409,2,2021.11.10,2691,,
249,FIDE Grand Swiss 2021,Riga LAT,2021.11.06,10.17,"Niemann, Hans Moke","Xiong, Jeffery",0-1,2700,D23,,LAT,2021.10.27,11,swiss,50,Mark Crowther,2021.11.08,2,The Week in Chess 1409,2,2021.11.10,2638,,
250,FIDE Grand Swiss 2021,Riga LAT,2021.11.07,11.33,"Sadhwani, Raunak","Niemann, Hans Moke",1/2-1/2,2638,C92,,LAT,2021.10.27,11,swiss,149,Mark Crowther,2021.11.08,2,The Week in Chess 1409,2,2021.11.10,2609,,
251,President of UZB Prizes,Tashkent UZB,2021.11.12,1.5,"Niemann, Hans Moke","Rakhmatullaev, Almas",1-0,2183,E10,,UZB,2021.11.12,10,swiss,79,Mark Crowther,2021.11.15,2,The Week in Chess 1410,2,2021.11.16,2635,,
252,President of UZB Prizes,Tashkent UZB,2021.11.13,2.5,"Koziak, V.","Niemann, Hans Moke",0-1,2635,B89,,UZB,2021.11.12,10,swiss,96,Mark Crowther,2021.11.15,2,The Week in Chess 1410,2,2021.11.16,2407,,
253,President of UZB Prizes,Tashkent UZB,2021.11.13,3.3,"Niemann, Hans Moke","Utegaliyev, A.",1/2-1/2,2488,A40,,UZB,2021.11.12,10,swiss,60,Mark Crowther,2021.11.15,2,The Week in Chess 1410,2,2021.11.16,2635,,
254,President of UZB Prizes,Tashkent UZB,2021.11.14,4.3,"Niemann, Hans Moke","Vokhidov, Shamsiddin",1-0,2521,E06,,UZB,2021.11.12,10,swiss,109,Mark Crowther,2021.11.15,2,The Week in Chess 1410,2,2021.11.16,2635,,
255,President of UZB Prizes,Tashkent UZB,2021.11.14,5.3,"Sindarov, Javokhir","Niemann, Hans Moke",1/2-1/2,2635,C50,,UZB,2021.11.12,10,swiss,33,Mark Crowther,2021.11.15,2,The Week in Chess 1410,2,2021.11.16,2587,,
256,President of UZB Prizes,Tashkent UZB,2021.11.15,6.3,"Bernadskiy, V.","Niemann, Hans Moke",1-0,2635,C28,,UZB,2021.11.12,10,swiss,115,Mark Crowther,2021.11.22,2,The Week in Chess 1411,1,2021.11.22,2592,,
257,President of UZB Prizes,Tashkent UZB,2021.11.16,7.8,"Niemann, Hans Moke","Dzhumaev, M.",1-0,2445,B07,,UZB,2021.11.12,10,swiss,55,Mark Crowther,2021.11.22,2,The Week in Chess 1411,1,2021.11.22,2635,,
258,President of UZB Prizes,Tashkent UZB,2021.11.16,8.4,"Niemann, Hans Moke","Vakhidov, J.",1-0,2557,D96,,UZB,2021.11.12,10,swiss,64,Mark Crowther,2021.11.22,2,The Week in Chess 1411,1,2021.11.22,2635,,
259,President of UZB Prizes,Tashkent UZB,2021.11.17,9.2,"Muradli, Mahammad","Niemann, Hans Moke",0-1,2635,D30,,UZB,2021.11.12,10,swiss,158,Mark Crowther,2021.11.22,2,The Week in Chess 1411,1,2021.11.22,2501,,
260,President of UZB Prizes,Tashkent UZB,2021.11.18,10.1,"Sjugirov, S.","Niemann, Hans Moke",1/2-1/2,2635,D52,,UZB,2021.11.12,10,swiss,58,Mark Crowther,2021.11.22,2,The Week in Chess 1411,1,2021.11.22,2663,,
261,8th Sunway Sitges 2021,Sitges ESP,2021.12.14,2.4,"Niemann, Hans Moke","Meister, P.",1-0,2359,B06,,ESP,2021.12.13,10,swiss,49,Mark Crowther,2021.12.20,2,The Week in Chess 1415,1,2021.12.20,2645,,
262,8th Sunway Sitges 2021,Sitges ESP,2021.12.15,3.3,"Ayats Llobera, Gerard","Niemann, Hans Moke",0-1,2645,C72,,ESP,2021.12.13,10,swiss,120,Mark Crowther,2021.12.20,2,The Week in Chess 1415,1,2021.12.20,2448,,
263,8th Sunway Sitges 2021,Sitges ESP,2021.12.16,4.3,"Niemann, Hans Moke","Van Foreest, Lucas",1/2-1/2,2530,D50,,ESP,2021.12.13,10,swiss,94,Mark Crowther,2021.12.20,2,The Week in Chess 1415,1,2021.12.20,2645,,
264,8th Sunway Sitges 2021,Sitges ESP,2021.12.17,5.4,"Sankalp, Gupta","Niemann, Hans Moke",0-1,2645,B62,,ESP,2021.12.13,10,swiss,149,Mark Crowther,2021.12.20,2,The Week in Chess 1415,1,2021.12.20,2504,,
265,8th Sunway Sitges 2021,Sitges ESP,2021.12.19,6.2,"Safarli, E.","Niemann, Hans Moke",1/2-1/2,2645,C88,,ESP,2021.12.13,10,swiss,99,Mark Crowther,2021.12.20,2,The Week in Chess 1415,1,2021.12.20,2579,,
266,8th Sunway Sitges 2021,Sitges ESP,2021.12.20,7.3,"Niemann, Hans Moke","Puranik, A.",0-1,2604,E60,,ESP,2021.12.13,10,swiss,76,Mark Crowther,2021.12.20,2,The Week in Chess 1415,1,2021.12.20,2645,,
267,8th Sunway Sitges 2021,Sitges ESP,2021.12.21,8.10,"Niemann, Hans Moke","Kurmann, O.",1-0,2466,E06,,ESP,2021.12.13,10,swiss,95,Mark Crowther,2021.12.27,2,The Week in Chess 1416,2,2021.12.29,2645,,
268,8th Sunway Sitges 2021,Sitges ESP,2021.12.22,9.7,"Kacharava, Nikolozi","Niemann, Hans Moke",1-0,2645,B62,,ESP,2021.12.13,10,swiss,57,Mark Crowther,2021.12.27,2,The Week in Chess 1416,2,2021.12.29,2469,,
269,8th Sunway Sitges 2021,Sitges ESP,2021.12.23,10.12,"Niemann, Hans Moke","Pranesh, M.",1-0,2437,D30,,ESP,2021.12.13,10,swiss,119,Mark Crowther,2021.12.27,2,The Week in Chess 1416,2,2021.12.29,2645,,
270,Vergani Cup Jan 2022,Cattolica ITA,2022.01.02,1.2,"Pulkkinen, K.","Niemann, Hans Moke",0-1,2645,B69,,ITA,2022.01.02,9,swiss,76,Mark Crowther,2022.01.10,2,The Week in Chess 1418,1,2022.01.10,2251,,
271,Vergani Cup Jan 2022,Cattolica ITA,2022.01.03,2.2,"Niemann, Hans Moke","Formento, P.",1-0,2382,C75,,ITA,2022.01.02,9,swiss,65,Mark Crowther,2022.01.10,2,The Week in Chess 1418,1,2022.01.10,2645,,
272,Vergani Cup Jan 2022,Cattolica ITA,2022.01.04,3.2,"Ioannidis, Ev","Niemann, Hans Moke",1-0,2645,D45,,ITA,2022.01.02,9,swiss,67,Mark Crowther,2022.01.10,2,The Week in Chess 1418,1,2022.01.10,2466,,
273,Vergani Cup Jan 2022,Cattolica ITA,2022.01.05,4.8,"Niemann, Hans Moke","Salimova, Nurgyul",1-0,2353,D30,,ITA,2022.01.02,9,swiss,97,Mark Crowther,2022.01.10,2,The Week in Chess 1418,1,2022.01.10,2645,,
274,Vergani Cup Jan 2022,Cattolica ITA,2022.01.05,5.5,"Prraneeth, Vuppala","Niemann, Hans Moke",1-0,2645,C84,,ITA,2022.01.02,9,swiss,71,Mark Crowther,2022.01.10,2,The Week in Chess 1418,1,2022.01.10,2417,,
275,Vergani Cup Jan 2022,Cattolica ITA,2022.01.06,6.9,"Niemann, Hans Moke","Siddharth, Jagadeesh",1-0,2344,D20,,ITA,2022.01.02,9,swiss,143,Mark Crowther,2022.01.10,2,The Week in Chess 1418,1,2022.01.10,2645,,
276,Vergani Cup Jan 2022,Cattolica ITA,2022.01.07,7.8,"Niemann, Hans Moke","Bharath, Subramaniyam H",1-0,2476,A04,,ITA,2022.01.02,9,swiss,49,Mark Crowther,2022.01.10,2,The Week in Chess 1418,1,2022.01.10,2645,,
277,Vergani Cup Jan 2022,Cattolica ITA,2022.01.08,8.4,"Pantzar, Milton","Niemann, Hans Moke",0-1,2645,A46,,ITA,2022.01.02,9,swiss,132,Mark Crowther,2022.01.10,2,The Week in Chess 1418,1,2022.01.10,2434,,
278,Vergani Cup Jan 2022,Cattolica ITA,2022.01.09,9.3,"Niemann, Hans Moke","Thybo, Jesper Sondergaard",1-0,2592,A16,,ITA,2022.01.02,9,swiss,125,Mark Crowther,2022.01.10,2,The Week in Chess 1418,1,2022.01.10,2645,,
279,St Louis Spring A,Saint Louis USA,2022.03.02,1.2,"Niemann, Hans Moke","Robson, R.",1/2-1/2,2676,A28,16,USA,2022.03.02,9,tourn,141,Mark Crowther,2022.03.07,2,The Week in Chess 1426,2,2022.03.08,2642,,
280,St Louis Spring A,Saint Louis USA,2022.03.03,2.5,"Nyzhnyk, I.","Niemann, Hans Moke",1/2-1/2,2642,A28,16,USA,2022.03.02,9,tourn,115,Mark Crowther,2022.03.07,2,The Week in Chess 1426,2,2022.03.08,2674,,
281,St Louis Spring A,Saint Louis USA,2022.03.04,3.1,"Niemann, Hans Moke","Sevian, Samuel",1/2-1/2,2684,C81,16,USA,2022.03.02,9,tourn,96,Mark Crowther,2022.03.07,2,The Week in Chess 1426,2,2022.03.08,2642,,
282,St Louis Spring A,Saint Louis USA,2022.03.05,4.5,"Niemann, Hans Moke","Lenderman, A.",1-0,2600,E10,16,USA,2022.03.02,9,tourn,147,Mark Crowther,2022.03.07,2,The Week in Chess 1426,2,2022.03.08,2642,,
283,St Louis Spring A,Saint Louis USA,2022.03.06,5.2,"Dragun, K.","Niemann, Hans Moke",1-0,2642,C47,16,USA,2022.03.02,9,tourn,164,Mark Crowther,2022.03.07,2,The Week in Chess 1426,2,2022.03.08,2590,,
284,St Louis Spring A,Saint Louis USA,2022.03.07,6.4,"Niemann, Hans Moke","Xiong, Jeffery",1/2-1/2,2686,B51,16,USA,2022.03.02,9,tourn,89,Mark Crowther,2022.03.07,2,The Week in Chess 1426,2,2022.03.08,2642,,
285,St Louis Spring A,Saint Louis USA,2022.03.08,7.3,"Antipov, M2.","Niemann, Hans Moke",0-1,2642,C50,16,USA,2022.03.02,9,tourn,88,Mark Crowther,2022.03.14,2,The Week in Chess 1427,1,2022.03.14,2615,,
286,St Louis Spring A,Saint Louis USA,2022.03.09,8.3,"Niemann, Hans Moke","Swiercz, D.",0-1,2656,C88,16,USA,2022.03.02,9,tourn,150,Mark Crowther,2022.03.14,2,The Week in Chess 1427,1,2022.03.14,2642,,
287,St Louis Spring A,Saint Louis USA,2022.03.10,9.4,"Hakobyan, Aram","Niemann, Hans Moke",1-0,2642,B51,16,USA,2022.03.02,9,tourn,91,Mark Crowther,2022.03.14,2,The Week in Chess 1427,1,2022.03.14,2601,,
288,Kvika Reykjavik Open 2022,Reykjavik ISL,2022.04.06,1.3,"Niemann, Hans Moke","Johansson, CF.",1-0,2221,B51,,ISL,2022.04.06,9,swiss,95,Mark Crowther,2022.04.11,2,The Week in Chess 1431,1,2022.04.11,2637,,
289,Kvika Reykjavik Open 2022,Reykjavik ISL,2022.04.07,2.3,"Sukandar, I.","Niemann, Hans Moke",0-1,2637,B23,,ISL,2022.04.06,9,swiss,74,Mark Crowther,2022.04.11,2,The Week in Chess 1431,1,2022.04.11,2386,,
290,Kvika Reykjavik Open 2022,Reykjavik ISL,2022.04.07,3.2,"Niemann, Hans Moke","Beerdsen, Thomas",1-0,2496,B51,,ISL,2022.04.06,9,swiss,59,Mark Crowther,2022.04.11,2,The Week in Chess 1431,1,2022.04.11,2637,,
291,Kvika Reykjavik Open 2022,Reykjavik ISL,2022.04.08,4.1,"Jarmula, L.","Niemann, Hans Moke",1-0,2637,C80,,ISL,2022.04.06,9,swiss,113,Mark Crowther,2022.04.11,2,The Week in Chess 1431,1,2022.04.11,2434,,
292,Kvika Reykjavik Open 2022,Reykjavik ISL,2022.04.09,5.4,"Niemann, Hans Moke","Gretarsson, Hj",1-0,2542,B47,,ISL,2022.04.06,9,swiss,73,Mark Crowther,2022.04.11,2,The Week in Chess 1431,1,2022.04.11,2637,,
293,Kvika Reykjavik Open 2022,Reykjavik ISL,2022.04.10,6.3,"Hjartarson, J.","Niemann, Hans Moke",1-0,2637,A20,,ISL,2022.04.06,9,swiss,53,Mark Crowther,2022.04.11,2,The Week in Chess 1431,1,2022.04.11,2465,,
294,Kvika Reykjavik Open 2022,Reykjavik ISL,2022.04.10,7.12,"Niemann, Hans Moke","Hedman, E.",1-0,2362,C41,,ISL,2022.04.06,9,swiss,71,Mark Crowther,2022.04.11,2,The Week in Chess 1431,1,2022.04.11,2637,,
295,Kvika Reykjavik Open 2022,Reykjavik ISL,2022.04.11,8.5,"Thorfinnsson, Br","Niemann, Hans Moke",1/2-1/2,2637,A04,,ISL,2022.04.06,9,swiss,119,Mark Crowther,2022.04.11,2,The Week in Chess 1431,1,2022.04.11,2419,,
296,Kvika Reykjavik Open 2022,Reykjavik ISL,2022.04.12,9.6,"Niemann, Hans Moke","Thorhallsson, T.",1-0,2422,A45,,ISL,2022.04.06,9,swiss,41,Mark Crowther,2022.04.18,2,The Week in Chess 1432,1,2022.04.18,2637,,
297,55th Capablanca Mem Elite,Havana CUB,2022.04.19,1.5,"Niemann, Hans Moke","Quesada Perez, Luis Ernesto",1/2-1/2,2519,C10,14,CUB,2022.04.19,9,tourn,199,Mark Crowther,2022.04.25,2,The Week in Chess 1433,1,2022.04.25,2637,,
298,55th Capablanca Mem Elite,Havana CUB,2022.04.20,2.2,"Ortiz Suarez, I.","Niemann, Hans Moke",0-1,2637,C77,14,CUB,2022.04.19,9,tourn,68,Mark Crowther,2022.04.25,2,The Week in Chess 1433,1,2022.04.25,2533,,
299,55th Capablanca Mem Elite,Havana CUB,2022.04.21,3.4,"Niemann, Hans Moke","Mareco, S.",1-0,2652,E36,14,CUB,2022.04.19,9,tourn,51,Mark Crowther,2022.04.25,2,The Week in Chess 1433,1,2022.04.25,2637,,
300,55th Capablanca Mem Elite,Havana CUB,2022.04.22,4.3,"Durarbayli, V.","Niemann, Hans Moke",1/2-1/2,2637,C65,14,CUB,2022.04.19,9,tourn,54,Mark Crowther,2022.04.25,2,The Week in Chess 1433,1,2022.04.25,2628,,
301,55th Capablanca Mem Elite,Havana CUB,2022.04.23,5.3,"Niemann, Hans Moke","Ganguly, S.",1-0,2609,A30,14,CUB,2022.04.19,9,tourn,179,Mark Crowther,2022.04.25,2,The Week in Chess 1433,1,2022.04.25,2637,,
302,55th Capablanca Mem Elite,Havana CUB,2022.04.25,6.4,"Quesada Perez, Ya","Niemann, Hans Moke",0-1,2637,A45,14,CUB,2022.04.19,9,tourn,106,Mark Crowther,2022.05.02,2,The Week in Chess 1434,2,2022.05.03,2579,,
303,55th Capablanca Mem Elite,Havana CUB,2022.04.26,7.2,"Niemann, Hans Moke","Albornoz Cabrera, Carlos Daniel",1-0,2574,B95,14,CUB,2022.04.19,9,tourn,109,Mark Crowther,2022.05.02,2,The Week in Chess 1434,2,2022.05.03,2637,,
304,55th Capablanca Mem Elite,Havana CUB,2022.04.27,8.5,"Almeida Quintana, O.","Niemann, Hans Moke",1/2-1/2,2637,E12,14,CUB,2022.04.19,9,tourn,55,Mark Crowther,2022.05.02,2,The Week in Chess 1434,2,2022.05.03,2536,,
305,55th Capablanca Mem Elite,Havana CUB,2022.04.28,9.1,"Niemann, Hans Moke","Yilmaz, M.",1-0,2626,B51,14,CUB,2022.04.19,9,tourn,77,Mark Crowther,2022.05.02,2,The Week in Chess 1434,2,2022.05.03,2637,,
306,27th Sigeman & Co 2022,Malmo SWE,2022.05.03,1.3,"Niemann, Hans Moke","Adams, Mi",1/2-1/2,2698,D36,18,SWE,2022.05.03,7,tourn,97,Mark Crowther,2022.05.09,2,The Week in Chess 1435,2,2022.05.09,2637,,
307,27th Sigeman & Co 2022,Malmo SWE,2022.05.04,2.3,"Navara, D.","Niemann, Hans Moke",1/2-1/2,2637,C50,18,SWE,2022.05.03,7,tourn,80,Mark Crowther,2022.05.09,2,The Week in Chess 1435,2,2022.05.09,2693,,
308,27th Sigeman & Co 2022,Malmo SWE,2022.05.05,3.2,"Niemann, Hans Moke","Erigaisi, Arjun",1-0,2675,D12,18,SWE,2022.05.03,7,tourn,135,Mark Crowther,2022.05.09,2,The Week in Chess 1435,2,2022.05.09,2637,,
309,27th Sigeman & Co 2022,Malmo SWE,2022.05.06,4.4,"Salem, AR.","Niemann, Hans Moke",0-1,2637,E54,18,SWE,2022.05.03,7,tourn,86,Mark Crowther,2022.05.09,2,The Week in Chess 1435,2,2022.05.09,2690,,
310,27th Sigeman & Co 2022,Malmo SWE,2022.05.07,5.1,"Niemann, Hans Moke","Shirov, A.",1-0,2693,D12,18,SWE,2022.05.03,7,tourn,117,Mark Crowther,2022.05.09,2,The Week in Chess 1435,2,2022.05.09,2637,,
311,27th Sigeman & Co 2022,Malmo SWE,2022.05.08,6.4,"Niemann, Hans Moke","Grandelius, N.",1/2-1/2,2656,D79,18,SWE,2022.05.03,7,tourn,76,Mark Crowther,2022.05.09,2,The Week in Chess 1435,2,2022.05.09,2637,,
312,27th Sigeman & Co 2022,Malmo SWE,2022.05.09,7.2,"Van Foreest, Jorden","Niemann, Hans Moke",1/2-1/2,2637,C50,18,SWE,2022.05.03,7,tourn,120,Mark Crowther,2022.05.09,2,The Week in Chess 1435,2,2022.05.09,2714,,
313,Bundesliga 2021-22,Muelheim GER,2022.05.14,7.3,"Fridman, D.","Niemann, Hans Moke",1/2-1/2,2642,E15,,GER,2022.03.05,15,team,104,Mark Crowther,2022.05.16,2,The Week in Chess 1436,2,2022.05.16,2628,SK Doppelbauer Turm Kiel,SV Muelheim Nord
314,Bundesliga 2021-22,Muelheim GER,2022.05.15,8.3,"Niemann, Hans Moke","Areshchenko, A.",1-0,2670,B51,,GER,2022.03.05,15,team,85,Mark Crowther,2022.05.16,2,The Week in Chess 1436,2,2022.05.16,2642,SV Werder Bremen,SK Doppelbauer Turm Kiel
315,5th Sharjah Masters 2022,Sharjah UAE,2022.05.21,1.10,"Van Foreest, Lucas","Niemann, Hans Moke",1-0,2656,D35,,UAE,2022.05.21,9,swiss,63,Mark Crowther,2022.05.23,2,The Week in Chess 1437,1,2022.05.23,2572,,
316,5th Sharjah Masters 2022,Sharjah UAE,2022.05.22,2.28,"Niemann, Hans Moke","Mammadzada, G.",1-0,2454,B94,,UAE,2022.05.21,9,swiss,97,Mark Crowther,2022.05.23,2,The Week in Chess 1437,1,2022.05.23,2656,,
317,5th Sharjah Masters 2022,Sharjah UAE,2022.05.23,3.19,"Vokhidov, Shamsiddin","Niemann, Hans Moke",1/2-1/2,2656,,,UAE,2022.05.21,9,swiss,73,Mark Crowther,2022.05.23,2,The Week in Chess 1437,1,2022.05.23,2536,,
318,5th Sharjah Masters 2022,Sharjah UAE,2022.05.24,4.19,"Niemann, Hans Moke","Moroni, L.",1-0,2581,D35,,UAE,2022.05.21,9,swiss,114,Mark Crowther,2022.05.30,2,The Week in Chess 1438,1,2022.05.30,2656,,
319,5th Sharjah Masters 2022,Sharjah UAE,2022.05.25,5.12,"Ganguly, S.","Niemann, Hans Moke",0-1,2656,C50,,UAE,2022.05.21,9,swiss,91,Mark Crowther,2022.05.30,2,The Week in Chess 1438,1,2022.05.30,2616,,
320,5th Sharjah Masters 2022,Sharjah UAE,2022.05.26,6.6,"Niemann, Hans Moke","Muradli, Mahammad",1-0,2539,D31,,UAE,2022.05.21,9,swiss,61,Mark Crowther,2022.05.30,2,The Week in Chess 1438,1,2022.05.30,2656,,
321,5th Sharjah Masters 2022,Sharjah UAE,2022.05.27,7.2,"Deac, Bogdan-Daniel","Niemann, Hans Moke",1/2-1/2,2656,C67,,UAE,2022.05.21,9,swiss,62,Mark Crowther,2022.05.30,2,The Week in Chess 1438,1,2022.05.30,2671,,
322,5th Sharjah Masters 2022,Sharjah UAE,2022.05.28,8.2,"Niemann, Hans Moke","Salem, AR.",0-1,2690,D97,,UAE,2022.05.21,9,swiss,102,Mark Crowther,2022.05.30,2,The Week in Chess 1438,1,2022.05.30,2656,,
323,5th Sharjah Masters 2022,Sharjah UAE,2022.05.29,9.8,"Ponkratov, P.","Niemann, Hans Moke",0-1,2656,B12,,UAE,2022.05.21,9,swiss,108,Mark Crowther,2022.05.30,2,The Week in Chess 1438,1,2022.05.30,2624,,
324,4th Prague Challengers,Prague CZE,2022.06.08,1.4,"Niemann, Hans Moke","Abdusattorov, Nodirbek",1/2-1/2,2661,E49,15,CZE,2022.06.08,9,tourn,98,Mark Crowther,2022.06.13,2,The Week in Chess 1440,1,2022.06.13,2678,,
325,4th Prague Challengers,Prague CZE,2022.06.09,2.4,"Stocek, J.","Niemann, Hans Moke",1-0,2678,E12,15,CZE,2022.06.08,9,tourn,51,Mark Crowther,2022.06.13,2,The Week in Chess 1440,1,2022.06.13,2541,,
326,4th Prague Challengers,Prague CZE,2022.06.10,3.5,"Niemann, Hans Moke","Warmerdam, Max",1-0,2613,D32,15,CZE,2022.06.08,9,tourn,95,Mark Crowther,2022.06.13,2,The Week in Chess 1440,1,2022.06.13,2678,,
327,4th Prague Challengers,Prague CZE,2022.06.11,4.1,"Keymer, Vincent","Niemann, Hans Moke",1/2-1/2,2678,D38,15,CZE,2022.06.08,9,tourn,119,Mark Crowther,2022.06.13,2,The Week in Chess 1440,1,2022.06.13,2675,,
328,4th Prague Challengers,Prague CZE,2022.06.13,5.2,"Niemann, Hans Moke","Sasikiran, K.",1-0,2635,A20,15,CZE,2022.06.08,9,tourn,71,Mark Crowther,2022.06.13,2,The Week in Chess 1440,1,2022.06.13,2678,,
329,4th Prague Challengers,Prague CZE,2022.06.14,6.2,"Pechac, Jergus","Niemann, Hans Moke",1/2-1/2,2678,E56,15,CZE,2022.06.08,9,tourn,60,Mark Crowther,2022.06.20,2,The Week in Chess 1441,1,2022.06.20,2598,,
330,4th Prague Challengers,Prague CZE,2022.06.15,7.3,"Niemann, Hans Moke","Hracek, Z.",1-0,2564,B98,15,CZE,2022.06.08,9,tourn,67,Mark Crowther,2022.06.20,2,The Week in Chess 1441,1,2022.06.20,2678,,
331,4th Prague Challengers,Prague CZE,2022.06.16,8.5,"Niemann, Hans Moke","Michalik, P.",1-0,2577,D37,15,CZE,2022.06.08,9,tourn,133,Mark Crowther,2022.06.20,2,The Week in Chess 1441,1,2022.06.20,2678,,
332,4th Prague Challengers,Prague CZE,2022.06.17,9.1,"Krzyzanowski, M.","Niemann, Hans Moke",0-1,2678,B10,15,CZE,2022.06.08,9,tourn,156,Mark Crowther,2022.06.20,2,The Week in Chess 1441,1,2022.06.20,2535,,
333,Stepan Avagyan Mem 2022,Jermuk ARM,2022.06.20,1.1,"Sargsyan, Shant","Niemann, Hans Moke",1/2-1/2,2678,E00,16,ARM,2022.06.20,9,tourn,57,Mark Crowther,2022.06.20,2,The Week in Chess 1441,1,2022.06.20,2648,,
334,Stepan Avagyan Mem 2022,Jermuk ARM,2022.06.21,2.1,"Niemann, Hans Moke","Tabatabaei, M.",1/2-1/2,2650,C67,16,ARM,2022.06.20,9,tourn,28,Mark Crowther,2022.06.27,2,The Week in Chess 1442,2,2022.06.28,2678,,
335,Stepan Avagyan Mem 2022,Jermuk ARM,2022.06.22,3.1,"Gharibyan, Mamikon","Niemann, Hans Moke",0-1,2678,E94,16,ARM,2022.06.20,9,tourn,84,Mark Crowther,2022.06.27,2,The Week in Chess 1442,2,2022.06.28,2487,,
336,Stepan Avagyan Mem 2022,Jermuk ARM,2022.06.23,4.1,"Niemann, Hans Moke","Ter Sahakyan, S.",0-1,2640,C42,16,ARM,2022.06.20,9,tourn,98,Mark Crowther,2022.06.27,2,The Week in Chess 1442,2,2022.06.28,2678,,
337,Stepan Avagyan Mem 2022,Jermuk ARM,2022.06.24,5.1,"Nihal, Sarin","Niemann, Hans Moke",1/2-1/2,2678,B13,16,ARM,2022.06.20,9,tourn,109,Mark Crowther,2022.06.27,2,The Week in Chess 1442,2,2022.06.28,2654,,
338,Stepan Avagyan Mem 2022,Jermuk ARM,2022.06.25,6.1,"Niemann, Hans Moke","Petrosyan, M.",1/2-1/2,2638,C55,16,ARM,2022.06.20,9,tourn,136,Mark Crowther,2022.06.27,2,The Week in Chess 1442,2,2022.06.28,2678,,
339,Stepan Avagyan Mem 2022,Jermuk ARM,2022.06.26,7.1,"Donchenko, Alexa","Niemann, Hans Moke",1-0,2678,E01,16,ARM,2022.06.20,9,tourn,62,Mark Crowther,2022.06.27,2,The Week in Chess 1442,2,2022.06.28,2602,,
340,Stepan Avagyan Mem 2022,Jermuk ARM,2022.06.27,8.1,"Niemann, Hans Moke","Martirosyan, Haik M.",1-0,2656,C53,16,ARM,2022.06.20,9,tourn,119,Mark Crowther,2022.06.27,2,The Week in Chess 1442,2,2022.06.28,2678,,
341,Stepan Avagyan Mem 2022,Jermuk ARM,2022.06.28,9.1,"Nguyen, Thai Dai Van","Niemann, Hans Moke",1/2-1/2,2678,E73,16,ARM,2022.06.20,9,tourn,64,Mark Crowther,2022.07.04,2,The Week in Chess 1443,1,2022.07.04,2610,,
342,Bundesliga 2021-22,Berlin GER,2022.07.07,11.8,"Keymer, Vincent","Niemann, Hans Moke",1/2-1/2,2642,A13,,GER,2022.03.05,15,,122,Mark Crowther,2022.07.11,2,The Week in Chess 1444,1,2022.07.11,2655,SK Doppelbauer Turm Kiel,Schachfreunde Deizisau
343,Bundesliga 2021-22,Berlin GER,2022.07.08,12.7,"Niemann, Hans Moke","Caruana, F.",0-1,2781,C53,,GER,2022.03.05,15,,154,Mark Crowther,2022.07.11,2,The Week in Chess 1444,1,2022.07.11,2642,OSG Baden-Baden,SK Doppelbauer Turm Kiel
344,Bundesliga 2021-22,Berlin GER,2022.07.09,13.1,"Grandelius, N.","Niemann, Hans Moke",1/2-1/2,2642,C84,,GER,2022.03.05,15,,117,Mark Crowther,2022.07.11,2,The Week in Chess 1444,1,2022.07.11,2663,SK Doppelbauer Turm Kiel,Hamburger SK
345,Bundesliga 2021-22,Berlin GER,2022.07.09,14.8,"Jones, G.","Niemann, Hans Moke",0-1,2642,C45,,GER,2022.03.05,15,,68,Mark Crowther,2022.07.11,2,The Week in Chess 1444,1,2022.07.11,2672,SK Doppelbauer Turm Kiel,Muenchener Schachclub 1836
346,Bundesliga 2021-22,Berlin GER,2022.07.10,15.8,"Niemann, Hans Moke","Huschenbeth, N.",1/2-1/2,2611,B90,,GER,2022.03.05,15,,164,Mark Crowther,2022.07.11,2,The Week in Chess 1444,1,2022.07.11,2642,FC Bayern Muenchen,SK Doppelbauer Turm Kiel
347,TCh-TUR Super League 2022,Ankara TUR,2022.08.24,9.6,"Niemann, Hans Moke","Sanal, V.",0-1,2570,D35,,TUR,2022.08.16,13,team,110,Mark Crowther,2022.08.29,2,The Week in Chess 1451,1,2022.08.29,2687,DENIZ SU AQUAMATCH SATRANC GENCLIK VE SP,BAYEGAN PENDIK SATRANC SPOR KULUBU
348,TCh-TUR Super League 2022,Ankara TUR,2022.08.24,10.1,"Kobalia, M.","Niemann, Hans Moke",0-1,2687,B31,,TUR,2022.08.16,13,team,66,Mark Crowther,2022.08.29,2,The Week in Chess 1451,1,2022.08.29,2578,BAYEGAN PENDIK SATRANC SPOR KULUBU,KARAMAN FUTBOL KULUBU
349,TCh-TUR Super League 2022,Ankara TUR,2022.08.25,11.5,"Niemann, Hans Moke","Maghsoodloo, Parham",1/2-1/2,2701,D38,,TUR,2022.08.16,13,team,196,Mark Crowther,2022.08.29,2,The Week in Chess 1451,1,2022.08.29,2687,GOKTURK SATRANC SPOR KULUBU,BAYEGAN PENDIK SATRANC SPOR KULUBU
350,TCh-TUR Super League 2022,Ankara TUR,2022.08.26,12.2,"Kuzubov, Y.","Niemann, Hans Moke",1/2-1/2,2687,D38,,TUR,2022.08.16,13,team,107,Mark Crowther,2022.08.29,2,The Week in Chess 1451,1,2022.08.29,2644,BAYEGAN PENDIK SATRANC SPOR KULUBU,TARSUS ZEKA SATRANC KULUBU
351,TCh-TUR Super League 2022,Ankara TUR,2022.08.27,13.4,"Niemann, Hans Moke","Idani, P.",1-0,2641,B51,,TUR,2022.08.16,13,team,91,Mark Crowther,2022.08.29,2,The Week in Chess 1451,1,2022.08.29,2687,HATAY BUYUKSEHIR BELEDIYESI GENCLIK SPOR,BAYEGAN PENDIK SATRANC SPOR KULUBU
352,9th Sinquefield Cup 2022,Saint Louis USA,2022.09.02,1.5,"Niemann, Hans Moke","Aronian, L.",1/2-1/2,2759,C67,21,USA,2022.09.02,9,tourn,100,Mark Crowther,2022.09.05,2,The Week in Chess 1452,2,2022.09.06,2688,,
353,9th Sinquefield Cup 2022,Saint Louis USA,2022.09.03,2.2,"Niemann, Hans Moke","Mamedyarov, S.",1-0,2757,A28,21,USA,2022.09.02,9,tourn,98,Mark Crowther,2022.09.05,2,The Week in Chess 1452,2,2022.09.06,2688,,
354,9th Sinquefield Cup 2022,Saint Louis USA,2022.09.04,3.1,"Carlsen, M.","Niemann, Hans Moke",0-1,2688,E20,21,USA,2022.09.02,9,tourn,113,Mark Crowther,2022.09.05,2,The Week in Chess 1452,2,2022.09.06,2861,,
355,9th Sinquefield Cup 2022,Saint Louis USA,2022.09.05,4.3,"Niemann, Hans Moke","Firouzja, Alireza",1/2-1/2,2778,C50,21,USA,2022.09.02,9,tourn,86,Mark Crowther,2022.09.05,2,The Week in Chess 1452,2,2022.09.06,2688,,
356,9th Sinquefield Cup 2022,Saint Louis USA,2022.09.06,5.1,"Dominguez Perez, L.","Niemann, Hans Moke",1/2-1/2,2688,C50,21,USA,2022.09.02,9,tourn,94,Mark Crowther,2022.09.12,2,The Week in Chess 1453,1,2022.09.12,2745,,
357,9th Sinquefield Cup 2022,Saint Louis USA,2022.09.08,6.2,"Niemann, Hans Moke","So, W.",0-1,2771,C42,21,USA,2022.09.02,9,tourn,118,Mark Crowther,2022.09.12,2,The Week in Chess 1453,1,2022.09.12,2688,,
358,9th Sinquefield Cup 2022,Saint Louis USA,2022.09.09,7.3,"Vachier Lagrave, M.","Niemann, Hans Moke",1/2-1/2,2688,A07,21,USA,2022.09.02,9,tourn,109,Mark Crowther,2022.09.12,2,The Week in Chess 1453,1,2022.09.12,2757,,
359,9th Sinquefield Cup 2022,Saint Louis USA,2022.09.10,8.1,"Niemann, Hans Moke","Caruana, F.",0-1,2758,A21,21,USA,2022.09.02,9,tourn,138,Mark Crowther,2022.09.12,2,The Week in Chess 1453,1,2022.09.12,2688,,
360,9th Sinquefield Cup 2022,Saint Louis USA,2022.09.11,9.3,"Nepomniachtchi, I.","Niemann, Hans Moke",1/2-1/2,2688,A21,21,USA,2022.09.02,9,tourn,108,Mark Crowther,2022.09.12,2,The Week in Chess 1453,1,2022.09.12,2792,,
